Tracking ID,Finding ID,Source,Title,Severity,Reported status,Observed revision,Batch,Outcome,Evidence,Verification,Reported paths,Report detected at,Candidate base,Current paths,Implementation,Blocker
F001,rf_wfr_7aa7c324463ab4530b9c41726e23e7be98c93870f86086eaf1734800123f1464:wfo_06960d3c2a0ba238dd2bfc3016560ffc95141f998980913a3bb0d03509a6103f:occ_000e886b7cb115f0038548d8,Full repository scan,Workbook editor role grants unbound access to every configured server query source,high,new,22d82876fd63fa253e51f9d4ffbbe5b288518409,2,Fixed,"Explicit source grants; physical SQLite read-only opening and PostgreSQL/MySQL read-only transactions; bounded JDBC/REST readers and transforms; normalized contained paths; unambiguous query identities, fixed session lifetimes and expired staging collection.",QueryExecutionServiceTest; QueryReadOnlyDialectIntegrationTest (live PostgreSQL 16/MySQL 8.4); SecurityRemediationTest,backend/src/main/java/com/xc/luckysheet/server/web/WorkbookController.java; backend/src/main/java/com/xc/luckysheet/server/service/QueryExecutionService.java; backend/src/main/java/com/xc/luckysheet/server/service/QueryExecutionService.java; backend/src/main/java/com/xc/luckysheet/server/config/QueryProperties.java; backend/src/main/java/com/xc/luckysheet/server/service/QueryExecutionService.java,2026-10-02T23:17:52.960850+00:00,22d82876fd63fa253e51f9d4ffbbe5b288518409,backend/src/main/java/com/xc/luckysheet/server/service/QueryExecutionService.java,Implemented,
F002,rf_wfr_7aa7c324463ab4530b9c41726e23e7be98c93870f86086eaf1734800123f1464:wfo_06960d3c2a0ba238dd2bfc3016560ffc95141f998980913a3bb0d03509a6103f:occ_5f49806b9f0d0ce96cad90dd,Full repository scan,Workbook copy clones the unprojected native document into an attacker-owned workbook,high,new,22d82876fd63fa253e51f9d4ffbbe5b288518409,1,Fixed,Verified actor/groups reach snapshot and raw-artifact access; restricted or stale artifacts rejected before copy writes; native upload bounded before buffering; active lifecycle and revision checks.,WorkbookCatalogServiceTest; RangeAccessAuthorizationIntegrationTest; WorkbookOperationServiceTest; WorkbookControllerAssetProjectionTest,backend/src/main/java/com/xc/luckysheet/server/service/WorkbookCatalogService.java; backend/src/main/java/com/xc/luckysheet/server/service/WorkbookCatalogService.java; backend/src/main/java/com/xc/luckysheet/server/web/WorkbookController.java,2026-10-02T23:17:52.960850+00:00,22d82876fd63fa253e51f9d4ffbbe5b288518409,backend/src/main/java/com/xc/luckysheet/server/service/WorkbookCatalogService.java,Implemented,
F003,rf_wfr_7aa7c324463ab4530b9c41726e23e7be98c93870f86086eaf1734800123f1464:wfo_06960d3c2a0ba238dd2bfc3016560ffc95141f998980913a3bb0d03509a6103f:occ_b68ddb20dede86e9695ebe51,Full repository scan,Workbook copy drops verified JWT groups and can expose group-hidden ranges,high,new,22d82876fd63fa253e51f9d4ffbbe5b288518409,1,Fixed,Verified actor/groups reach snapshot and raw-artifact access; restricted or stale artifacts rejected before copy writes; native upload bounded before buffering; active lifecycle and revision checks.,WorkbookCatalogServiceTest; RangeAccessAuthorizationIntegrationTest; WorkbookOperationServiceTest; WorkbookControllerAssetProjectionTest,backend/src/main/java/com/xc/luckysheet/server/web/WorkbookController.java; backend/src/main/java/com/xc/luckysheet/server/service/WorkbookCatalogService.java; backend/src/main/java/com/xc/luckysheet/server/service/WorkbookOperationService.java; backend/src/main/java/com/xc/luckysheet/server/service/RangeAccessResolver.java,2026-10-02T23:17:52.960850+00:00,22d82876fd63fa253e51f9d4ffbbe5b288518409,backend/src/main/java/com/xc/luckysheet/server/service/WorkbookCatalogService.java,Implemented,
F004,commit:80c99fa25b0081918745c3f88cfe3d79,Diff scan,Read-only query regression permits writes to JDBC sources,high,new,87c1e7ca3ce8da111dce1d5b699a7eb21247572a,2,Fixed,"Explicit source grants; physical SQLite read-only opening and PostgreSQL/MySQL read-only transactions; bounded JDBC/REST readers and transforms; normalized contained paths; unambiguous query identities, fixed session lifetimes and expired staging collection.",QueryExecutionServiceTest; QueryReadOnlyDialectIntegrationTest (live PostgreSQL 16/MySQL 8.4); SecurityRemediationTest,backend/src/main/java/com/xc/luckysheet/server/service/QueryExecutionService.java; backend/src/main/java/com/xc/luckysheet/server/service/QueryExecutionService.java; backend/src/main/java/com/xc/luckysheet/server/service/QueryExecutionService.java,2026-09-22T04:25:01.767957+00:00,22d82876fd63fa253e51f9d4ffbbe5b288518409,backend/src/main/java/com/xc/luckysheet/server/service/QueryExecutionService.java,Implemented,
F005,commit:e9e80b88ba008191bbd8404a6e0ad1ce,Diff scan,Abandoned import tasks allow persistent disk exhaustion,high,new,4b5c13324cf59424788462a55e220448c63d1c96,0,HistoricalRemoved,Reported legacy Rust/kernel/import-task/DOM/CI/trace path is absent from current runtime and callers; canonical React/TypeScript + Java 21 + H2 stack remains.,rg --files/source/caller review; check:stack; check:boundaries,backend/src/main/java/com/xc/luckysheet/server/web/NativeDocumentTaskController.java; backend/src/main/java/com/xc/luckysheet/server/service/NativeDocumentTaskService.java; backend/src/main/java/com/xc/luckysheet/server/service/NativeDocumentTaskService.java; backend/src/main/java/com/xc/luckysheet/server/service/NativeDocumentTaskService.java; backend/src/main/java/com/xc/luckysheet/server/service/NativeDocumentTaskService.java; backend/src/main/java/com/xc/luckysheet/server/persistence/NativeDocumentTaskEntityRepository.java,2026-09-08T11:03:26.227284+00:00,22d82876fd63fa253e51f9d4ffbbe5b288518409,backend/src/main/java/com/xc/luckysheet/server/web/NativeDocumentTaskController.java; backend/src/main/java/com/xc/luckysheet/server/service/NativeDocumentTaskService.java; backend/src/main/java/com/xc/luckysheet/server/service/NativeDocumentTaskService.java; backend/src/main/java/com/xc/luckysheet/server/service/NativeDocumentTaskService.java; backend/src/main/java/com/xc/luckysheet/server/service/NativeDocumentTaskService.java; backend/src/main/java/com/xc/luckysheet/server/persistence/NativeDocumentTaskEntityRepository.java,No change required,
F006,commit:83ff928d82c88191b5a7a2d3d7ff50a7,Diff scan,Client-controlled analytics budgets allow native-kernel DoS,high,new,6c8e63082915358a89721b73e2ba081d6bfb9d45,0,HistoricalRemoved,Reported legacy Rust/kernel/import-task/DOM/CI/trace path is absent from current runtime and callers; canonical React/TypeScript + Java 21 + H2 stack remains.,rg --files/source/caller review; check:stack; check:boundaries,backend/src/main/java/com/xc/luckysheet/server/service/QueryExecutionProofService.java; backend/src/main/java/com/xc/luckysheet/server/service/QueryExecutionService.java; backend/src/main/java/com/xc/luckysheet/server/service/QueryExecutionService.java; backend/src/main/java/com/xc/luckysheet/server/service/QueryExecutionService.java; kernel/analytics/src/task.rs; kernel/analytics/src/task.rs; kernel/analytics/src/query.rs,2026-09-08T11:00:04.880163+00:00,22d82876fd63fa253e51f9d4ffbbe5b288518409,backend/src/main/java/com/xc/luckysheet/server/service/QueryExecutionProofService.java; backend/src/main/java/com/xc/luckysheet/server/service/QueryExecutionService.java; backend/src/main/java/com/xc/luckysheet/server/service/QueryExecutionService.java; backend/src/main/java/com/xc/luckysheet/server/service/QueryExecutionService.java; kernel/analytics/src/task.rs; kernel/analytics/src/task.rs; kernel/analytics/src/query.rs,No change required,
F007,commit:5e4eb1aa6e1081919479a7b57ebcb310,Diff scan,Unbounded validation range scan enables CPU exhaustion,high,fixed,7c8c56c69776f070674159507174fd89f71a7489,regression,CurrentSafe,Reported path/callers reviewed against canonical implementation; no speculative rewrite of an already safe boundary.,Owning repository checks and source/caller review; see acceptance report and baseline comparison,backend/src/main/java/com/xc/luckysheet/server/mutation/CellWriteAuthority.java; backend/src/main/java/com/xc/luckysheet/server/mutation/MutationDescriptorRegistry.java; backend/src/main/java/com/xc/luckysheet/server/mutation/SheetRuleLifecycle.java; backend/src/main/java/com/xc/luckysheet/server/mutation/SheetDataMutationDescriptor.java; backend/src/main/java/com/xc/luckysheet/server/service/WorkbookOperationService.java,2026-08-27T13:43:41.171988+00:00,22d82876fd63fa253e51f9d4ffbbe5b288518409,backend/src/main/java/com/xc/luckysheet/server/mutation/CellWriteAuthority.java; backend/src/main/java/com/xc/luckysheet/server/mutation/MutationDescriptorRegistry.java; backend/src/main/java/com/xc/luckysheet/server/mutation/SheetRuleLifecycle.java; backend/src/main/java/com/xc/luckysheet/server/mutation/SheetDataMutationDescriptor.java; backend/src/main/java/com/xc/luckysheet/server/service/WorkbookOperationService.java,Existing boundary reviewed; shared regression changes may apply,
F008,commit:0b05c6cbd9e88191b289d5162bad4235,Diff scan,Workbook-table query loads bypass protected ranges,high,fixed,9d5c5f31e696effc70226c01f21d02b5c534c804,regression,Fixed,Resolve source/table targets on server; sorting keeps untouched-column protections stationary; review edits require object protection permission; derive copy/numeric/calendar/AutoFill plans rather than trusting client after-images and compute track coefficients once.,"MutationDescriptorRegistryTest; WorkbookDataBlockAuthorizationIntegrationTest; SecurityRemediationTest forged-fill/normal-copy/5000-seed quoted numeric format trend; FillPlannerContractTest 28 independent TS date/AutoFill plans, forged results and whole-axis references",backend/src/main/java/com/xc/luckysheet/server/contract/GeneratedWorkbookContract.java; backend/src/main/java/com/xc/luckysheet/server/mutation/QueryMutationDescriptor.java; backend/src/main/java/com/xc/luckysheet/server/mutation/QueryMutationDescriptor.java; backend/src/main/java/com/xc/luckysheet/server/mutation/QueryMutationDescriptor.java; backend/src/main/java/com/xc/luckysheet/server/mutation/QueryMutationDescriptor.java; backend/src/main/java/com/xc/luckysheet/server/mutation/MutationDescriptorRegistry.java,2026-08-26T15:43:58.969299+00:00,22d82876fd63fa253e51f9d4ffbbe5b288518409,backend/src/main/java/com/xc/luckysheet/server/mutation/MutationDescriptorRegistry.java; backend/src/main/java/com/xc/luckysheet/server/mutation/FillMutationDescriptor.java,Implemented,
F009,commit:22bb32f9702481919aea66687ddd242f,Diff scan,Editor asset deletion bypasses protections and revision history,high,new,283144c6864ffdd14b4e9e7dd26fd9a512642c31,1,Fixed,"Deletion derives references from current snapshot, every retained checkpoint and operation, under the workbook lock; client lists cannot discard live/undo assets; corrupt or trailing history JSON aborts.","WorkbookAssetRetentionTest: retained checkpoint, undo reference, empty client list, unused asset and corrupt history controls",backend/src/main/java/com/xc/luckysheet/server/service/WorkbookAssetService.java; backend/src/main/java/com/xc/luckysheet/server/web/WorkbookController.java; frontend-react/packages/spreadsheet-app/src/runtime.ts; backend/src/main/java/com/xc/luckysheet/server/mutation/DrawingMutationDescriptor.java,2026-08-26T15:34:56.023590+00:00,22d82876fd63fa253e51f9d4ffbbe5b288518409,backend/src/main/java/com/xc/luckysheet/server/service/WorkbookAssetService.java,Implemented,
F010,commit:9214ca2915388191aa7dd74647f76876,Diff scan,Sparse paste clear ranges enable CPU-exhaustion DoS,high,new,ac9da863d6b8f1dc8c5a816d4857b600cadc98c7,4,CurrentSafe,Reported path/callers reviewed against canonical implementation; no speculative rewrite of an already safe boundary.,Owning repository checks and source/caller review; see acceptance report and baseline comparison,backend/src/main/java/com/xc/luckysheet/server/mutation/MutationDescriptorRegistry.java; backend/src/main/java/com/xc/luckysheet/server/mutation/MutationDescriptorRegistry.java; backend/src/main/java/com/xc/luckysheet/server/mutation/SnapshotMutationSupport.java,2026-08-26T15:34:08.341117+00:00,22d82876fd63fa253e51f9d4ffbbe5b288518409,backend/src/main/java/com/xc/luckysheet/server/mutation/MutationDescriptorRegistry.java; backend/src/main/java/com/xc/luckysheet/server/mutation/MutationDescriptorRegistry.java; backend/src/main/java/com/xc/luckysheet/server/mutation/SnapshotMutationSupport.java,Existing boundary reviewed; shared regression changes may apply,
F011,commit:7d7077c11d58819183bdd6aa2849040f,Diff scan,Sort context integer overflow enables persistent backend DoS,high,fixed,1a3c3858a4502e8257a2950ae21aa2104b532817,regression,CurrentSafe,Reported path/callers reviewed against canonical implementation; no speculative rewrite of an already safe boundary.,Owning repository checks and source/caller review; see acceptance report and baseline comparison,backend/src/main/java/com/xc/luckysheet/server/contract/DataRegionContextValidator.java; backend/src/main/java/com/xc/luckysheet/server/contract/DataRegionContextValidator.java; backend/src/main/java/com/xc/luckysheet/server/mutation/StructuralMutationDescriptor.java; backend/src/main/java/com/xc/luckysheet/server/service/WorkbookOperationService.java,2026-08-26T15:33:15.070079+00:00,22d82876fd63fa253e51f9d4ffbbe5b288518409,backend/src/main/java/com/xc/luckysheet/server/contract/DataRegionContextValidator.java; backend/src/main/java/com/xc/luckysheet/server/contract/DataRegionContextValidator.java; backend/src/main/java/com/xc/luckysheet/server/mutation/StructuralMutationDescriptor.java; backend/src/main/java/com/xc/luckysheet/server/service/WorkbookOperationService.java,Existing boundary reviewed; shared regression changes may apply,
F012,commit:aeccc4c5dc508191bee2c0a08a88d594,Diff scan,Quadratic conditional-format reorder enables service DoS,high,new,af962f61e3ac3d46ac31589c69fa5084d215820e,4,CurrentSafe,Reported path/callers reviewed against canonical implementation; no speculative rewrite of an already safe boundary.,Owning repository checks and source/caller review; see acceptance report and baseline comparison,backend/src/main/java/com/xc/luckysheet/server/mutation/MutationDescriptorRegistry.java; backend/src/main/java/com/xc/luckysheet/server/mutation/ConditionalFormatMutationDescriptor.java; backend/src/main/java/com/xc/luckysheet/server/mutation/ConditionalFormatMutationDescriptor.java; contracts/workbook-contract.json,2026-08-26T14:36:59.460908+00:00,22d82876fd63fa253e51f9d4ffbbe5b288518409,backend/src/main/java/com/xc/luckysheet/server/mutation/MutationDescriptorRegistry.java; backend/src/main/java/com/xc/luckysheet/server/mutation/ConditionalFormatMutationDescriptor.java; backend/src/main/java/com/xc/luckysheet/server/mutation/ConditionalFormatMutationDescriptor.java; contracts/workbook-contract.json,Existing boundary reviewed; shared regression changes may apply,
F013,commit:e8cd110ceee88191ae78a1590372ced0,Diff scan,Quadratic range merging enables authenticated backend DoS,high,fixed,db4df8457bdb84191873aa1404b75fd8c41f4fcd,regression,CurrentSafe,Reported path/callers reviewed against canonical implementation; no speculative rewrite of an already safe boundary.,Owning repository checks and source/caller review; see acceptance report and baseline comparison,backend/src/main/java/com/xc/luckysheet/server/mutation/StructuralSnapshotReducer.java; backend/src/main/java/com/xc/luckysheet/server/mutation/StructuralSnapshotReducer.java; backend/src/main/java/com/xc/luckysheet/server/mutation/StructuralSnapshotReducer.java; backend/src/main/java/com/xc/luckysheet/server/mutation/StructuralSnapshotReducer.java,2026-08-25T22:11:20.398614+00:00,22d82876fd63fa253e51f9d4ffbbe5b288518409,backend/src/main/java/com/xc/luckysheet/server/mutation/StructuralSnapshotReducer.java; backend/src/main/java/com/xc/luckysheet/server/mutation/StructuralSnapshotReducer.java; backend/src/main/java/com/xc/luckysheet/server/mutation/StructuralSnapshotReducer.java; backend/src/main/java/com/xc/luckysheet/server/mutation/StructuralSnapshotReducer.java,Existing boundary reviewed; shared regression changes may apply,
F014,commit:c9a21b7dbbe88191bfe52fa8304efaa8,Diff scan,Repeated Pivot source canonicalization enables CPU exhaustion,high,fixed,93ef8fe81a5cb88842a8f674faed5f9abd54a6a1,regression,CurrentSafe,Reported path/callers reviewed against canonical implementation; no speculative rewrite of an already safe boundary.,Owning repository checks and source/caller review; see acceptance report and baseline comparison,backend/src/main/java/com/xc/luckysheet/server/contract/WorkbookSnapshotValidator.java; backend/src/main/java/com/xc/luckysheet/server/contract/WorkbookSnapshotValidator.java; backend/src/main/java/com/xc/luckysheet/server/web/WorkbookController.java,2026-08-25T19:56:44.114630+00:00,22d82876fd63fa253e51f9d4ffbbe5b288518409,backend/src/main/java/com/xc/luckysheet/server/contract/WorkbookSnapshotValidator.java; backend/src/main/java/com/xc/luckysheet/server/contract/WorkbookSnapshotValidator.java; backend/src/main/java/com/xc/luckysheet/server/web/WorkbookController.java,Existing boundary reviewed; shared regression changes may apply,
F015,commit:1f60990ddf6081919d03c30ff373cbc8,Diff scan,Million-entry pivot filters enable persistent resource exhaustion,high,fixed,887c10262266ee7794da84231d6f65f985ca6b26,regression,Fixed,"Canonical input preflight bounds text, dimensions, depth and nodes; validates fonts/editors/TableSheet/image/map/chart/Pivot contracts before commit/render; chart vectors/matrices and caches have explicit budgets, wrapping uses bounded measurement.",SecurityRemediationTest; test:security-remediation (5); focused Pivot/render (98); chart/find/canvas (50); test:cell-ui (9); real browser editor/cancel/reload,backend/src/main/java/com/xc/luckysheet/server/mutation/PivotMutationDescriptor.java; backend/src/main/java/com/xc/luckysheet/server/mutation/PivotMutationDescriptor.java; backend/src/main/java/com/xc/luckysheet/server/mutation/PivotMutationDescriptor.java; backend/src/main/java/com/xc/luckysheet/server/mutation/PivotMutationDescriptor.java; backend/src/main/java/com/xc/luckysheet/server/service/WorkbookOperationService.java,2026-08-25T19:39:33.834139+00:00,22d82876fd63fa253e51f9d4ffbbe5b288518409,frontend-react/packages/core-model/src/resource-budget.ts; backend/src/main/java/com/xc/luckysheet/server/contract/WorkbookSnapshotValidator.java,Implemented,
F016,commit:7553fdd039148191a418cb4aead12bb1,Diff scan,Pivot source validation can exhaust server heap,high,fixed,4044e714ccdb0f92d321270705fa4a5d5e32e4d5,regression,CurrentSafe,Reported path/callers reviewed against canonical implementation; no speculative rewrite of an already safe boundary.,Owning repository checks and source/caller review; see acceptance report and baseline comparison,backend/src/main/java/com/xc/luckysheet/server/mutation/PivotSourceResolver.java; backend/src/main/java/com/xc/luckysheet/server/mutation/PivotSourceResolver.java; backend/src/main/java/com/xc/luckysheet/server/mutation/PivotMutationDescriptor.java; backend/src/main/java/com/xc/luckysheet/server/mutation/PivotMutationDescriptor.java; backend/src/main/java/com/xc/luckysheet/server/mutation/PivotMutationDescriptor.java,2026-08-25T19:06:05.652309+00:00,22d82876fd63fa253e51f9d4ffbbe5b288518409,backend/src/main/java/com/xc/luckysheet/server/mutation/PivotSourceResolver.java; backend/src/main/java/com/xc/luckysheet/server/mutation/PivotSourceResolver.java; backend/src/main/java/com/xc/luckysheet/server/mutation/PivotMutationDescriptor.java; backend/src/main/java/com/xc/luckysheet/server/mutation/PivotMutationDescriptor.java; backend/src/main/java/com/xc/luckysheet/server/mutation/PivotMutationDescriptor.java,Existing boundary reviewed; shared regression changes may apply,
F017,commit:d8f92e3f86c081918ba3923527462289,Diff scan,Paste snapshots bypass protected-range authorization,high,fixed,649a9a467edb4ef1e91595ce680a3965a20c00ac,regression,CurrentSafe,Reported path/callers reviewed against canonical implementation; no speculative rewrite of an already safe boundary.,Owning repository checks and source/caller review; see acceptance report and baseline comparison,backend/src/main/java/com/xc/luckysheet/server/mutation/MutationDescriptorRegistry.java; backend/src/main/java/com/xc/luckysheet/server/mutation/MutationDescriptorRegistry.java; backend/src/main/java/com/xc/luckysheet/server/mutation/MutationDescriptorRegistry.java; backend/src/main/java/com/xc/luckysheet/server/mutation/MutationDescriptorRegistry.java,2026-08-25T07:28:49.709164+00:00,22d82876fd63fa253e51f9d4ffbbe5b288518409,backend/src/main/java/com/xc/luckysheet/server/mutation/MutationDescriptorRegistry.java; backend/src/main/java/com/xc/luckysheet/server/mutation/MutationDescriptorRegistry.java; backend/src/main/java/com/xc/luckysheet/server/mutation/MutationDescriptorRegistry.java; backend/src/main/java/com/xc/luckysheet/server/mutation/MutationDescriptorRegistry.java,Existing boundary reviewed; shared regression changes may apply,
F018,commit:9211b6f69f00819189a36057cba4f5d9,Diff scan,Data block uploads allow persistent storage exhaustion,high,fixed,6ded15f69a2341979cea19aad0946f95c2edac24,regression,Fixed,Bounded locks/operations/storage; revocation and expiry shared by handshake/inbound/outbound sockets; login account/IP/global limits; private bootstrap creation; sandboxed SVG response and protection-checked owned restores.,LocalAuthServiceTest; LocalAuthSessionLifetimeTest; WebSocketSessionRegistryTest; MutationDescriptorRegistryTest; SecurityRemediationTest; WorkbookDataBlockAuthorizationIntegrationTest,backend/src/main/java/com/xc/luckysheet/server/web/WorkbookController.java; backend/src/main/java/com/xc/luckysheet/server/service/WorkbookDataBlockService.java; backend/src/main/java/com/xc/luckysheet/server/store/WorkbookDataBlockStore.java,2026-08-24T12:13:20.433369+00:00,22d82876fd63fa253e51f9d4ffbbe5b288518409,backend/src/main/java/com/xc/luckysheet/server/service/WorkbookOperationService.java,Implemented,
F019,commit:bf40802e36908191b2ff4c9b699091ba,Diff scan,Row permutation bypasses protected ranges,high,fixed,ea2595f7bb996493c0a90883f22fc39614bbb883,regression,CurrentSafe,Reported path/callers reviewed against canonical implementation; no speculative rewrite of an already safe boundary.,Owning repository checks and source/caller review; see acceptance report and baseline comparison,backend/src/main/java/com/xc/luckysheet/server/mutation/MutationDescriptorRegistry.java; backend/src/main/java/com/xc/luckysheet/server/mutation/MutationDescriptorRegistry.java; backend/src/main/java/com/xc/luckysheet/server/mutation/StructuralMutationDescriptor.java; backend/src/main/java/com/xc/luckysheet/server/mutation/StructuralMutationDescriptor.java; backend/src/main/java/com/xc/luckysheet/server/mutation/StructuralSnapshotReducer.java; backend/src/main/java/com/xc/luckysheet/server/mutation/StructuralSnapshotReducer.java; backend/src/main/java/com/xc/luckysheet/server/mutation/StructuralSnapshotReducer.java,2026-08-24T11:57:42.353194+00:00,22d82876fd63fa253e51f9d4ffbbe5b288518409,backend/src/main/java/com/xc/luckysheet/server/mutation/MutationDescriptorRegistry.java; backend/src/main/java/com/xc/luckysheet/server/mutation/MutationDescriptorRegistry.java; backend/src/main/java/com/xc/luckysheet/server/mutation/StructuralMutationDescriptor.java; backend/src/main/java/com/xc/luckysheet/server/mutation/StructuralMutationDescriptor.java; backend/src/main/java/com/xc/luckysheet/server/mutation/StructuralSnapshotReducer.java; backend/src/main/java/com/xc/luckysheet/server/mutation/StructuralSnapshotReducer.java; backend/src/main/java/com/xc/luckysheet/server/mutation/StructuralSnapshotReducer.java,Existing boundary reviewed; shared regression changes may apply,
F020,rf_wfr_7aa7c324463ab4530b9c41726e23e7be98c93870f86086eaf1734800123f1464:wfo_06960d3c2a0ba238dd2bfc3016560ffc95141f998980913a3bb0d03509a6103f:occ_097e7fd665b602f69b2a541d,Full repository scan,Native artifact authorization loses protection for data deleted after the artifact revision,medium,new,22d82876fd63fa253e51f9d4ffbbe5b288518409,1,Fixed,Verified actor/groups reach snapshot and raw-artifact access; restricted or stale artifacts rejected before copy writes; native upload bounded before buffering; active lifecycle and revision checks.,WorkbookCatalogServiceTest; RangeAccessAuthorizationIntegrationTest; WorkbookOperationServiceTest; WorkbookControllerAssetProjectionTest,backend/src/main/java/com/xc/luckysheet/server/web/WorkbookController.java; backend/src/main/java/com/xc/luckysheet/server/service/WorkbookCatalogService.java; backend/src/main/java/com/xc/luckysheet/server/service/RangeAccessService.java; backend/src/main/java/com/xc/luckysheet/server/persistence/WorkbookSourceArtifactEntity.java,2026-10-02T23:17:52.960850+00:00,22d82876fd63fa253e51f9d4ffbbe5b288518409,backend/src/main/java/com/xc/luckysheet/server/service/WorkbookCatalogService.java,Implemented,
F021,rf_wfr_7aa7c324463ab4530b9c41726e23e7be98c93870f86086eaf1734800123f1464:wfo_06960d3c2a0ba238dd2bfc3016560ffc95141f998980913a3bb0d03509a6103f:occ_13774573011bbf00a26eaed1,Full repository scan,OOXML import ignores its XML-depth limit before recursive traversal,medium,new,22d82876fd63fa253e51f9d4ffbbe5b288518409,4,Blocked,Enforce parser limits before expansion/inflation/copying; claim CFB allocation sectors and aggregate stream budgets; escape even untouched CSV artifacts; typed native Pivot metadata and indexed filter/group mappings.,test:native-codecs (19); real uploaded CSV import/export/re-import (180 rows); desktop Excel gate separately Blocked,frontend-react/packages/exchange-excel-ooxml/src/import.ts; frontend-react/packages/exchange-excel-ooxml/src/ooxml.ts; frontend-react/packages/exchange-excel-ooxml/src/ooxml.ts; frontend-react/packages/exchange-excel-ooxml/src/xml.ts; frontend-react/packages/exchange-excel-ooxml/src/types.ts,2026-10-02T23:17:52.960850+00:00,22d82876fd63fa253e51f9d4ffbbe5b288518409,frontend-react/packages/exchange-excel-ooxml/src/native-codecs.ts; frontend-react/packages/exchange-excel-ooxml/src/binary-native.ts,Implemented; acceptance incomplete,Native/codecs or explicit contract migration implemented/reviewed; desktop Excel and an applicable real Excel-file corpus are unavailable. Generated codec fixtures and the real uploaded CSV do not establish desktop Excel fidelity.
F022,rf_wfr_7aa7c324463ab4530b9c41726e23e7be98c93870f86086eaf1734800123f1464:wfo_06960d3c2a0ba238dd2bfc3016560ffc95141f998980913a3bb0d03509a6103f:occ_1a7dadd913c0f2c46e3029df,Full repository scan,XML Spreadsheet sparse indices expand before the cell budget is checked,medium,new,22d82876fd63fa253e51f9d4ffbbe5b288518409,4,Blocked,Enforce parser limits before expansion/inflation/copying; claim CFB allocation sectors and aggregate stream budgets; escape even untouched CSV artifacts; typed native Pivot metadata and indexed filter/group mappings.,test:native-codecs (19); real uploaded CSV import/export/re-import (180 rows); desktop Excel gate separately Blocked,frontend-react/packages/exchange-excel-ooxml/src/native-codecs.ts,2026-10-02T23:17:52.960850+00:00,22d82876fd63fa253e51f9d4ffbbe5b288518409,frontend-react/packages/exchange-excel-ooxml/src/native-codecs.ts; frontend-react/packages/exchange-excel-ooxml/src/binary-native.ts,Implemented; acceptance incomplete,Native/codecs or explicit contract migration implemented/reviewed; desktop Excel and an applicable real Excel-file corpus are unavailable. Generated codec fixtures and the real uploaded CSV do not establish desktop Excel fidelity.
F023,rf_wfr_7aa7c324463ab4530b9c41726e23e7be98c93870f86086eaf1734800123f1464:wfo_06960d3c2a0ba238dd2bfc3016560ffc95141f998980913a3bb0d03509a6103f:occ_20c76da5a98b8b23a5c9b389,Full repository scan,Trashed workbooks remain readable through content-bearing routes,medium,new,22d82876fd63fa253e51f9d4ffbbe5b288518409,1,Fixed,Verified actor/groups reach snapshot and raw-artifact access; restricted or stale artifacts rejected before copy writes; native upload bounded before buffering; active lifecycle and revision checks.,WorkbookCatalogServiceTest; RangeAccessAuthorizationIntegrationTest; WorkbookOperationServiceTest; WorkbookControllerAssetProjectionTest,backend/src/main/java/com/xc/luckysheet/server/service/WorkbookCatalogService.java; backend/src/main/java/com/xc/luckysheet/server/service/WorkbookCatalogService.java; backend/src/main/java/com/xc/luckysheet/server/service/WorkbookOperationService.java; backend/src/main/java/com/xc/luckysheet/server/service/WorkbookOperationService.java; backend/src/main/java/com/xc/luckysheet/server/service/AccessControlService.java,2026-10-02T23:17:52.960850+00:00,22d82876fd63fa253e51f9d4ffbbe5b288518409,backend/src/main/java/com/xc/luckysheet/server/service/WorkbookCatalogService.java,Implemented,
F024,rf_wfr_7aa7c324463ab4530b9c41726e23e7be98c93870f86086eaf1734800123f1464:wfo_06960d3c2a0ba238dd2bfc3016560ffc95141f998980913a3bb0d03509a6103f:occ_3dd34e81a723753fd4f155fe,Full repository scan,JDBC result bytes are materialized before response and block limits,medium,new,22d82876fd63fa253e51f9d4ffbbe5b288518409,2,Fixed,"Explicit source grants; physical SQLite read-only opening and PostgreSQL/MySQL read-only transactions; bounded JDBC/REST readers and transforms; normalized contained paths; unambiguous query identities, fixed session lifetimes and expired staging collection.",QueryExecutionServiceTest; QueryReadOnlyDialectIntegrationTest (live PostgreSQL 16/MySQL 8.4); SecurityRemediationTest,backend/src/main/java/com/xc/luckysheet/server/service/QueryExecutionService.java; backend/src/main/java/com/xc/luckysheet/server/service/QueryExecutionService.java; backend/src/main/java/com/xc/luckysheet/server/service/QueryExecutionService.java; backend/src/main/java/com/xc/luckysheet/server/service/QueryExecutionService.java,2026-10-02T23:17:52.960850+00:00,22d82876fd63fa253e51f9d4ffbbe5b288518409,backend/src/main/java/com/xc/luckysheet/server/service/QueryExecutionService.java,Implemented,
F025,rf_wfr_7aa7c324463ab4530b9c41726e23e7be98c93870f86086eaf1734800123f1464:wfo_06960d3c2a0ba238dd2bfc3016560ffc95141f998980913a3bb0d03509a6103f:occ_40b6b89d87b508e6e6ae67a6,Full repository scan,REST response limits are checked only after the complete body is buffered and duplicated,medium,new,22d82876fd63fa253e51f9d4ffbbe5b288518409,2,Fixed,"Explicit source grants; physical SQLite read-only opening and PostgreSQL/MySQL read-only transactions; bounded JDBC/REST readers and transforms; normalized contained paths; unambiguous query identities, fixed session lifetimes and expired staging collection.",QueryExecutionServiceTest; QueryReadOnlyDialectIntegrationTest (live PostgreSQL 16/MySQL 8.4); SecurityRemediationTest,backend/src/main/java/com/xc/luckysheet/server/service/QueryExecutionService.java; backend/src/main/java/com/xc/luckysheet/server/config/QueryProperties.java,2026-10-02T23:17:52.960850+00:00,22d82876fd63fa253e51f9d4ffbbe5b288518409,backend/src/main/java/com/xc/luckysheet/server/service/QueryExecutionService.java,Implemented,
F026,rf_wfr_7aa7c324463ab4530b9c41726e23e7be98c93870f86086eaf1734800123f1464:wfo_06960d3c2a0ba238dd2bfc3016560ffc95141f998980913a3bb0d03509a6103f:occ_4a6014245248feb96492610a,Full repository scan,WebSocket event deduplication maps grow beyond their advertised cap,medium,new,22d82876fd63fa253e51f9d4ffbbe5b288518409,4,Fixed,Bounded locks/operations/storage; revocation and expiry shared by handshake/inbound/outbound sockets; login account/IP/global limits; private bootstrap creation; sandboxed SVG response and protection-checked owned restores.,LocalAuthServiceTest; LocalAuthSessionLifetimeTest; WebSocketSessionRegistryTest; MutationDescriptorRegistryTest; SecurityRemediationTest; WorkbookDataBlockAuthorizationIntegrationTest,backend/src/main/java/com/xc/luckysheet/server/coordination/EphemeralCoordinationService.java; backend/src/main/java/com/xc/luckysheet/server/coordination/WebSocketSessionRegistry.java; backend/src/main/java/com/xc/luckysheet/server/coordination/WebSocketSessionRegistry.java; backend/src/main/java/com/xc/luckysheet/server/ws/OperationWebSocketHandler.java,2026-10-02T23:17:52.960850+00:00,22d82876fd63fa253e51f9d4ffbbe5b288518409,backend/src/main/java/com/xc/luckysheet/server/service/WorkbookOperationService.java,Implemented,
F027,rf_wfr_7aa7c324463ab4530b9c41726e23e7be98c93870f86086eaf1734800123f1464:wfo_06960d3c2a0ba238dd2bfc3016560ffc95141f998980913a3bb0d03509a6103f:occ_5a53de3044e1e771a9f37a39,Full repository scan,Multiline SQL and side-effecting SELECT constructs bypass the read-only query policy,medium,new,22d82876fd63fa253e51f9d4ffbbe5b288518409,2,Fixed,"Explicit source grants; physical SQLite read-only opening and PostgreSQL/MySQL read-only transactions; bounded JDBC/REST readers and transforms; normalized contained paths; unambiguous query identities, fixed session lifetimes and expired staging collection.",QueryExecutionServiceTest; QueryReadOnlyDialectIntegrationTest (live PostgreSQL 16/MySQL 8.4); SecurityRemediationTest,backend/src/main/java/com/xc/luckysheet/server/service/QueryExecutionService.java; backend/src/main/java/com/xc/luckysheet/server/service/QueryExecutionService.java; backend/pom.xml,2026-10-02T23:17:52.960850+00:00,22d82876fd63fa253e51f9d4ffbbe5b288518409,backend/src/main/java/com/xc/luckysheet/server/service/QueryExecutionService.java,Implemented,
F028,rf_wfr_7aa7c324463ab4530b9c41726e23e7be98c93870f86086eaf1734800123f1464:wfo_06960d3c2a0ba238dd2bfc3016560ffc95141f998980913a3bb0d03509a6103f:occ_6f92d9c14ce1298fe81cbd8f,Full repository scan,Native artifact uploads are buffered before the 50 MiB limit is enforced,medium,new,22d82876fd63fa253e51f9d4ffbbe5b288518409,4,Fixed,Verified actor/groups reach snapshot and raw-artifact access; restricted or stale artifacts rejected before copy writes; native upload bounded before buffering; active lifecycle and revision checks.,WorkbookCatalogServiceTest; RangeAccessAuthorizationIntegrationTest; WorkbookOperationServiceTest; WorkbookControllerAssetProjectionTest,backend/src/main/java/com/xc/luckysheet/server/web/WorkbookController.java; backend/src/main/java/com/xc/luckysheet/server/service/WorkbookCatalogService.java; backend/src/main/resources/application.yml; backend/src/main/resources/application.yml,2026-10-02T23:17:52.960850+00:00,22d82876fd63fa253e51f9d4ffbbe5b288518409,backend/src/main/java/com/xc/luckysheet/server/service/WorkbookCatalogService.java,Implemented,
F029,rf_wfr_7aa7c324463ab4530b9c41726e23e7be98c93870f86086eaf1734800123f1464:wfo_06960d3c2a0ba238dd2bfc3016560ffc95141f998980913a3bb0d03509a6103f:occ_74cb4a8c41ba5202a46bf066,Full repository scan,Delimited-text parsing checks the cell budget only after allocating every field,medium,new,22d82876fd63fa253e51f9d4ffbbe5b288518409,4,Fixed,Enforce parser limits before expansion/inflation/copying; claim CFB allocation sectors and aggregate stream budgets; escape even untouched CSV artifacts; typed native Pivot metadata and indexed filter/group mappings.,test:native-codecs (19); real uploaded CSV import/export/re-import (180 rows); desktop Excel gate separately Blocked,frontend-react/packages/exchange-excel-ooxml/src/native-codecs.ts; frontend-react/packages/exchange-excel-ooxml/src/native-codecs.ts,2026-10-02T23:17:52.960850+00:00,22d82876fd63fa253e51f9d4ffbbe5b288518409,frontend-react/packages/exchange-excel-ooxml/src/native-codecs.ts; frontend-react/packages/exchange-excel-ooxml/src/binary-native.ts,Implemented,
F030,rf_wfr_7aa7c324463ab4530b9c41726e23e7be98c93870f86086eaf1734800123f1464:wfo_06960d3c2a0ba238dd2bfc3016560ffc95141f998980913a3bb0d03509a6103f:occ_75a7daf4cb0edc59608decec,Full repository scan,The local login endpoint permits unlimited online password guesses,medium,new,22d82876fd63fa253e51f9d4ffbbe5b288518409,3,Fixed,Bounded locks/operations/storage; revocation and expiry shared by handshake/inbound/outbound sockets; login account/IP/global limits; private bootstrap creation; sandboxed SVG response and protection-checked owned restores.,LocalAuthServiceTest; LocalAuthSessionLifetimeTest; WebSocketSessionRegistryTest; MutationDescriptorRegistryTest; SecurityRemediationTest; WorkbookDataBlockAuthorizationIntegrationTest,backend/src/main/java/com/xc/luckysheet/server/config/SecurityConfig.java; backend/src/main/java/com/xc/luckysheet/server/web/AuthController.java; backend/src/main/java/com/xc/luckysheet/server/service/LocalAuthService.java; backend/src/main/java/com/xc/luckysheet/server/config/SecurityConfig.java; backend/src/main/resources/application.yml,2026-10-02T23:17:52.960850+00:00,22d82876fd63fa253e51f9d4ffbbe5b288518409,backend/src/main/java/com/xc/luckysheet/server/service/WorkbookOperationService.java,Implemented,
F031,rf_wfr_7aa7c324463ab4530b9c41726e23e7be98c93870f86086eaf1734800123f1464:wfo_06960d3c2a0ba238dd2bfc3016560ffc95141f998980913a3bb0d03509a6103f:occ_7ff92f2b3f414c73374ac17c,Full repository scan,OOXML cell-count limits are declared but never enforced during import,medium,new,22d82876fd63fa253e51f9d4ffbbe5b288518409,4,Blocked,Enforce parser limits before expansion/inflation/copying; claim CFB allocation sectors and aggregate stream budgets; escape even untouched CSV artifacts; typed native Pivot metadata and indexed filter/group mappings.,test:native-codecs (19); real uploaded CSV import/export/re-import (180 rows); desktop Excel gate separately Blocked,frontend-react/packages/exchange-excel-ooxml/src/types.ts; frontend-react/packages/exchange-excel-ooxml/src/import.ts; frontend-react/packages/exchange-excel-ooxml/src/ooxml.ts; frontend-react/packages/exchange-excel-ooxml/src/ooxml.ts,2026-10-02T23:17:52.960850+00:00,22d82876fd63fa253e51f9d4ffbbe5b288518409,frontend-react/packages/exchange-excel-ooxml/src/native-codecs.ts; frontend-react/packages/exchange-excel-ooxml/src/binary-native.ts,Implemented; acceptance incomplete,Native/codecs or explicit contract migration implemented/reviewed; desktop Excel and an applicable real Excel-file corpus are unavailable. Generated codec fixtures and the real uploaded CSV do not establish desktop Excel fidelity.
F032,rf_wfr_7aa7c324463ab4530b9c41726e23e7be98c93870f86086eaf1734800123f1464:wfo_06960d3c2a0ba238dd2bfc3016560ffc95141f998980913a3bb0d03509a6103f:occ_81ad8cf7a16181e1b8bf89af,Full repository scan,ODS repeated-column counts expand before the cell budget is checked,medium,new,22d82876fd63fa253e51f9d4ffbbe5b288518409,4,Blocked,Enforce parser limits before expansion/inflation/copying; claim CFB allocation sectors and aggregate stream budgets; escape even untouched CSV artifacts; typed native Pivot metadata and indexed filter/group mappings.,test:native-codecs (19); real uploaded CSV import/export/re-import (180 rows); desktop Excel gate separately Blocked,frontend-react/packages/exchange-excel-ooxml/src/native-codecs.ts; frontend-react/packages/exchange-excel-ooxml/src/native-codecs.ts,2026-10-02T23:17:52.960850+00:00,22d82876fd63fa253e51f9d4ffbbe5b288518409,frontend-react/packages/exchange-excel-ooxml/src/native-codecs.ts; frontend-react/packages/exchange-excel-ooxml/src/binary-native.ts,Implemented; acceptance incomplete,Native/codecs or explicit contract migration implemented/reviewed; desktop Excel and an applicable real Excel-file corpus are unavailable. Generated codec fixtures and the real uploaded CSV do not establish desktop Excel fidelity.
F033,rf_wfr_7aa7c324463ab4530b9c41726e23e7be98c93870f86086eaf1734800123f1464:wfo_06960d3c2a0ba238dd2bfc3016560ffc95141f998980913a3bb0d03509a6103f:occ_a99da10d98ec1c002fa59874,Full repository scan,REST query paths can escape the configured base path while retaining server credentials,medium,new,22d82876fd63fa253e51f9d4ffbbe5b288518409,2,Fixed,"Explicit source grants; physical SQLite read-only opening and PostgreSQL/MySQL read-only transactions; bounded JDBC/REST readers and transforms; normalized contained paths; unambiguous query identities, fixed session lifetimes and expired staging collection.",QueryExecutionServiceTest; QueryReadOnlyDialectIntegrationTest (live PostgreSQL 16/MySQL 8.4); SecurityRemediationTest,backend/src/main/java/com/xc/luckysheet/server/service/QueryExecutionService.java; backend/src/main/java/com/xc/luckysheet/server/service/QueryExecutionService.java; backend/src/main/java/com/xc/luckysheet/server/config/QuerySource.java,2026-10-02T23:17:52.960850+00:00,22d82876fd63fa253e51f9d4ffbbe5b288518409,backend/src/main/java/com/xc/luckysheet/server/service/QueryExecutionService.java,Implemented,
F034,rf_wfr_7aa7c324463ab4530b9c41726e23e7be98c93870f86086eaf1734800123f1464:wfo_06960d3c2a0ba238dd2bfc3016560ffc95141f998980913a3bb0d03509a6103f:occ_b88a890e5af9e487c0856ced,Full repository scan,Range-restricted editors can replace the full native document artifact,medium,new,22d82876fd63fa253e51f9d4ffbbe5b288518409,1,Fixed,Verified actor/groups reach snapshot and raw-artifact access; restricted or stale artifacts rejected before copy writes; native upload bounded before buffering; active lifecycle and revision checks.,WorkbookCatalogServiceTest; RangeAccessAuthorizationIntegrationTest; WorkbookOperationServiceTest; WorkbookControllerAssetProjectionTest,backend/src/main/java/com/xc/luckysheet/server/web/WorkbookController.java; backend/src/main/java/com/xc/luckysheet/server/service/WorkbookCatalogService.java; backend/src/main/java/com/xc/luckysheet/server/web/WorkbookController.java,2026-10-02T23:17:52.960850+00:00,22d82876fd63fa253e51f9d4ffbbe5b288518409,backend/src/main/java/com/xc/luckysheet/server/service/WorkbookCatalogService.java,Implemented,
F035,rf_wfr_7aa7c324463ab4530b9c41726e23e7be98c93870f86086eaf1734800123f1464:wfo_06960d3c2a0ba238dd2bfc3016560ffc95141f998980913a3bb0d03509a6103f:occ_be1774403eed93cc773ca971,Full repository scan,A tracked bootstrap credential remains valid when the tracked local data pair is deployed,medium,new,22d82876fd63fa253e51f9d4ffbbe5b288518409,3,Blocked,Reported path/callers reviewed against canonical implementation; no speculative rewrite of an already safe boundary.,Owning repository checks and source/caller review; see acceptance report and baseline comparison,data/bootstrap-token; backend/src/main/resources/application.yml; backend/src/main/resources/application.yml; backend/src/main/java/com/xc/luckysheet/server/service/BootstrapCredentialStore.java; backend/src/main/java/com/xc/luckysheet/server/service/LocalAuthService.java; backend/src/main/java/com/xc/luckysheet/server/web/AuthController.java,2026-10-02T23:17:52.960850+00:00,22d82876fd63fa253e51f9d4ffbbe5b288518409,data/bootstrap-token; backend/src/main/resources/application.yml; backend/src/main/resources/application.yml; backend/src/main/java/com/xc/luckysheet/server/service/BootstrapCredentialStore.java; backend/src/main/java/com/xc/luckysheet/server/service/LocalAuthService.java; backend/src/main/java/com/xc/luckysheet/server/web/AuthController.java,Implemented; acceptance incomplete,Historical bootstrap credential and database removed from tracking; deployed copies and Git-history credentials require verified revocation.
F036,rf_wfr_7aa7c324463ab4530b9c41726e23e7be98c93870f86086eaf1734800123f1464:wfo_06960d3c2a0ba238dd2bfc3016560ffc95141f998980913a3bb0d03509a6103f:occ_bf15ffb90c07b4d546e07d51,Full repository scan,Asset deletion trusts editor-supplied identifiers instead of canonical references,medium,new,22d82876fd63fa253e51f9d4ffbbe5b288518409,1,Fixed,"Deletion derives references from current snapshot, every retained checkpoint and operation, under the workbook lock; client lists cannot discard live/undo assets; corrupt or trailing history JSON aborts.","WorkbookAssetRetentionTest: retained checkpoint, undo reference, empty client list, unused asset and corrupt history controls",backend/src/main/java/com/xc/luckysheet/server/web/WorkbookController.java; backend/src/main/java/com/xc/luckysheet/server/service/WorkbookAssetService.java; frontend-react/packages/spreadsheet-app/src/features/persistence/asset-store.ts,2026-10-02T23:17:52.960850+00:00,22d82876fd63fa253e51f9d4ffbbe5b288518409,backend/src/main/java/com/xc/luckysheet/server/service/WorkbookAssetService.java,Implemented,
F037,rf_wfr_7aa7c324463ab4530b9c41726e23e7be98c93870f86086eaf1734800123f1464:wfo_06960d3c2a0ba238dd2bfc3016560ffc95141f998980913a3bb0d03509a6103f:occ_c17ac0efe6c9232a9e698bd6,Full repository scan,Closed local-auth WebSockets are never removed from the revocation registry,medium,new,22d82876fd63fa253e51f9d4ffbbe5b288518409,3,Fixed,Bounded locks/operations/storage; revocation and expiry shared by handshake/inbound/outbound sockets; login account/IP/global limits; private bootstrap creation; sandboxed SVG response and protection-checked owned restores.,LocalAuthServiceTest; LocalAuthSessionLifetimeTest; WebSocketSessionRegistryTest; MutationDescriptorRegistryTest; SecurityRemediationTest; WorkbookDataBlockAuthorizationIntegrationTest,backend/src/main/java/com/xc/luckysheet/server/security/LocalAuthWebSocketHandlerDecoratorFactory.java; backend/src/main/java/com/xc/luckysheet/server/security/LocalAuthSessionRegistry.java; backend/src/main/java/com/xc/luckysheet/server/ws/OperationWebSocketHandler.java,2026-10-02T23:17:52.960850+00:00,22d82876fd63fa253e51f9d4ffbbe5b288518409,backend/src/main/java/com/xc/luckysheet/server/service/WorkbookOperationService.java,Implemented,
F038,rf_wfr_7aa7c324463ab4530b9c41726e23e7be98c93870f86086eaf1734800123f1464:wfo_06960d3c2a0ba238dd2bfc3016560ffc95141f998980913a3bb0d03509a6103f:occ_c1f6a50698c0fcc3408583b3,Full repository scan,Native-format detection inflates high-ratio ZIPs before ratio validation,medium,new,22d82876fd63fa253e51f9d4ffbbe5b288518409,4,Blocked,Enforce parser limits before expansion/inflation/copying; claim CFB allocation sectors and aggregate stream budgets; escape even untouched CSV artifacts; typed native Pivot metadata and indexed filter/group mappings.,test:native-codecs (19); real uploaded CSV import/export/re-import (180 rows); desktop Excel gate separately Blocked,frontend-react/packages/exchange-excel-ooxml/src/codec-registry.ts; frontend-react/packages/exchange-excel-ooxml/src/codec-registry.ts; frontend-react/packages/exchange-excel-ooxml/src/native-codecs.ts; frontend-react/packages/exchange-excel-ooxml/src/ooxml.ts,2026-10-02T23:17:52.960850+00:00,22d82876fd63fa253e51f9d4ffbbe5b288518409,frontend-react/packages/exchange-excel-ooxml/src/native-codecs.ts; frontend-react/packages/exchange-excel-ooxml/src/binary-native.ts,Implemented; acceptance incomplete,Native/codecs or explicit contract migration implemented/reviewed; desktop Excel and an applicable real Excel-file corpus are unavailable. Generated codec fixtures and the real uploaded CSV do not establish desktop Excel fidelity.
F039,rf_wfr_7aa7c324463ab4530b9c41726e23e7be98c93870f86086eaf1734800123f1464:wfo_06960d3c2a0ba238dd2bfc3016560ffc95141f998980913a3bb0d03509a6103f:occ_cd6d6d4c23053c1c027008dc,Full repository scan,Stored SVG assets are served as executable same-origin documents,medium,new,22d82876fd63fa253e51f9d4ffbbe5b288518409,3,Fixed,Bounded locks/operations/storage; revocation and expiry shared by handshake/inbound/outbound sockets; login account/IP/global limits; private bootstrap creation; sandboxed SVG response and protection-checked owned restores.,LocalAuthServiceTest; LocalAuthSessionLifetimeTest; WebSocketSessionRegistryTest; MutationDescriptorRegistryTest; SecurityRemediationTest; WorkbookDataBlockAuthorizationIntegrationTest,backend/src/main/java/com/xc/luckysheet/server/service/WorkbookAssetService.java; backend/src/main/java/com/xc/luckysheet/server/service/WorkbookAssetService.java; backend/src/main/java/com/xc/luckysheet/server/web/WorkbookController.java; backend/src/main/java/com/xc/luckysheet/server/config/SecurityConfig.java; backend/src/main/java/com/xc/luckysheet/server/web/AuthController.java,2026-10-02T23:17:52.960850+00:00,22d82876fd63fa253e51f9d4ffbbe5b288518409,backend/src/main/java/com/xc/luckysheet/server/service/WorkbookOperationService.java,Implemented,
F040,rf_wfr_7aa7c324463ab4530b9c41726e23e7be98c93870f86086eaf1734800123f1464:wfo_06960d3c2a0ba238dd2bfc3016560ffc95141f998980913a3bb0d03509a6103f:occ_d9f62e410afd16fce43d5112,Full repository scan,Successful query materialization leaves ownerless staging blocks until quota exhaustion,medium,new,22d82876fd63fa253e51f9d4ffbbe5b288518409,2,Fixed,"Explicit source grants; physical SQLite read-only opening and PostgreSQL/MySQL read-only transactions; bounded JDBC/REST readers and transforms; normalized contained paths; unambiguous query identities, fixed session lifetimes and expired staging collection.",QueryExecutionServiceTest; QueryReadOnlyDialectIntegrationTest (live PostgreSQL 16/MySQL 8.4); SecurityRemediationTest,backend/src/main/java/com/xc/luckysheet/server/service/QueryExecutionService.java; backend/src/main/java/com/xc/luckysheet/server/service/QueryExecutionService.java; backend/src/main/java/com/xc/luckysheet/server/persistence/DataBlockEntity.java; backend/src/main/java/com/xc/luckysheet/server/store/WorkbookDataBlockStore.java; frontend-react/packages/spreadsheet-app/src/workbook-session.ts,2026-10-02T23:17:52.960850+00:00,22d82876fd63fa253e51f9d4ffbbe5b288518409,backend/src/main/java/com/xc/luckysheet/server/service/QueryExecutionService.java,Implemented,
F041,rf_wfr_7aa7c324463ab4530b9c41726e23e7be98c93870f86086eaf1734800123f1464:wfo_06960d3c2a0ba238dd2bfc3016560ffc95141f998980913a3bb0d03509a6103f:occ_df34db9cb7f22b40dbd10080,Full repository scan,Query transformations can construct quadratic results before limits and continue after timeout,medium,new,22d82876fd63fa253e51f9d4ffbbe5b288518409,2,Fixed,"Explicit source grants; physical SQLite read-only opening and PostgreSQL/MySQL read-only transactions; bounded JDBC/REST readers and transforms; normalized contained paths; unambiguous query identities, fixed session lifetimes and expired staging collection.",QueryExecutionServiceTest; QueryReadOnlyDialectIntegrationTest (live PostgreSQL 16/MySQL 8.4); SecurityRemediationTest,backend/src/main/java/com/xc/luckysheet/server/service/QueryExecutionService.java; backend/src/main/java/com/xc/luckysheet/server/service/QueryExecutionService.java; backend/src/main/java/com/xc/luckysheet/server/service/QueryExecutionService.java; backend/src/main/java/com/xc/luckysheet/server/service/QueryExecutionService.java,2026-10-02T23:17:52.960850+00:00,22d82876fd63fa253e51f9d4ffbbe5b288518409,backend/src/main/java/com/xc/luckysheet/server/service/QueryExecutionService.java,Implemented,
F042,rf_wfr_7aa7c324463ab4530b9c41726e23e7be98c93870f86086eaf1734800123f1464:wfo_06960d3c2a0ba238dd2bfc3016560ffc95141f998980913a3bb0d03509a6103f:occ_e1faa41137b8d255ae72e719,Full repository scan,Workbook import permits heap and storage amplification through unbounded snapshot metadata,medium,new,22d82876fd63fa253e51f9d4ffbbe5b288518409,4,Blocked,Enforce parser limits before expansion/inflation/copying; claim CFB allocation sectors and aggregate stream budgets; escape even untouched CSV artifacts; typed native Pivot metadata and indexed filter/group mappings.,test:native-codecs (19); real uploaded CSV import/export/re-import (180 rows); desktop Excel gate separately Blocked,backend/src/main/java/com/xc/luckysheet/server/web/WorkbookImportController.java; backend/src/main/resources/application.yml; backend/src/main/java/com/xc/luckysheet/server/service/WorkbookCatalogService.java; backend/src/main/java/com/xc/luckysheet/server/service/WorkbookCatalogService.java; backend/src/main/java/com/xc/luckysheet/server/contract/WorkbookSnapshotValidator.java,2026-10-02T23:17:52.960850+00:00,22d82876fd63fa253e51f9d4ffbbe5b288518409,frontend-react/packages/exchange-excel-ooxml/src/native-codecs.ts; frontend-react/packages/exchange-excel-ooxml/src/binary-native.ts,Implemented; acceptance incomplete,Native/codecs or explicit contract migration implemented/reviewed; desktop Excel and an applicable real Excel-file corpus are unavailable. Generated codec fixtures and the real uploaded CSV do not establish desktop Excel fidelity.
F043,rf_wfr_7aa7c324463ab4530b9c41726e23e7be98c93870f86086eaf1734800123f1464:wfo_06960d3c2a0ba238dd2bfc3016560ffc95141f998980913a3bb0d03509a6103f:occ_e4cff371ebcb8a74d4aa18dd,Full repository scan,Local logout and HTTP-session expiry do not terminate established WebSockets,medium,new,22d82876fd63fa253e51f9d4ffbbe5b288518409,3,Fixed,Bounded locks/operations/storage; revocation and expiry shared by handshake/inbound/outbound sockets; login account/IP/global limits; private bootstrap creation; sandboxed SVG response and protection-checked owned restores.,LocalAuthServiceTest; LocalAuthSessionLifetimeTest; WebSocketSessionRegistryTest; MutationDescriptorRegistryTest; SecurityRemediationTest; WorkbookDataBlockAuthorizationIntegrationTest,backend/src/main/java/com/xc/luckysheet/server/web/AuthController.java; backend/src/main/java/com/xc/luckysheet/server/security/LocalAuthSessionRegistry.java; backend/src/main/java/com/xc/luckysheet/server/security/LocalAuthWebSocketHandlerDecoratorFactory.java; backend/src/main/java/com/xc/luckysheet/server/coordination/WebSocketSessionRegistry.java,2026-10-02T23:17:52.960850+00:00,22d82876fd63fa253e51f9d4ffbbe5b288518409,backend/src/main/java/com/xc/luckysheet/server/service/WorkbookOperationService.java,Implemented,
F044,rf_wfr_7aa7c324463ab4530b9c41726e23e7be98c93870f86086eaf1734800123f1464:wfo_06960d3c2a0ba238dd2bfc3016560ffc95141f998980913a3bb0d03509a6103f:occ_f6d97bd0663135d9a42f869b,Full repository scan,Established WebSockets remain authorized after JWT expiration,medium,new,22d82876fd63fa253e51f9d4ffbbe5b288518409,3,Fixed,Bounded locks/operations/storage; revocation and expiry shared by handshake/inbound/outbound sockets; login account/IP/global limits; private bootstrap creation; sandboxed SVG response and protection-checked owned restores.,LocalAuthServiceTest; LocalAuthSessionLifetimeTest; WebSocketSessionRegistryTest; MutationDescriptorRegistryTest; SecurityRemediationTest; WorkbookDataBlockAuthorizationIntegrationTest,backend/src/main/java/com/xc/luckysheet/server/security/WebSocketAuthenticationHandshakeHandler.java; backend/src/main/java/com/xc/luckysheet/server/ws/OperationWebSocketHandler.java; backend/src/main/java/com/xc/luckysheet/server/coordination/WebSocketSessionRegistry.java; backend/src/main/java/com/xc/luckysheet/server/coordination/WebSocketSessionRegistry.java,2026-10-02T23:17:52.960850+00:00,22d82876fd63fa253e51f9d4ffbbe5b288518409,backend/src/main/java/com/xc/luckysheet/server/service/WorkbookOperationService.java,Implemented,
F045,commit:388818b765e881918c7dae61fee94965,Diff scan,Query block planning can exhaust the server heap,medium,new,3ea0742cb462cd0bded99a6f5eba146ae5ab3f37,2,Fixed,"Explicit source grants; physical SQLite read-only opening and PostgreSQL/MySQL read-only transactions; bounded JDBC/REST readers and transforms; normalized contained paths; unambiguous query identities, fixed session lifetimes and expired staging collection.",QueryExecutionServiceTest; QueryReadOnlyDialectIntegrationTest (live PostgreSQL 16/MySQL 8.4); SecurityRemediationTest,backend/src/main/java/com/xc/luckysheet/server/service/QueryExecutionService.java; backend/src/main/java/com/xc/luckysheet/server/service/QueryExecutionService.java; backend/src/main/java/com/xc/luckysheet/server/service/QueryExecutionService.java; backend/src/main/java/com/xc/luckysheet/server/service/ColumnarBlockEncoder.java,2026-09-24T03:16:22.220347+00:00,22d82876fd63fa253e51f9d4ffbbe5b288518409,backend/src/main/java/com/xc/luckysheet/server/service/QueryExecutionService.java,Implemented,
F046,commit:78076631f074819185c3c7592f86d906,Diff scan,Block-session renewal enables global query-slot exhaustion,medium,new,7144df56e67b7c37a2c2330ac43d30a07f9a2a7c,2,Fixed,"Explicit source grants; physical SQLite read-only opening and PostgreSQL/MySQL read-only transactions; bounded JDBC/REST readers and transforms; normalized contained paths; unambiguous query identities, fixed session lifetimes and expired staging collection.",QueryExecutionServiceTest; QueryReadOnlyDialectIntegrationTest (live PostgreSQL 16/MySQL 8.4); SecurityRemediationTest,backend/src/main/java/com/xc/luckysheet/server/service/QueryExecutionService.java; backend/src/main/java/com/xc/luckysheet/server/service/QueryExecutionService.java; backend/src/main/java/com/xc/luckysheet/server/service/QueryExecutionService.java; backend/src/main/java/com/xc/luckysheet/server/service/QueryExecutionService.java,2026-09-22T13:49:05.530685+00:00,22d82876fd63fa253e51f9d4ffbbe5b288518409,backend/src/main/java/com/xc/luckysheet/server/service/QueryExecutionService.java,Implemented,
F047,commit:ea04555d94a481919a7811bd586bbf90,Diff scan,Unchecked split-column width enables backend memory exhaustion,medium,new,ed68eb4cec74ef7ddc8bb68d18a0babc0a45edd6,2,Fixed,"Explicit source grants; physical SQLite read-only opening and PostgreSQL/MySQL read-only transactions; bounded JDBC/REST readers and transforms; normalized contained paths; unambiguous query identities, fixed session lifetimes and expired staging collection.",QueryExecutionServiceTest; QueryReadOnlyDialectIntegrationTest (live PostgreSQL 16/MySQL 8.4); SecurityRemediationTest,backend/src/main/java/com/xc/luckysheet/server/service/QueryExecutionService.java; backend/src/main/java/com/xc/luckysheet/server/service/QueryExecutionService.java; backend/src/main/java/com/xc/luckysheet/server/service/QueryExecutionService.java,2026-09-22T06:32:30.275609+00:00,22d82876fd63fa253e51f9d4ffbbe5b288518409,backend/src/main/java/com/xc/luckysheet/server/service/QueryExecutionService.java,Implemented,
F048,commit:04a701960fa48191adda172472b989e3,Diff scan,Unbounded analysis chart projection can freeze viewers,medium,new,cdc5e6a4bef460c5096f236c20182ca556dc13d6,5,Fixed,"Canonical input preflight bounds text, dimensions, depth and nodes; validates fonts/editors/TableSheet/image/map/chart/Pivot contracts before commit/render; chart vectors/matrices and caches have explicit budgets, wrapping uses bounded measurement.",SecurityRemediationTest; test:security-remediation (5); focused Pivot/render (98); chart/find/canvas (50); test:cell-ui (9); real browser editor/cancel/reload,frontend-react/packages/spreadsheet-app/src/features/analysis/projection.ts; frontend-react/packages/spreadsheet-app/src/features/analysis/projection.ts; frontend-react/apps/web/src/components/canvas/drawing-renderers.ts; frontend-react/apps/web/src/components/SheetCanvas.tsx; backend/src/main/java/com/xc/luckysheet/server/mutation/SnapshotMutationSupport.java; backend/src/main/java/com/xc/luckysheet/server/mutation/AnalysisViewMutationDescriptor.java,2026-09-22T06:26:12.578696+00:00,22d82876fd63fa253e51f9d4ffbbe5b288518409,frontend-react/packages/core-model/src/resource-budget.ts; backend/src/main/java/com/xc/luckysheet/server/contract/WorkbookSnapshotValidator.java,Implemented,
F049,commit:9fe7a22e216881919f14a9c4b354cfcc,Diff scan,Unvalidated map resources can crash shared workbooks,medium,new,cfd5fc6437c45826f6f97472e0f0818ce59832e1,7,Fixed,"Canonical input preflight bounds text, dimensions, depth and nodes; validates fonts/editors/TableSheet/image/map/chart/Pivot contracts before commit/render; chart vectors/matrices and caches have explicit budgets, wrapping uses bounded measurement.",SecurityRemediationTest; test:security-remediation (5); focused Pivot/render (98); chart/find/canvas (50); test:cell-ui (9); real browser editor/cancel/reload,frontend-react/packages/spreadsheet-app/src/features/chart/layout.ts; frontend-react/packages/spreadsheet-app/src/features/chart/commands.ts; frontend-react/packages/spreadsheet-app/src/features/chart/map-resource.ts; frontend-react/packages/spreadsheet-app/src/features/drawing/commands.ts; frontend-react/packages/spreadsheet-app/src/features/drawing/commands.ts; backend/src/main/java/com/xc/luckysheet/server/mutation/DrawingMutationDescriptor.java; backend/src/main/java/com/xc/luckysheet/server/mutation/DrawingMutationDescriptor.java; frontend-react/apps/web/src/components/canvas/drawing-renderers.ts; frontend-react/apps/web/src/components/WorkspaceErrorBoundary.tsx,2026-09-22T06:19:34.598475+00:00,22d82876fd63fa253e51f9d4ffbbe5b288518409,frontend-react/packages/core-model/src/resource-budget.ts; backend/src/main/java/com/xc/luckysheet/server/contract/WorkbookSnapshotValidator.java,Implemented,
F050,commit:48270bb2ba848191b2fc5ed4768dab9b,Diff scan,Unbounded workbook lock cache enables authenticated memory DoS,medium,new,7a97a06695b8dc5fb433b68b465e72e9faf7dc02,4,Fixed,Bounded locks/operations/storage; revocation and expiry shared by handshake/inbound/outbound sockets; login account/IP/global limits; private bootstrap creation; sandboxed SVG response and protection-checked owned restores.,LocalAuthServiceTest; LocalAuthSessionLifetimeTest; WebSocketSessionRegistryTest; MutationDescriptorRegistryTest; SecurityRemediationTest; WorkbookDataBlockAuthorizationIntegrationTest,backend/src/main/java/com/xc/luckysheet/server/service/WorkbookOperationService.java; backend/src/main/java/com/xc/luckysheet/server/service/WorkbookOperationService.java; backend/src/main/java/com/xc/luckysheet/server/service/WorkbookOperationService.java; backend/src/main/java/com/xc/luckysheet/server/web/WorkbookController.java,2026-09-22T06:18:31.529949+00:00,22d82876fd63fa253e51f9d4ffbbe5b288518409,backend/src/main/java/com/xc/luckysheet/server/service/WorkbookOperationService.java,Implemented,
F051,commit:0fb9c6db017c8191a1312845bc7a9d22,Diff scan,Pull requests execute code on a configurable corpus runner,medium,new,695529b4004bf9253402ebd489ca8765b15aa5c2,0,HistoricalRemoved,Reported legacy Rust/kernel/import-task/DOM/CI/trace path is absent from current runtime and callers; canonical React/TypeScript + Java 21 + H2 stack remains.,rg --files/source/caller review; check:stack; check:boundaries,github/workflows/verification.yml,2026-09-08T11:03:37.054091+00:00,22d82876fd63fa253e51f9d4ffbbe5b288518409,github/workflows/verification.yml,No change required,
F052,commit:7f8ec2545e4c8191be216fd9fe537fd3,Diff scan,Predictable pivot task IDs allow cross-user analytics denial,medium,new,d1a63969d0ed82b66f03bccee2c932ca66c6425b,4,HistoricalRemoved,Reported legacy Rust/kernel/import-task/DOM/CI/trace path is absent from current runtime and callers; canonical React/TypeScript + Java 21 + H2 stack remains.,rg --files/source/caller review; check:stack; check:boundaries,frontend-react/packages/spreadsheet-app/src/workbook-session.ts; frontend-react/packages/spreadsheet-app/src/workbook-session.ts; frontend-react/packages/spreadsheet-app/src/features/pivot/server-task-port.ts; backend/src/main/java/com/xc/luckysheet/server/service/QueryExecutionService.java; backend/src/main/java/com/xc/luckysheet/server/service/QueryExecutionProofService.java; backend/src/main/java/com/xc/luckysheet/server/service/QueryExecutionProofService.java; backend/src/main/java/com/xc/luckysheet/server/persistence/WorkbookQueryExecutionEntity.java,2026-09-08T11:00:55.278217+00:00,22d82876fd63fa253e51f9d4ffbbe5b288518409,frontend-react/packages/spreadsheet-app/src/workbook-session.ts; frontend-react/packages/spreadsheet-app/src/workbook-session.ts; frontend-react/packages/spreadsheet-app/src/features/pivot/server-task-port.ts; backend/src/main/java/com/xc/luckysheet/server/service/QueryExecutionService.java; backend/src/main/java/com/xc/luckysheet/server/service/QueryExecutionProofService.java; backend/src/main/java/com/xc/luckysheet/server/service/QueryExecutionProofService.java; backend/src/main/java/com/xc/luckysheet/server/persistence/WorkbookQueryExecutionEntity.java,No change required,
F053,commit:7afcbfc38bd08191ae10baf8fadd75a2,Diff scan,Undo bypasses newly applied protected-range restrictions,medium,new,bca68862a8db6ec00dde51f4eb9ac699d4de18be,1,HistoricalRemoved,Reported legacy Rust/kernel/import-task/DOM/CI/trace path is absent from current runtime and callers; canonical React/TypeScript + Java 21 + H2 stack remains.,rg --files/source/caller review; check:stack; check:boundaries,kernel/commands/src/lib.rs; kernel/commands/src/lib.rs; kernel/commands/src/lib.rs; kernel/core/src/pages.rs; kernel/commands/src/protection.rs; backend/src/main/java/com/xc/luckysheet/server/service/WorkbookOperationService.java,2026-09-08T11:00:32.140884+00:00,22d82876fd63fa253e51f9d4ffbbe5b288518409,kernel/commands/src/lib.rs; kernel/commands/src/lib.rs; kernel/commands/src/lib.rs; kernel/core/src/pages.rs; kernel/commands/src/protection.rs; backend/src/main/java/com/xc/luckysheet/server/service/WorkbookOperationService.java,No change required,
F054,commit:6ff6866bf58481918eb6a50237423509,Diff scan,PIVOTBY label row bypasses array allocation preflight,medium,new,4eeae220a402431fd7c2dfa1ef5582052440ec45,5,HistoricalRemoved,Reported legacy Rust/kernel/import-task/DOM/CI/trace path is absent from current runtime and callers; canonical React/TypeScript + Java 21 + H2 stack remains.,rg --files/source/caller review; check:stack; check:boundaries,kernel/formula/src/array_functions.rs; kernel/formula/src/array_functions.rs; kernel/formula/src/array_functions.rs; frontend-react/packages/spreadsheet-app/src/runtime.ts,2026-09-08T11:00:06.456626+00:00,22d82876fd63fa253e51f9d4ffbbe5b288518409,kernel/formula/src/array_functions.rs; kernel/formula/src/array_functions.rs; kernel/formula/src/array_functions.rs; frontend-react/packages/spreadsheet-app/src/runtime.ts,No change required,
F055,commit:ebc88d4d255c81918a7dca80c89ad2a2,Diff scan,Unbounded histogram bin allocation enables stored client DoS,medium,new,e0c3815fd12b981db25ded32ce5b59558a0b69f0,5,CurrentSafe,Reported path/callers reviewed against canonical implementation; no speculative rewrite of an already safe boundary.,Owning repository checks and source/caller review; see acceptance report and baseline comparison,frontend-react/packages/spreadsheet-app/src/features/chart/layout.ts; frontend-react/packages/spreadsheet-app/src/features/chart/commands.ts; frontend-react/packages/core-model/src/snapshot.ts; backend/src/main/java/com/xc/luckysheet/server/mutation/DrawingMutationDescriptor.java; backend/src/main/java/com/xc/luckysheet/server/contract/WorkbookSnapshotValidator.java; frontend-react/apps/web/src/components/canvas/drawing-renderers.ts,2026-08-28T08:28:08.147962+00:00,22d82876fd63fa253e51f9d4ffbbe5b288518409,frontend-react/packages/spreadsheet-app/src/features/chart/layout.ts; frontend-react/packages/spreadsheet-app/src/features/chart/commands.ts; frontend-react/packages/core-model/src/snapshot.ts; backend/src/main/java/com/xc/luckysheet/server/mutation/DrawingMutationDescriptor.java; backend/src/main/java/com/xc/luckysheet/server/contract/WorkbookSnapshotValidator.java; frontend-react/apps/web/src/components/canvas/drawing-renderers.ts,Existing boundary reviewed; shared regression changes may apply,
F056,commit:6f6d8e82c7c08191af61273aa667879d,Diff scan,Structured charts bypass validation and brick shared workbooks,medium,new,aa51523a55f26e0ef31cb0afaa6fde81ee7e7004,7,Fixed,"Canonical input preflight bounds text, dimensions, depth and nodes; validates fonts/editors/TableSheet/image/map/chart/Pivot contracts before commit/render; chart vectors/matrices and caches have explicit budgets, wrapping uses bounded measurement.",SecurityRemediationTest; test:security-remediation (5); focused Pivot/render (98); chart/find/canvas (50); test:cell-ui (9); real browser editor/cancel/reload,frontend-react/packages/spreadsheet-app/src/features/insert/commands.ts; backend/src/main/java/com/xc/luckysheet/server/mutation/DrawingMutationDescriptor.java; backend/src/main/java/com/xc/luckysheet/server/contract/WorkbookSnapshotValidator.java; frontend-react/packages/core-model/src/snapshot.ts; frontend-react/packages/core-model/src/snapshot.ts; frontend-react/apps/web/src/components/canvas/drawing-renderers.ts; frontend-react/packages/spreadsheet-app/src/features/chart/data.ts; frontend-react/apps/web/src/components/SheetCanvas.tsx,2026-08-27T21:04:16.464114+00:00,22d82876fd63fa253e51f9d4ffbbe5b288518409,frontend-react/packages/core-model/src/resource-budget.ts; backend/src/main/java/com/xc/luckysheet/server/contract/WorkbookSnapshotValidator.java,Implemented,
F057,commit:d1496fa4f4688191a1c3480152745a36,Diff scan,Row sorting can move protection off unchanged cells,medium,new,a068940bf9e271d8575a19ef461be5ea6b2828f2,1,Fixed,Resolve source/table targets on server; sorting keeps untouched-column protections stationary; review edits require object protection permission; derive copy/numeric/calendar/AutoFill plans rather than trusting client after-images and compute track coefficients once.,"MutationDescriptorRegistryTest; WorkbookDataBlockAuthorizationIntegrationTest; SecurityRemediationTest forged-fill/normal-copy/5000-seed quoted numeric format trend; FillPlannerContractTest 28 independent TS date/AutoFill plans, forged results and whole-axis references",backend/src/main/java/com/xc/luckysheet/server/mutation/StructuralMutationDescriptor.java; backend/src/main/java/com/xc/luckysheet/server/mutation/StructuralSnapshotReducer.java; backend/src/main/java/com/xc/luckysheet/server/mutation/StructuralSnapshotReducer.java; backend/src/main/java/com/xc/luckysheet/server/contract/DataRegionContextValidator.java; backend/src/test/java/com/xc/luckysheet/server/mutation/MutationDescriptorRegistryTest.java,2026-08-27T13:30:27.256820+00:00,22d82876fd63fa253e51f9d4ffbbe5b288518409,backend/src/main/java/com/xc/luckysheet/server/mutation/MutationDescriptorRegistry.java; backend/src/main/java/com/xc/luckysheet/server/mutation/FillMutationDescriptor.java,Implemented,
F058,commit:ef2e2f56870c81919fe147c134c9f499,Diff scan,Comment mutations bypass worksheet protection,medium,new,d8422484791ef416e82a7af725fd4245b3db0ef0,1,Fixed,Resolve source/table targets on server; sorting keeps untouched-column protections stationary; review edits require object protection permission; derive copy/numeric/calendar/AutoFill plans rather than trusting client after-images and compute track coefficients once.,"MutationDescriptorRegistryTest; WorkbookDataBlockAuthorizationIntegrationTest; SecurityRemediationTest forged-fill/normal-copy/5000-seed quoted numeric format trend; FillPlannerContractTest 28 independent TS date/AutoFill plans, forged results and whole-axis references",contracts/workbook-contract.json; contracts/workbook-contract.json; backend/src/main/java/com/xc/luckysheet/server/contract/GeneratedWorkbookContract.java; backend/src/main/java/com/xc/luckysheet/server/mutation/CanonicalJsonMutationDescriptor.java; backend/src/main/java/com/xc/luckysheet/server/mutation/MutationDescriptorRegistry.java; backend/src/main/java/com/xc/luckysheet/server/mutation/MutationDescriptorRegistry.java,2026-08-26T15:42:05.511456+00:00,22d82876fd63fa253e51f9d4ffbbe5b288518409,backend/src/main/java/com/xc/luckysheet/server/mutation/MutationDescriptorRegistry.java; backend/src/main/java/com/xc/luckysheet/server/mutation/FillMutationDescriptor.java,Implemented,
F059,commit:48f3a468a2188191b340a0b48fbd8ff0,Diff scan,Collaborator can widen an owner's undo into protected rows,medium,fixed,98153c7c2bec1a220156039d491648baada1c8e1,regression,CurrentSafe,Reported path/callers reviewed against canonical implementation; no speculative rewrite of an already safe boundary.,Owning repository checks and source/caller review; see acceptance report and baseline comparison,frontend-react/packages/command-runtime/src/index.ts; frontend-react/packages/command-runtime/src/index.ts; frontend-react/packages/spreadsheet-app/src/collaboration/collaboration-session.ts; frontend-react/packages/spreadsheet-app/src/runtime.ts; backend/src/main/java/com/xc/luckysheet/server/mutation/MutationDescriptorRegistry.java,2026-08-26T15:36:28.164758+00:00,22d82876fd63fa253e51f9d4ffbbe5b288518409,frontend-react/packages/command-runtime/src/index.ts; frontend-react/packages/command-runtime/src/index.ts; frontend-react/packages/spreadsheet-app/src/collaboration/collaboration-session.ts; frontend-react/packages/spreadsheet-app/src/runtime.ts; backend/src/main/java/com/xc/luckysheet/server/mutation/MutationDescriptorRegistry.java,Existing boundary reviewed; shared regression changes may apply,
F060,commit:245a39cfce64819196ecfb93868966c5,Diff scan,Circular diagnostics allow quadratic client-side denial of service,medium,fixed,5f79623e6a37d986c5a41f0aa3344f9e1abb9687,regression,CurrentSafe,Reported path/callers reviewed against canonical implementation; no speculative rewrite of an already safe boundary.,Owning repository checks and source/caller review; see acceptance report and baseline comparison,frontend-react/packages/formula-engine/src/circular.ts; frontend-react/packages/formula-engine/src/formula-engine.ts; frontend-react/packages/formula-engine/src/formula-engine.ts,2026-08-26T14:59:58.911017+00:00,22d82876fd63fa253e51f9d4ffbbe5b288518409,frontend-react/packages/formula-engine/src/circular.ts; frontend-react/packages/formula-engine/src/formula-engine.ts; frontend-react/packages/formula-engine/src/formula-engine.ts,Existing boundary reviewed; shared regression changes may apply,
F061,commit:053ba172d4308191a84b6d197c15130b,Diff scan,Wildcard lookup regex enables client-side ReDoS,medium,fixed,c042702412d5a1f7f4ddcb3b72df3376e370bf7e,regression,Fixed,Bound wildcard work and formula matrices/dependency expansion; share SJS recursion/work/deadline budgets and deterministic collation/context; value replacements keep formula-like text inert.,test:calculation-domain (446 + 5); test:security-remediation; find.replace exact-leading/whitespace/URL formula-like text and undo controls,frontend-react/packages/formula-engine/src/functions/lookup-engine.ts; frontend-react/packages/formula-engine/src/functions/dynamic-array.ts; frontend-react/packages/formula-engine/src/functions/lookup.ts; frontend-react/packages/spreadsheet-app/src/runtime.ts; frontend-react/packages/formula-engine/src/formula-engine.ts,2026-08-26T14:32:07.589940+00:00,22d82876fd63fa253e51f9d4ffbbe5b288518409,frontend-react/packages/formula-engine/src/formula-engine.ts; frontend-react/packages/formula-engine/src/wildcard.ts,Implemented,
F062,commit:b4f6a76a43fc8191a0659234cbfe1846,Diff scan,Malformed font styles can poison collaborative workbooks,medium,fixed,21e870e81612efc290eecd2e50a84831f1864c12,regression,Fixed,"Canonical input preflight bounds text, dimensions, depth and nodes; validates fonts/editors/TableSheet/image/map/chart/Pivot contracts before commit/render; chart vectors/matrices and caches have explicit budgets, wrapping uses bounded measurement.",SecurityRemediationTest; test:security-remediation (5); focused Pivot/render (98); chart/find/canvas (50); test:cell-ui (9); real browser editor/cancel/reload,frontend-react/packages/core-model/src/font-family.ts; frontend-react/packages/sheet-features/src/index.ts; frontend-react/packages/core-model/src/index.ts; frontend-react/packages/spreadsheet-app/src/application-collaboration.test.ts; backend/src/main/java/com/xc/luckysheet/server/mutation/MutationDescriptorRegistry.java; frontend-react/packages/protocol/src/index.ts,2026-08-26T00:42:43.220003+00:00,22d82876fd63fa253e51f9d4ffbbe5b288518409,frontend-react/packages/core-model/src/resource-budget.ts; backend/src/main/java/com/xc/luckysheet/server/contract/WorkbookSnapshotValidator.java,Implemented,
F063,commit:c94896a1853881918fa901b4ddb0d061,Diff scan,Border formatting expands into a server-DoS operation,medium,new,58f0d8ff5a6acab2785ddac56e7708d5cd06727e,4,Fixed,Bounded locks/operations/storage; revocation and expiry shared by handshake/inbound/outbound sockets; login account/IP/global limits; private bootstrap creation; sandboxed SVG response and protection-checked owned restores.,LocalAuthServiceTest; LocalAuthSessionLifetimeTest; WebSocketSessionRegistryTest; MutationDescriptorRegistryTest; SecurityRemediationTest; WorkbookDataBlockAuthorizationIntegrationTest,frontend-react/packages/core-model/src/border-planner.ts; frontend-react/packages/sheet-features/src/index.ts; frontend-react/packages/spreadsheet-app/src/ui-command-catalog/index.ts; frontend-react/packages/spreadsheet-app/src/runtime.ts; backend/src/main/java/com/xc/luckysheet/server/service/WorkbookOperationService.java; backend/src/main/java/com/xc/luckysheet/server/mutation/MutationDescriptorRegistry.java,2026-08-26T00:41:03.938232+00:00,22d82876fd63fa253e51f9d4ffbbe5b288518409,backend/src/main/java/com/xc/luckysheet/server/service/WorkbookOperationService.java,Implemented,
F064,commit:349c19e7daa8819186eb8e15d1dc2f6a,Diff scan,Noncanonical fill commits permanently disconnect collaborators,medium,fixed,28550fd37005013cb30fb4588dc7f57f153f806e,regression,Fixed,Resolve source/table targets on server; sorting keeps untouched-column protections stationary; review edits require object protection permission; derive copy/numeric/calendar/AutoFill plans rather than trusting client after-images and compute track coefficients once.,"MutationDescriptorRegistryTest; WorkbookDataBlockAuthorizationIntegrationTest; SecurityRemediationTest forged-fill/normal-copy/5000-seed quoted numeric format trend; FillPlannerContractTest 28 independent TS date/AutoFill plans, forged results and whole-axis references",backend/src/main/java/com/xc/luckysheet/server/mutation/FillMutationDescriptor.java; backend/src/main/java/com/xc/luckysheet/server/mutation/FillMutationDescriptor.java; backend/src/main/java/com/xc/luckysheet/server/service/WorkbookOperationService.java; frontend-react/packages/sheet-features/src/home-commands.ts; frontend-react/packages/sheet-features/src/home-commands.ts; frontend-react/packages/spreadsheet-app/src/runtime.ts; frontend-react/packages/protocol/src/index.ts; frontend-react/packages/protocol/src/index.ts,2026-08-26T00:26:03.488338+00:00,22d82876fd63fa253e51f9d4ffbbe5b288518409,backend/src/main/java/com/xc/luckysheet/server/mutation/MutationDescriptorRegistry.java; backend/src/main/java/com/xc/luckysheet/server/mutation/FillMutationDescriptor.java,Implemented,
F065,commit:5c44b08e12108191a69997c51d2691a3,Diff scan,Cell-shift axis bypasses worksheet protection flags,medium,fixed,609f0ca6974a3248cf0f5f75b35180e378283c20,regression,CurrentSafe,Reported path/callers reviewed against canonical implementation; no speculative rewrite of an already safe boundary.,Owning repository checks and source/caller review; see acceptance report and baseline comparison,backend/src/main/java/com/xc/luckysheet/server/mutation/StructuralMutationDescriptor.java; backend/src/main/java/com/xc/luckysheet/server/mutation/StructuralMutationDescriptor.java; backend/src/main/java/com/xc/luckysheet/server/mutation/MutationDescriptorRegistry.java; backend/src/main/java/com/xc/luckysheet/server/mutation/ProtectionResolver.java,2026-08-26T00:08:45.186778+00:00,22d82876fd63fa253e51f9d4ffbbe5b288518409,backend/src/main/java/com/xc/luckysheet/server/mutation/StructuralMutationDescriptor.java; backend/src/main/java/com/xc/luckysheet/server/mutation/StructuralMutationDescriptor.java; backend/src/main/java/com/xc/luckysheet/server/mutation/MutationDescriptorRegistry.java; backend/src/main/java/com/xc/luckysheet/server/mutation/ProtectionResolver.java,Existing boundary reviewed; shared regression changes may apply,
F066,commit:3e42226f87b48191a6510bfafe9e344f,Diff scan,Range restore overwrites protected conditional formats,medium,fixed,99331d7135a3d8a9ec92fde4f027e183f57e0fa3,regression,Fixed,Bounded locks/operations/storage; revocation and expiry shared by handshake/inbound/outbound sockets; login account/IP/global limits; private bootstrap creation; sandboxed SVG response and protection-checked owned restores.,LocalAuthServiceTest; LocalAuthSessionLifetimeTest; WebSocketSessionRegistryTest; MutationDescriptorRegistryTest; SecurityRemediationTest; WorkbookDataBlockAuthorizationIntegrationTest,backend/src/main/java/com/xc/luckysheet/server/mutation/MutationDescriptorRegistry.java; backend/src/main/java/com/xc/luckysheet/server/mutation/MutationDescriptorRegistry.java; frontend-react/packages/sheet-features/src/index.ts; frontend-react/packages/sheet-features/src/clear-planner.ts; frontend-react/packages/sheet-features/src/data-features.ts,2026-08-25T23:51:17.123243+00:00,22d82876fd63fa253e51f9d4ffbbe5b288518409,backend/src/main/java/com/xc/luckysheet/server/service/WorkbookOperationService.java,Implemented,
F067,commit:44f52fb2da6c81918c2e81ff9d54d736,Diff scan,Calculated-item validation permits remote stack exhaustion,medium,fixed,6ff37902121866b453271a05371daea08c828ab1,regression,Fixed,Bound date windows and graph/relationship work; canonicalize filter scope before duplicate identity; scope controls by sheet and drawing; keep calculated catalogs canonical and grouped slicer keys aligned; preflight chart matrix cells.,focused Pivot/render (98); test:security-remediation timeline bounds; test:unit baseline comparison (no candidate-only failures),backend/src/main/java/com/xc/luckysheet/server/mutation/PivotMutationDescriptor.java; backend/src/main/java/com/xc/luckysheet/server/mutation/PivotMutationDescriptor.java; backend/src/main/java/com/xc/luckysheet/server/mutation/PivotMutationDescriptor.java; backend/src/main/java/com/xc/luckysheet/server/mutation/PivotMutationDescriptor.java,2026-08-25T21:24:20.502483+00:00,22d82876fd63fa253e51f9d4ffbbe5b288518409,frontend-react/packages/spreadsheet-app/src/features/pivot/engine.ts; frontend-react/packages/core-model/src/pivot.ts,Implemented,
F068,commit:e7d0e7dbf4188191a3ee088493fb2a6a,Diff scan,Invalid Pivot locale lets editors poison shared workbooks,medium,new,3640d1cd39efbc8deef220c4e0db0b9dc7b2fa8f,6,Fixed,"Canonical input preflight bounds text, dimensions, depth and nodes; validates fonts/editors/TableSheet/image/map/chart/Pivot contracts before commit/render; chart vectors/matrices and caches have explicit budgets, wrapping uses bounded measurement.",SecurityRemediationTest; test:security-remediation (5); focused Pivot/render (98); chart/find/canvas (50); test:cell-ui (9); real browser editor/cancel/reload,backend/src/main/java/com/xc/luckysheet/server/mutation/PivotMutationDescriptor.java; backend/src/main/java/com/xc/luckysheet/server/mutation/PivotMutationDescriptor.java; backend/src/main/java/com/xc/luckysheet/server/service/WorkbookOperationService.java; frontend-react/packages/core-model/src/pivot.ts; frontend-react/packages/protocol/src/index.ts,2026-08-25T16:02:17.827475+00:00,22d82876fd63fa253e51f9d4ffbbe5b288518409,frontend-react/packages/core-model/src/resource-budget.ts; backend/src/main/java/com/xc/luckysheet/server/contract/WorkbookSnapshotValidator.java,Implemented,
F069,commit:5d09f1a6daa88191b347216ffa155bab,Diff scan,ReportSheet updates bypass structure-only protection,medium,fixed,6b4db9956f42531bcb080fa59a6ca1434a02a32b,regression,CurrentSafe,Reported path/callers reviewed against canonical implementation; no speculative rewrite of an already safe boundary.,Owning repository checks and source/caller review; see acceptance report and baseline comparison,backend/src/main/java/com/xc/luckysheet/server/contract/GeneratedWorkbookContract.java; backend/src/main/java/com/xc/luckysheet/server/mutation/SheetDataMutationDescriptor.java; backend/src/main/java/com/xc/luckysheet/server/mutation/SheetDataMutationDescriptor.java; backend/src/main/java/com/xc/luckysheet/server/mutation/SheetDataMutationDescriptor.java; backend/src/main/java/com/xc/luckysheet/server/mutation/MutationDescriptorRegistry.java; backend/src/main/java/com/xc/luckysheet/server/mutation/MutationDescriptorRegistry.java; frontend-react/packages/spreadsheet-app/src/features/permission/policy.ts,2026-08-25T09:31:02.538434+00:00,22d82876fd63fa253e51f9d4ffbbe5b288518409,backend/src/main/java/com/xc/luckysheet/server/contract/GeneratedWorkbookContract.java; backend/src/main/java/com/xc/luckysheet/server/mutation/SheetDataMutationDescriptor.java; backend/src/main/java/com/xc/luckysheet/server/mutation/SheetDataMutationDescriptor.java; backend/src/main/java/com/xc/luckysheet/server/mutation/SheetDataMutationDescriptor.java; backend/src/main/java/com/xc/luckysheet/server/mutation/MutationDescriptorRegistry.java; backend/src/main/java/com/xc/luckysheet/server/mutation/MutationDescriptorRegistry.java; frontend-react/packages/spreadsheet-app/src/features/permission/policy.ts,Existing boundary reviewed; shared regression changes may apply,
F070,commit:1df0af5e97a48191b7e2a413198dbc90,Diff scan,Gantt updates bypass structural sheet protection,medium,fixed,71c0fbba496fb4003896dc63abe86c51d889736f,regression,CurrentSafe,Reported path/callers reviewed against canonical implementation; no speculative rewrite of an already safe boundary.,Owning repository checks and source/caller review; see acceptance report and baseline comparison,backend/src/main/java/com/xc/luckysheet/server/mutation/SheetDataMutationDescriptor.java; backend/src/main/java/com/xc/luckysheet/server/mutation/SheetDataMutationDescriptor.java; backend/src/main/java/com/xc/luckysheet/server/mutation/SheetDataMutationDescriptor.java; backend/src/main/java/com/xc/luckysheet/server/mutation/MutationDescriptorRegistry.java; frontend-react/packages/spreadsheet-app/src/features/permission/policy.ts,2026-08-25T09:13:18.526387+00:00,22d82876fd63fa253e51f9d4ffbbe5b288518409,backend/src/main/java/com/xc/luckysheet/server/mutation/SheetDataMutationDescriptor.java; backend/src/main/java/com/xc/luckysheet/server/mutation/SheetDataMutationDescriptor.java; backend/src/main/java/com/xc/luckysheet/server/mutation/SheetDataMutationDescriptor.java; backend/src/main/java/com/xc/luckysheet/server/mutation/MutationDescriptorRegistry.java; frontend-react/packages/spreadsheet-app/src/features/permission/policy.ts,Existing boundary reviewed; shared regression changes may apply,
F071,commit:dd8c3b5efbbc819194023d404207015a,Diff scan,Unbounded camera/data-chart rendering from imported metadata,medium,new,2a7a3b9c1e0d72d3c3886a2e6da31047d2f3df4f,5,Fixed,"Canonical input preflight bounds text, dimensions, depth and nodes; validates fonts/editors/TableSheet/image/map/chart/Pivot contracts before commit/render; chart vectors/matrices and caches have explicit budgets, wrapping uses bounded measurement.",SecurityRemediationTest; test:security-remediation (5); focused Pivot/render (98); chart/find/canvas (50); test:cell-ui (9); real browser editor/cancel/reload,frontend-react/packages/exchange-excel-ooxml/src/ooxml.ts; frontend-react/apps/web/src/components/canvas/drawing-renderers.ts; frontend-react/apps/web/src/components/canvas/drawing-renderers.ts; frontend-react/apps/web/src/components/canvas/drawing-renderers.ts; backend/src/main/java/com/xc/luckysheet/server/mutation/DrawingMutationDescriptor.java,2026-08-24T17:37:32.689036+00:00,22d82876fd63fa253e51f9d4ffbbe5b288518409,frontend-react/packages/core-model/src/resource-budget.ts; backend/src/main/java/com/xc/luckysheet/server/contract/WorkbookSnapshotValidator.java,Implemented,
F072,commit:8ce674d9973c8191afc2585830147507,Diff scan,Unescaped instanceId enables legacy frontend DOM XSS,medium,fixed,49e0ab8ed1bad047972cfcd9e0d96d36b0db10ed,regression,HistoricalRemoved,Reported legacy Rust/kernel/import-task/DOM/CI/trace path is absent from current runtime and callers; canonical React/TypeScript + Java 21 + H2 stack remains.,rg --files/source/caller review; check:stack; check:boundaries,frontend/src/core.js; frontend/src/store/domScope.js; frontend/src/global/createdom.js; frontend/src/expendPlugins/print/print.js,2026-08-24T12:50:42.129849+00:00,22d82876fd63fa253e51f9d4ffbbe5b288518409,frontend/src/core.js; frontend/src/store/domScope.js; frontend/src/global/createdom.js; frontend/src/expendPlugins/print/print.js,No change required,
F073,commit:3a6756d81ff08191bb3a7994341f4130,Diff scan,Unbounded range.paste source clear enables DoS,medium,fixed,27c447c3f77d6a457d691465412d6809616f1053,regression,CurrentSafe,Reported path/callers reviewed against canonical implementation; no speculative rewrite of an already safe boundary.,Owning repository checks and source/caller review; see acceptance report and baseline comparison,backend/src/main/java/com/xc/luckysheet/server/mutation/MutationDescriptorRegistry.java; backend/src/main/java/com/xc/luckysheet/server/mutation/MutationDescriptorRegistry.java; backend/src/main/java/com/xc/luckysheet/server/mutation/MutationDescriptorRegistry.java; backend/src/main/java/com/xc/luckysheet/server/mutation/SnapshotMutationSupport.java; backend/src/main/java/com/xc/luckysheet/server/mutation/SnapshotMutationSupport.java; backend/src/main/java/com/xc/luckysheet/server/mutation/SnapshotMutationSupport.java; backend/src/main/java/com/xc/luckysheet/server/service/WorkbookOperationService.java,2026-08-24T12:20:34.616376+00:00,22d82876fd63fa253e51f9d4ffbbe5b288518409,backend/src/main/java/com/xc/luckysheet/server/mutation/MutationDescriptorRegistry.java; backend/src/main/java/com/xc/luckysheet/server/mutation/MutationDescriptorRegistry.java; backend/src/main/java/com/xc/luckysheet/server/mutation/MutationDescriptorRegistry.java; backend/src/main/java/com/xc/luckysheet/server/mutation/SnapshotMutationSupport.java; backend/src/main/java/com/xc/luckysheet/server/mutation/SnapshotMutationSupport.java; backend/src/main/java/com/xc/luckysheet/server/mutation/SnapshotMutationSupport.java; backend/src/main/java/com/xc/luckysheet/server/service/WorkbookOperationService.java,Existing boundary reviewed; shared regression changes may apply,
F074,commit:e54c7bfc4d688191ba0f373ad4978c48,Diff scan,Quadratic formula rewrite enables editor CPU DoS,medium,fixed,68f8a82913ae372e651094386df4a687d495dfb7,regression,CurrentSafe,Reported path/callers reviewed against canonical implementation; no speculative rewrite of an already safe boundary.,Owning repository checks and source/caller review; see acceptance report and baseline comparison,backend/src/main/java/com/xc/luckysheet/server/mutation/MutationDescriptorRegistry.java; backend/src/main/java/com/xc/luckysheet/server/mutation/MutationDescriptorRegistry.java; backend/src/main/java/com/xc/luckysheet/server/mutation/FormulaReferenceTransformer.java; backend/src/main/java/com/xc/luckysheet/server/mutation/FormulaReferenceTransformer.java; backend/src/main/java/com/xc/luckysheet/server/mutation/FormulaReferenceTransformer.java; backend/src/main/java/com/xc/luckysheet/server/mutation/SheetRenameMutationDescriptor.java; backend/src/main/java/com/xc/luckysheet/server/mutation/StructuralSnapshotReducer.java,2026-08-24T12:17:17.065292+00:00,22d82876fd63fa253e51f9d4ffbbe5b288518409,backend/src/main/java/com/xc/luckysheet/server/mutation/MutationDescriptorRegistry.java; backend/src/main/java/com/xc/luckysheet/server/mutation/MutationDescriptorRegistry.java; backend/src/main/java/com/xc/luckysheet/server/mutation/FormulaReferenceTransformer.java; backend/src/main/java/com/xc/luckysheet/server/mutation/FormulaReferenceTransformer.java; backend/src/main/java/com/xc/luckysheet/server/mutation/FormulaReferenceTransformer.java; backend/src/main/java/com/xc/luckysheet/server/mutation/SheetRenameMutationDescriptor.java; backend/src/main/java/com/xc/luckysheet/server/mutation/StructuralSnapshotReducer.java,Existing boundary reviewed; shared regression changes may apply,
F075,commit:fc1d7c857a0c8191900964a02705907b,Diff scan,Share-token sessions use an API client without the share token,medium,fixed,c5f80bb254dc13fe06ed52bce42959e9a9ec9311,regression,CurrentSafe,Reported path/callers reviewed against canonical implementation; no speculative rewrite of an already safe boundary.,Owning repository checks and source/caller review; see acceptance report and baseline comparison,frontend-react/apps/web/src/ApplicationServicesProvider.tsx; frontend-react/apps/web/src/App.tsx; frontend-react/packages/spreadsheet-app/src/workbook-session.ts; frontend-react/packages/spreadsheet-app/src/runtime.ts; frontend-react/packages/protocol/src/index.ts; frontend-react/packages/spreadsheet-app/src/runtime.ts; frontend-react/packages/spreadsheet-app/src/runtime.ts,2026-08-24T12:01:45.677915+00:00,22d82876fd63fa253e51f9d4ffbbe5b288518409,frontend-react/apps/web/src/ApplicationServicesProvider.tsx; frontend-react/apps/web/src/App.tsx; frontend-react/packages/spreadsheet-app/src/workbook-session.ts; frontend-react/packages/spreadsheet-app/src/runtime.ts; frontend-react/packages/protocol/src/index.ts; frontend-react/packages/spreadsheet-app/src/runtime.ts; frontend-react/packages/spreadsheet-app/src/runtime.ts,Existing boundary reviewed; shared regression changes may apply,
F076,commit:0c4e41ae7b08819180a16137bb8c2a3a,Diff scan,freeze.set can poison v4 workbook snapshots,medium,fixed,893582156ffca15252ec1819f88c67c222aa55aa,regression,CurrentSafe,Reported path/callers reviewed against canonical implementation; no speculative rewrite of an already safe boundary.,Owning repository checks and source/caller review; see acceptance report and baseline comparison,backend/src/main/java/com/xc/luckysheet/server/contract/WorkbookSnapshotValidator.java; backend/src/main/java/com/xc/luckysheet/server/mutation/MutationDescriptorRegistry.java; backend/src/main/java/com/xc/luckysheet/server/service/WorkbookOperationService.java; backend/src/main/java/com/xc/luckysheet/server/service/WorkbookOperationService.java,2026-08-24T11:59:23.515538+00:00,22d82876fd63fa253e51f9d4ffbbe5b288518409,backend/src/main/java/com/xc/luckysheet/server/contract/WorkbookSnapshotValidator.java; backend/src/main/java/com/xc/luckysheet/server/mutation/MutationDescriptorRegistry.java; backend/src/main/java/com/xc/luckysheet/server/service/WorkbookOperationService.java; backend/src/main/java/com/xc/luckysheet/server/service/WorkbookOperationService.java,Existing boundary reviewed; shared regression changes may apply,
F077,commit:9aa0108c9b308191a1af9b866fe1c34f,Diff scan,XLSX icon filters can trigger unbounded import loops,medium,fixed,d7793e9be124619aee1cbe192801cc3c0db1b553,regression,CurrentSafe,Reported path/callers reviewed against canonical implementation; no speculative rewrite of an already safe boundary.,Owning repository checks and source/caller review; see acceptance report and baseline comparison,frontend-react/packages/exchange-excel-ooxml/src/ooxml.ts; frontend-react/packages/exchange-excel-ooxml/src/ooxml.ts; frontend-react/packages/exchange-excel-ooxml/src/ooxml.ts; frontend-react/packages/exchange-excel-ooxml/src/ooxml.ts,2026-08-24T11:58:54.164983+00:00,22d82876fd63fa253e51f9d4ffbbe5b288518409,frontend-react/packages/exchange-excel-ooxml/src/ooxml.ts; frontend-react/packages/exchange-excel-ooxml/src/ooxml.ts; frontend-react/packages/exchange-excel-ooxml/src/ooxml.ts; frontend-react/packages/exchange-excel-ooxml/src/ooxml.ts,Existing boundary reviewed; shared regression changes may apply,
F078,rf_wfr_7aa7c324463ab4530b9c41726e23e7be98c93870f86086eaf1734800123f1464:wfo_06960d3c2a0ba238dd2bfc3016560ffc95141f998980913a3bb0d03509a6103f:occ_097b3422477ec6ce99c94fd3,Full repository scan,REST query audit records omit the invoked method and normalized target path,low,new,22d82876fd63fa253e51f9d4ffbbe5b288518409,2,Fixed,"Explicit source grants; physical SQLite read-only opening and PostgreSQL/MySQL read-only transactions; bounded JDBC/REST readers and transforms; normalized contained paths; unambiguous query identities, fixed session lifetimes and expired staging collection.",QueryExecutionServiceTest; QueryReadOnlyDialectIntegrationTest (live PostgreSQL 16/MySQL 8.4); SecurityRemediationTest,backend/src/main/java/com/xc/luckysheet/server/service/QueryExecutionService.java; backend/src/main/java/com/xc/luckysheet/server/service/QueryExecutionService.java; backend/src/main/java/com/xc/luckysheet/server/service/QueryExecutionService.java; backend/src/main/java/com/xc/luckysheet/server/service/AuditRecorder.java,2026-10-02T23:17:52.960850+00:00,22d82876fd63fa253e51f9d4ffbbe5b288518409,backend/src/main/java/com/xc/luckysheet/server/service/QueryExecutionService.java,Implemented,
F079,rf_wfr_7aa7c324463ab4530b9c41726e23e7be98c93870f86086eaf1734800123f1464:wfo_06960d3c2a0ba238dd2bfc3016560ffc95141f998980913a3bb0d03509a6103f:occ_41e50afb63fb66e1cf5537d1,Full repository scan,Delimiter-concatenated active-query keys permit cross-workbook cancellation collisions,low,new,22d82876fd63fa253e51f9d4ffbbe5b288518409,2,Fixed,"Explicit source grants; physical SQLite read-only opening and PostgreSQL/MySQL read-only transactions; bounded JDBC/REST readers and transforms; normalized contained paths; unambiguous query identities, fixed session lifetimes and expired staging collection.",QueryExecutionServiceTest; QueryReadOnlyDialectIntegrationTest (live PostgreSQL 16/MySQL 8.4); SecurityRemediationTest,backend/src/main/java/com/xc/luckysheet/server/service/QueryExecutionService.java; backend/src/main/java/com/xc/luckysheet/server/service/QueryExecutionService.java; backend/src/main/java/com/xc/luckysheet/server/service/QueryExecutionService.java; backend/src/main/java/com/xc/luckysheet/server/service/QueryExecutionService.java; backend/src/main/java/com/xc/luckysheet/server/contract/CreateWorkbookRequest.java; backend/src/main/java/com/xc/luckysheet/server/contract/QueryExecutionRequest.java,2026-10-02T23:17:52.960850+00:00,22d82876fd63fa253e51f9d4ffbbe5b288518409,backend/src/main/java/com/xc/luckysheet/server/service/QueryExecutionService.java,Implemented,
F080,commit:0d57b309ea488191be27edf901dbe370,Diff scan,Large chart ranges crash the workbook renderer,low,new,659c59169b09fbadbaae67d27f624d2264be0b5d,5,Fixed,Reported path/callers reviewed against canonical implementation; no speculative rewrite of an already safe boundary.,Owning repository checks and source/caller review; see acceptance report and baseline comparison,frontend-react/packages/spreadsheet-app/src/features/chart/layout.ts; frontend-react/packages/spreadsheet-app/src/features/chart/layout.ts; frontend-react/packages/core-model/src/snapshot.ts; frontend-react/apps/web/src/components/SheetCanvas.tsx,2026-09-22T13:49:22.521313+00:00,22d82876fd63fa253e51f9d4ffbbe5b288518409,frontend-react/packages/spreadsheet-app/src/features/chart/layout.ts; frontend-react/packages/spreadsheet-app/src/features/chart/layout.ts; frontend-react/packages/core-model/src/snapshot.ts; frontend-react/apps/web/src/components/SheetCanvas.tsx,Implemented,
F081,commit:9dd6d9380c48819183dd7c2f361866b6,Diff scan,Installer leaves workbook data readable to local users,low,new,fc532ef00de21623a248b3b3823092287ebe9546,3,Blocked,Reported path/callers reviewed against canonical implementation; no speculative rewrite of an already safe boundary.,Owning repository checks and source/caller review; see acceptance report and baseline comparison,installer/ReactSheets.nsi; installer/application.properties; installer/ReactSheetsService.xml; scripts/backup-data.ps1,2026-09-22T06:21:14.804149+00:00,22d82876fd63fa253e51f9d4ffbbe5b288518409,installer/ReactSheets.nsi; installer/application.properties; installer/ReactSheetsService.xml; scripts/backup-data.ps1,Implemented; acceptance incomplete,"Installer DACL changed, but Windows installation/upgrade ACL and access checks cannot run on this Linux host."
F082,commit:b196a87290748191824a5a981cf04e3d,Diff scan,Committed bootstrap token enables local-auth administrator takeover,low,new,57746fb4c3de256a4a19a5f8ed13cf501fea87f9,3,Blocked,Reported path/callers reviewed against canonical implementation; no speculative rewrite of an already safe boundary.,Owning repository checks and source/caller review; see acceptance report and baseline comparison,data/bootstrap-token; backend/src/main/resources/application.yml; backend/src/main/java/com/xc/luckysheet/server/service/BootstrapCredentialStore.java; backend/src/main/java/com/xc/luckysheet/server/service/LocalAuthService.java; backend/src/main/java/com/xc/luckysheet/server/web/AuthController.java; backend/src/main/java/com/xc/luckysheet/server/web/AuthController.java; backend/src/main/resources/application.yml,2026-09-22T06:20:52.538335+00:00,22d82876fd63fa253e51f9d4ffbbe5b288518409,data/bootstrap-token; backend/src/main/resources/application.yml; backend/src/main/java/com/xc/luckysheet/server/service/BootstrapCredentialStore.java; backend/src/main/java/com/xc/luckysheet/server/service/LocalAuthService.java; backend/src/main/java/com/xc/luckysheet/server/web/AuthController.java; backend/src/main/java/com/xc/luckysheet/server/web/AuthController.java; backend/src/main/resources/application.yml,Implemented; acceptance incomplete,Historical bootstrap token remains in Git history/deployed copies; actual credential revocation is not observable from this checkout.
F083,commit:c9ac2994948c8191886cfed039a05132,Diff scan,SJS.TABLE resets recursion and work budgets in nested sessions,low,new,35e4cdd6381adb84fb69936ef940a5f26bad1206,5,HistoricalRemoved,Reported legacy Rust/kernel/import-task/DOM/CI/trace path is absent from current runtime and callers; canonical React/TypeScript + Java 21 + H2 stack remains.,rg --files/source/caller review; check:stack; check:boundaries,kernel/formula/src/evaluator.rs; kernel/formula/src/evaluator.rs; kernel/formula/src/evaluator.rs; kernel/host/src/dispatch.rs; frontend-react/packages/spreadsheet-app/src/runtime.ts,2026-09-08T10:59:00.934512+00:00,22d82876fd63fa253e51f9d4ffbbe5b288518409,kernel/formula/src/evaluator.rs; kernel/formula/src/evaluator.rs; kernel/formula/src/evaluator.rs; kernel/host/src/dispatch.rs; frontend-react/packages/spreadsheet-app/src/runtime.ts,No change required,
F084,commit:bcef416538e481919282fc9664936da2,Diff scan,Pattern-fill loops can freeze clients on oversized rows,low,new,d3be802bbd0f0c5ff4485f32f76ed663fa16cbfc,5,Fixed,"Canonical input preflight bounds text, dimensions, depth and nodes; validates fonts/editors/TableSheet/image/map/chart/Pivot contracts before commit/render; chart vectors/matrices and caches have explicit budgets, wrapping uses bounded measurement.",SecurityRemediationTest; test:security-remediation (5); focused Pivot/render (98); chart/find/canvas (50); test:cell-ui (9); real browser editor/cancel/reload,frontend-react/packages/render-engine/src/cell-renderer.ts; frontend-react/packages/render-engine/src/cell-renderer.ts; frontend-react/packages/exchange-excel-ooxml/src/ooxml.ts; backend/src/main/java/com/xc/luckysheet/server/mutation/MutationDescriptorRegistry.java; backend/src/main/java/com/xc/luckysheet/server/mutation/MutationDescriptorRegistry.java,2026-08-28T13:38:13.684121+00:00,22d82876fd63fa253e51f9d4ffbbe5b288518409,frontend-react/packages/core-model/src/resource-budget.ts; backend/src/main/java/com/xc/luckysheet/server/contract/WorkbookSnapshotValidator.java,Implemented,
F085,commit:669be618ea048191864e0cac4670750e,Diff scan,Cell layout enables stored browser denial of service,low,new,1391046c698a7e2b8162ab361d4baef47a56bf68,5,Fixed,"Canonical input preflight bounds text, dimensions, depth and nodes; validates fonts/editors/TableSheet/image/map/chart/Pivot contracts before commit/render; chart vectors/matrices and caches have explicit budgets, wrapping uses bounded measurement.",SecurityRemediationTest; test:security-remediation (5); focused Pivot/render (98); chart/find/canvas (50); test:cell-ui (9); real browser editor/cancel/reload,frontend-react/apps/web/src/components/SheetCanvas.tsx; frontend-react/packages/render-engine/src/cell-renderer.ts; frontend-react/packages/render-engine/src/cell-content-layout.ts; frontend-react/packages/render-engine/src/cell-content-layout.ts,2026-08-28T09:36:40.576870+00:00,22d82876fd63fa253e51f9d4ffbbe5b288518409,frontend-react/packages/core-model/src/resource-budget.ts; backend/src/main/java/com/xc/luckysheet/server/contract/WorkbookSnapshotValidator.java,Implemented,
F086,commit:2b293dd4fec4819182ef86c3786bf4b8,Diff scan,Aliased CFB streams bypass aggregate memory limits,low,fixed,0391e0f9a1e8f772b99a470131fea9a47cf53423,regression,Blocked,Enforce parser limits before expansion/inflation/copying; claim CFB allocation sectors and aggregate stream budgets; escape even untouched CSV artifacts; typed native Pivot metadata and indexed filter/group mappings.,test:native-codecs (19); real uploaded CSV import/export/re-import (180 rows); desktop Excel gate separately Blocked,frontend-react/packages/exchange-excel-ooxml/src/binary-native.ts; frontend-react/packages/exchange-excel-ooxml/src/binary-native.ts; frontend-react/packages/exchange-excel-ooxml/src/binary-native.ts,2026-08-28T07:57:57.487905+00:00,22d82876fd63fa253e51f9d4ffbbe5b288518409,frontend-react/packages/exchange-excel-ooxml/src/native-codecs.ts; frontend-react/packages/exchange-excel-ooxml/src/binary-native.ts,Implemented; acceptance incomplete,Native/codecs or explicit contract migration implemented/reviewed; desktop Excel and an applicable real Excel-file corpus are unavailable. Generated codec fixtures and the real uploaded CSV do not establish desktop Excel fidelity.
F087,commit:28b1e740f4a88191a39bfaeb78b5afd8,Diff scan,Untouched CSV exports bypass formula-injection escaping,low,fixed,e71b819a47f3fdf9e98dd3d8d47eafc3262f89b5,regression,Blocked,Enforce parser limits before expansion/inflation/copying; claim CFB allocation sectors and aggregate stream budgets; escape even untouched CSV artifacts; typed native Pivot metadata and indexed filter/group mappings.,test:native-codecs (19); real uploaded CSV import/export/re-import (180 rows); desktop Excel gate separately Blocked,frontend-react/packages/exchange-excel-ooxml/src/native-codecs.ts; frontend-react/packages/exchange-excel-ooxml/src/native-codecs.ts; frontend-react/packages/exchange-excel-ooxml/src/native-codecs.ts; frontend-react/packages/exchange-excel-ooxml/src/native-codecs.ts; frontend-react/packages/exchange-excel-ooxml/src/native-codecs.ts; frontend-react/packages/spreadsheet-app/src/features/workbook-catalog/service.ts; backend/src/main/java/com/xc/luckysheet/server/service/WorkbookCatalogService.java,2026-08-28T07:09:05.357470+00:00,22d82876fd63fa253e51f9d4ffbbe5b288518409,frontend-react/packages/exchange-excel-ooxml/src/native-codecs.ts; frontend-react/packages/exchange-excel-ooxml/src/binary-native.ts,Implemented; acceptance incomplete,Native/codecs or explicit contract migration implemented/reviewed; desktop Excel and an applicable real Excel-file corpus are unavailable. Generated codec fixtures and the real uploaded CSV do not establish desktop Excel fidelity.
F088,commit:f9cac60aade48191a6ffeb5b6d7a9db4,Diff scan,Unbounded SVG icon paths can stall workbook rendering,low,new,7e1a589f13fa73f914926102efce4e04c68d84ed,5,Fixed,"Canonical input preflight bounds text, dimensions, depth and nodes; validates fonts/editors/TableSheet/image/map/chart/Pivot contracts before commit/render; chart vectors/matrices and caches have explicit budgets, wrapping uses bounded measurement.",SecurityRemediationTest; test:security-remediation (5); focused Pivot/render (98); chart/find/canvas (50); test:cell-ui (9); real browser editor/cancel/reload,frontend-react/packages/core-model/src/domain.ts; frontend-react/packages/core-model/src/snapshot.ts; backend/src/main/java/com/xc/luckysheet/server/contract/WorkbookSnapshotValidator.java; frontend-react/apps/web/src/components/canvas/drawing-renderers.ts; frontend-react/apps/web/src/components/canvas/drawing-renderers.ts; frontend-react/packages/render-engine/src/cell-renderer.ts,2026-08-28T05:34:42.588153+00:00,22d82876fd63fa253e51f9d4ffbbe5b288518409,frontend-react/packages/core-model/src/resource-budget.ts; backend/src/main/java/com/xc/luckysheet/server/contract/WorkbookSnapshotValidator.java,Implemented,
F089,commit:ecf4c421493c81918b6f9da5f081fa77,Diff scan,Quadratic text wrapping can freeze workbook viewers,low,new,f82bc7d95cf66d63dab1e2a21b749778435140ec,5,Fixed,"Canonical input preflight bounds text, dimensions, depth and nodes; validates fonts/editors/TableSheet/image/map/chart/Pivot contracts before commit/render; chart vectors/matrices and caches have explicit budgets, wrapping uses bounded measurement.",SecurityRemediationTest; test:security-remediation (5); focused Pivot/render (98); chart/find/canvas (50); test:cell-ui (9); real browser editor/cancel/reload,frontend-react/packages/render-engine/src/cell-text-layout.ts; frontend-react/packages/render-engine/src/cell-text-layout.ts; frontend-react/packages/render-engine/src/cell-renderer.ts,2026-08-27T13:35:53.903496+00:00,22d82876fd63fa253e51f9d4ffbbe5b288518409,frontend-react/packages/core-model/src/resource-budget.ts; backend/src/main/java/com/xc/luckysheet/server/contract/WorkbookSnapshotValidator.java,Implemented,
F090,commit:f05281e7609881919a40486e2435a1dd,Diff scan,SJS.TABLE permits unbounded nested formula evaluation,low,new,c8d7895cf0648b3d560ded326ed0894cffce5898,5,Fixed,Bound wildcard work and formula matrices/dependency expansion; share SJS recursion/work/deadline budgets and deterministic collation/context; value replacements keep formula-like text inert.,test:calculation-domain (446 + 5); test:security-remediation; find.replace exact-leading/whitespace/URL formula-like text and undo controls,frontend-react/packages/formula-engine/src/evaluator.ts; frontend-react/packages/formula-engine/src/formula-engine.ts; frontend-react/packages/formula-engine/src/functions/index.ts,2026-08-26T15:25:24.782041+00:00,22d82876fd63fa253e51f9d4ffbbe5b288518409,frontend-react/packages/formula-engine/src/formula-engine.ts; frontend-react/packages/formula-engine/src/wildcard.ts,Implemented,
F091,commit:52a207ae18948191a756e770a72f9680,Diff scan,Server leaves new formula anchors stale during structural edits,low,fixed,9bb516912257f3f7d0a5fc36140ef8e5d96617ee,regression,CurrentSafe,Reported path/callers reviewed against canonical implementation; no speculative rewrite of an already safe boundary.,Owning repository checks and source/caller review; see acceptance report and baseline comparison,frontend-react/packages/sheet-features/src/data-features.ts; frontend-react/packages/core-model/src/structural-transform.ts; backend/src/main/java/com/xc/luckysheet/server/mutation/SheetDataMutationDescriptor.java; backend/src/main/java/com/xc/luckysheet/server/mutation/StructuralSnapshotReducer.java; frontend-react/packages/spreadsheet-app/src/collaboration/collaboration-session.ts,2026-08-26T15:06:53.220233+00:00,22d82876fd63fa253e51f9d4ffbbe5b288518409,frontend-react/packages/sheet-features/src/data-features.ts; frontend-react/packages/core-model/src/structural-transform.ts; backend/src/main/java/com/xc/luckysheet/server/mutation/SheetDataMutationDescriptor.java; backend/src/main/java/com/xc/luckysheet/server/mutation/StructuralSnapshotReducer.java; frontend-react/packages/spreadsheet-app/src/collaboration/collaboration-session.ts,Existing boundary reviewed; shared regression changes may apply,
F092,commit:7b1b3536eb5c8191bcb93e11dc32dbba,Diff scan,Wildcard criteria regex enables client-side ReDoS,low,fixed,6aee270b209400918f63a8a5a4ae2b8ad29e9e13,regression,Fixed,Bound wildcard work and formula matrices/dependency expansion; share SJS recursion/work/deadline budgets and deterministic collation/context; value replacements keep formula-like text inert.,test:calculation-domain (446 + 5); test:security-remediation; find.replace exact-leading/whitespace/URL formula-like text and undo controls,frontend-react/packages/formula-engine/src/criteria.ts; frontend-react/packages/formula-engine/src/criteria.ts; frontend-react/packages/formula-engine/src/functions/statistical.ts; frontend-react/packages/formula-engine/src/functions/advanced.ts,2026-08-26T15:05:18.864310+00:00,22d82876fd63fa253e51f9d4ffbbe5b288518409,frontend-react/packages/formula-engine/src/formula-engine.ts; frontend-react/packages/formula-engine/src/wildcard.ts,Implemented,
F093,commit:ecc5c4de66248191b9ca7bf5fdadc0c6,Diff scan,Nested defined names cause exponential dependency expansion,low,fixed,bcb83f19d75f89d8af76c47ab0386873f35b3af2,regression,Fixed,Bound wildcard work and formula matrices/dependency expansion; share SJS recursion/work/deadline budgets and deterministic collation/context; value replacements keep formula-like text inert.,test:calculation-domain (446 + 5); test:security-remediation; find.replace exact-leading/whitespace/URL formula-like text and undo controls,frontend-react/packages/formula-engine/src/dependencies.ts; frontend-react/packages/formula-engine/src/formula-engine.ts; frontend-react/packages/formula-engine/src/formula-engine.ts; frontend-react/packages/spreadsheet-app/src/runtime.ts,2026-08-26T15:03:21.582466+00:00,22d82876fd63fa253e51f9d4ffbbe5b288518409,frontend-react/packages/formula-engine/src/formula-engine.ts; frontend-react/packages/formula-engine/src/wildcard.ts,Implemented,
F094,commit:8dbb1fa1679c8191be890f02e57e2634,Diff scan,Unbounded workbook collation can exhaust viewer clients,low,fixed,f98b236172ea0b742fb3775fae3bff29a3ac02d9,regression,Fixed,Bound wildcard work and formula matrices/dependency expansion; share SJS recursion/work/deadline budgets and deterministic collation/context; value replacements keep formula-like text inert.,test:calculation-domain (446 + 5); test:security-remediation; find.replace exact-leading/whitespace/URL formula-like text and undo controls,backend/src/main/java/com/xc/luckysheet/server/contract/WorkbookSnapshotValidator.java; backend/src/main/java/com/xc/luckysheet/server/service/WorkbookCatalogService.java; frontend-react/packages/core-model/src/snapshot.ts; frontend-react/packages/core-model/src/index.ts; frontend-react/packages/formula-engine/src/collation.ts; frontend-react/packages/formula-engine/src/collation.ts; frontend-react/packages/formula-engine/src/collation.ts; frontend-react/packages/formula-engine/src/functions/dynamic-array.ts; frontend-react/packages/spreadsheet-app/src/runtime.ts,2026-08-26T14:59:14.046245+00:00,22d82876fd63fa253e51f9d4ffbbe5b288518409,frontend-react/packages/formula-engine/src/formula-engine.ts; frontend-react/packages/formula-engine/src/wildcard.ts,Implemented,
F095,commit:e57767bf252c81919507ab9b0b89f68c,Diff scan,Range-tree rebuild enables client-side workbook denial of service,low,fixed,c37c8531bec9bd5c48aa1e8aae9ce55d5a900b40,regression,CurrentSafe,Reported path/callers reviewed against canonical implementation; no speculative rewrite of an already safe boundary.,Owning repository checks and source/caller review; see acceptance report and baseline comparison,frontend-react/packages/formula-engine/src/range-index.ts; frontend-react/packages/formula-engine/src/range-index.ts; frontend-react/packages/formula-engine/src/range-index.ts; frontend-react/packages/spreadsheet-app/src/runtime.ts,2026-08-26T14:33:53.613605+00:00,22d82876fd63fa253e51f9d4ffbbe5b288518409,frontend-react/packages/formula-engine/src/range-index.ts; frontend-react/packages/formula-engine/src/range-index.ts; frontend-react/packages/formula-engine/src/range-index.ts; frontend-react/packages/spreadsheet-app/src/runtime.ts,Existing boundary reviewed; shared regression changes may apply,
F096,commit:bb0fe1866d9c81919e32472d3c1750ab,Diff scan,Range operators allow unbounded client-side matrix allocation,low,fixed,54c33e79e19cf30ad748a5860bde209541fc946e,regression,Fixed,Bound wildcard work and formula matrices/dependency expansion; share SJS recursion/work/deadline budgets and deterministic collation/context; value replacements keep formula-like text inert.,test:calculation-domain (446 + 5); test:security-remediation; find.replace exact-leading/whitespace/URL formula-like text and undo controls,frontend-react/packages/formula-engine/src/evaluator.ts; frontend-react/packages/formula-engine/src/evaluator.ts; frontend-react/packages/formula-engine/src/evaluator.ts; frontend-react/packages/formula-engine/src/evaluator.ts; frontend-react/packages/formula-engine/src/formula-engine.ts; frontend-react/packages/formula-engine/src/formula-engine.ts; frontend-react/packages/spreadsheet-app/src/runtime.ts,2026-08-26T14:33:43.533535+00:00,22d82876fd63fa253e51f9d4ffbbe5b288518409,frontend-react/packages/formula-engine/src/formula-engine.ts; frontend-react/packages/formula-engine/src/wildcard.ts,Implemented,
F097,commit:718bee6652748191902d61d21d1fd1fa,Diff scan,Unbounded vertical shape text enables stored client-side DoS,low,new,bdc162d95ccb706ac87378bfe1d57f33cf74ca27,5,Fixed,"Canonical input preflight bounds text, dimensions, depth and nodes; validates fonts/editors/TableSheet/image/map/chart/Pivot contracts before commit/render; chart vectors/matrices and caches have explicit budgets, wrapping uses bounded measurement.",SecurityRemediationTest; test:security-remediation (5); focused Pivot/render (98); chart/find/canvas (50); test:cell-ui (9); real browser editor/cancel/reload,frontend-react/apps/web/src/components/canvas/drawing-renderers.ts; frontend-react/packages/core-model/src/domain.ts; backend/src/main/java/com/xc/luckysheet/server/mutation/DrawingMutationDescriptor.java,2026-08-26T02:06:57.395535+00:00,22d82876fd63fa253e51f9d4ffbbe5b288518409,frontend-react/packages/core-model/src/resource-budget.ts; backend/src/main/java/com/xc/luckysheet/server/contract/WorkbookSnapshotValidator.java,Implemented,
F098,commit:c51392b2a72c8191a99b150ab07b3f75,Diff scan,Fill alignment can crash viewers with oversized columns,low,new,a317679988fc0d010639393c84fa279638c42007,5,Fixed,"Canonical input preflight bounds text, dimensions, depth and nodes; validates fonts/editors/TableSheet/image/map/chart/Pivot contracts before commit/render; chart vectors/matrices and caches have explicit budgets, wrapping uses bounded measurement.",SecurityRemediationTest; test:security-remediation (5); focused Pivot/render (98); chart/find/canvas (50); test:cell-ui (9); real browser editor/cancel/reload,frontend-react/packages/core-model/src/alignment.ts; backend/src/main/java/com/xc/luckysheet/server/mutation/MutationDescriptorRegistry.java; backend/src/main/java/com/xc/luckysheet/server/mutation/MutationDescriptorRegistry.java; frontend-react/packages/render-engine/src/cell-renderer.ts; frontend-react/packages/render-engine/src/cell-renderer.ts,2026-08-26T01:01:22.928687+00:00,22d82876fd63fa253e51f9d4ffbbe5b288518409,frontend-react/packages/core-model/src/resource-budget.ts; backend/src/main/java/com/xc/luckysheet/server/contract/WorkbookSnapshotValidator.java,Implemented,
F099,commit:9e0ae986e5a88191af35da7163e2fdc2,Diff scan,Find/replace can activate inert text as an Excel formula,low,new,1e0ef02d819a4ce7ef84bab292f817ea9d9e7d10,5,Fixed,Bound wildcard work and formula matrices/dependency expansion; share SJS recursion/work/deadline budgets and deterministic collation/context; value replacements keep formula-like text inert.,test:calculation-domain (446 + 5); test:security-remediation; find.replace exact-leading/whitespace/URL formula-like text and undo controls,frontend-react/packages/sheet-features/src/home-commands.ts; frontend-react/packages/sheet-features/src/home-commands.ts; frontend-react/packages/sheet-features/src/home-commands.ts; frontend-react/packages/sheet-features/src/home-commands.ts; frontend-react/packages/exchange-excel-ooxml/src/ooxml.ts,2026-08-25T23:01:13.575166+00:00,22d82876fd63fa253e51f9d4ffbbe5b288518409,frontend-react/packages/formula-engine/src/formula-engine.ts; frontend-react/packages/formula-engine/src/wildcard.ts,Implemented,
F100,commit:ae3474ed09c88191a798f44466d17035,Diff scan,Missing date context lets filters crash shared workbooks,low,fixed,e4810e23f4b7b5d20897bf9ebdd6d98c86fac232,regression,CurrentSafe,Reported path/callers reviewed against canonical implementation; no speculative rewrite of an already safe boundary.,Owning repository checks and source/caller review; see acceptance report and baseline comparison,frontend-react/packages/sheet-features/src/data-features.ts; frontend-react/packages/sheet-features/src/data-features.ts; frontend-react/packages/spreadsheet-app/src/runtime.ts; frontend-react/packages/spreadsheet-app/src/workbook-session.ts; frontend-react/packages/spreadsheet-app/src/workbook-session.ts; backend/src/main/java/com/xc/luckysheet/server/mutation/SheetDataMutationDescriptor.java; backend/src/main/java/com/xc/luckysheet/server/mutation/SheetDataMutationDescriptor.java; frontend-react/apps/web/src/components/WorkspaceErrorBoundary.tsx,2026-08-25T22:44:03.447504+00:00,22d82876fd63fa253e51f9d4ffbbe5b288518409,frontend-react/packages/sheet-features/src/data-features.ts; frontend-react/packages/sheet-features/src/data-features.ts; frontend-react/packages/spreadsheet-app/src/runtime.ts; frontend-react/packages/spreadsheet-app/src/workbook-session.ts; frontend-react/packages/spreadsheet-app/src/workbook-session.ts; backend/src/main/java/com/xc/luckysheet/server/mutation/SheetDataMutationDescriptor.java; backend/src/main/java/com/xc/luckysheet/server/mutation/SheetDataMutationDescriptor.java; frontend-react/apps/web/src/components/WorkspaceErrorBoundary.tsx,Existing boundary reviewed; shared regression changes may apply,
F101,commit:97cb84e1269081919f0d3582c92b10f5,Diff scan,Unstable effect dependency can crash the filter popover,low,new,72b710abec93b25a1b505373e2bf5a445502a39b,7,CurrentSafe,Reported path/callers reviewed against canonical implementation; no speculative rewrite of an already safe boundary.,Owning repository checks and source/caller review; see acceptance report and baseline comparison,frontend-react/apps/web/src/components/FilterPopover.tsx; frontend-react/apps/web/src/components/FilterPopover.tsx,2026-08-25T22:42:03.336948+00:00,22d82876fd63fa253e51f9d4ffbbe5b288518409,frontend-react/apps/web/src/components/FilterPopover.tsx; frontend-react/apps/web/src/components/FilterPopover.tsx,Existing boundary reviewed; shared regression changes may apply,
F102,commit:46aaf8b3d4488191bf97ae19e7b34368,Diff scan,Quadratic pivot conflict tracking enables client-side DoS,low,new,98d7fcf67efce548e83824bb1dc0849fecc011c7,6,Fixed,Bound date windows and graph/relationship work; canonicalize filter scope before duplicate identity; scope controls by sheet and drawing; keep calculated catalogs canonical and grouped slicer keys aligned; preflight chart matrix cells.,focused Pivot/render (98); test:security-remediation timeline bounds; test:unit baseline comparison (no candidate-only failures),frontend-react/packages/spreadsheet-app/src/features/pivot/engine.ts; frontend-react/packages/spreadsheet-app/src/features/pivot/engine.ts; frontend-react/packages/spreadsheet-app/src/ui-snapshot.ts; frontend-react/packages/protocol/src/index.ts,2026-08-25T20:12:46.037112+00:00,22d82876fd63fa253e51f9d4ffbbe5b288518409,frontend-react/packages/spreadsheet-app/src/features/pivot/engine.ts; frontend-react/packages/core-model/src/pivot.ts,Implemented,
F103,commit:a7759554f9cc819192139b75051373e1,Diff scan,Malformed Pivot formats can poison collaborative workbooks,low,new,1f8cc722deb921cc55c9b55a8bf6d07b12ad89c8,6,Blocked,"Canonical input preflight bounds text, dimensions, depth and nodes; validates fonts/editors/TableSheet/image/map/chart/Pivot contracts before commit/render; chart vectors/matrices and caches have explicit budgets, wrapping uses bounded measurement.",SecurityRemediationTest; test:security-remediation (5); focused Pivot/render (98); chart/find/canvas (50); test:cell-ui (9); real browser editor/cancel/reload,frontend-react/packages/core-model/src/pivot.ts; frontend-react/packages/core-model/src/pivot.ts; frontend-react/packages/core-model/src/snapshot.ts; backend/src/main/java/com/xc/luckysheet/server/mutation/PivotMutationDescriptor.java; backend/src/main/java/com/xc/luckysheet/server/mutation/PivotMutationDescriptor.java; frontend-react/packages/protocol/src/index.ts,2026-08-25T18:36:48.574075+00:00,22d82876fd63fa253e51f9d4ffbbe5b288518409,frontend-react/packages/core-model/src/resource-budget.ts; backend/src/main/java/com/xc/luckysheet/server/contract/WorkbookSnapshotValidator.java,Implemented; acceptance incomplete,Native/codecs or explicit contract migration implemented/reviewed; desktop Excel and an applicable real Excel-file corpus are unavailable. Generated codec fixtures and the real uploaded CSV do not establish desktop Excel fidelity.
F104,commit:5d7ef63feab88191873da78a68c0f57a,Diff scan,Quadratic Pivot filter mapping enables browser-worker DoS,low,fixed,7955835b30c283077213b77167412f1dd12f53be,regression,Blocked,Enforce parser limits before expansion/inflation/copying; claim CFB allocation sectors and aggregate stream budgets; escape even untouched CSV artifacts; typed native Pivot metadata and indexed filter/group mappings.,test:native-codecs (19); real uploaded CSV import/export/re-import (180 rows); desktop Excel gate separately Blocked,frontend-react/packages/exchange-excel-ooxml/src/native-pivot.ts; frontend-react/packages/exchange-excel-ooxml/src/native-pivot.ts; frontend-react/packages/exchange-excel-ooxml/src/native-pivot.ts,2026-08-25T18:36:00.153714+00:00,22d82876fd63fa253e51f9d4ffbbe5b288518409,frontend-react/packages/exchange-excel-ooxml/src/native-codecs.ts; frontend-react/packages/exchange-excel-ooxml/src/binary-native.ts,Implemented; acceptance incomplete,Native/codecs or explicit contract migration implemented/reviewed; desktop Excel and an applicable real Excel-file corpus are unavailable. Generated codec fixtures and the real uploaded CSV do not establish desktop Excel fidelity.
F105,commit:b07105f88d908191bd60dbe152cba8d3,Diff scan,Out-of-range Pivot dates crash shared workbook rendering,low,new,c746cc4c745e26afbd987dbd9ffeb172a00144e8,6,Fixed,"Canonical input preflight bounds text, dimensions, depth and nodes; validates fonts/editors/TableSheet/image/map/chart/Pivot contracts before commit/render; chart vectors/matrices and caches have explicit budgets, wrapping uses bounded measurement.",SecurityRemediationTest; test:security-remediation (5); focused Pivot/render (98); chart/find/canvas (50); test:cell-ui (9); real browser editor/cancel/reload,frontend-react/apps/web/src/components/canvas/drawing-renderers.ts; frontend-react/apps/web/src/components/canvas/drawing-renderers.ts; frontend-react/apps/web/src/components/SheetCanvas.tsx; frontend-react/apps/web/src/editor/EditorShell.tsx; frontend-react/packages/core-model/src/pivot.ts; frontend-react/packages/protocol/src/index.ts; frontend-react/packages/protocol/src/index.ts,2026-08-25T17:24:40.444188+00:00,22d82876fd63fa253e51f9d4ffbbe5b288518409,frontend-react/packages/core-model/src/resource-budget.ts; backend/src/main/java/com/xc/luckysheet/server/contract/WorkbookSnapshotValidator.java,Implemented,
F106,commit:e9afa7deb72481919d5144457a55f7d1,Diff scan,Type-coerced date units enable client-side pivot DoS,low,new,e5b41c8265b1e735a142aeb0e6be3ac1cfb618d6,6,Fixed,"Canonical input preflight bounds text, dimensions, depth and nodes; validates fonts/editors/TableSheet/image/map/chart/Pivot contracts before commit/render; chart vectors/matrices and caches have explicit budgets, wrapping uses bounded measurement.",SecurityRemediationTest; test:security-remediation (5); focused Pivot/render (98); chart/find/canvas (50); test:cell-ui (9); real browser editor/cancel/reload,frontend-react/packages/protocol/src/index.ts; frontend-react/packages/spreadsheet-app/src/features/pivot/engine.ts; frontend-react/packages/spreadsheet-app/src/ui-snapshot.ts; backend/src/main/java/com/xc/luckysheet/server/contract/WorkbookSnapshotValidator.java; backend/src/main/java/com/xc/luckysheet/server/service/WorkbookCatalogService.java,2026-08-25T16:52:21.362226+00:00,22d82876fd63fa253e51f9d4ffbbe5b288518409,frontend-react/packages/core-model/src/resource-budget.ts; backend/src/main/java/com/xc/luckysheet/server/contract/WorkbookSnapshotValidator.java,Implemented,
F107,commit:2a15de50af208191ac007f24386a1708,Diff scan,Unvalidated Pivot metadata injects XML into exported XLSX,low,fixed,f2ad530771a0f8d02bd163d035d26b78abc9235a,regression,Blocked,Enforce parser limits before expansion/inflation/copying; claim CFB allocation sectors and aggregate stream budgets; escape even untouched CSV artifacts; typed native Pivot metadata and indexed filter/group mappings.,test:native-codecs (19); real uploaded CSV import/export/re-import (180 rows); desktop Excel gate separately Blocked,frontend-react/packages/core-model/src/pivot.ts; frontend-react/packages/protocol/src/index.ts; backend/src/main/java/com/xc/luckysheet/server/contract/WorkbookSnapshotValidator.java; frontend-react/packages/exchange-excel-ooxml/src/native-pivot.ts; frontend-react/packages/exchange-excel-ooxml/src/native-pivot.ts; frontend-react/packages/exchange-excel-ooxml/src/native-pivot.ts,2026-08-25T14:56:42.080792+00:00,22d82876fd63fa253e51f9d4ffbbe5b288518409,frontend-react/packages/exchange-excel-ooxml/src/native-codecs.ts; frontend-react/packages/exchange-excel-ooxml/src/binary-native.ts,Implemented; acceptance incomplete,Native/codecs or explicit contract migration implemented/reviewed; desktop Excel and an applicable real Excel-file corpus are unavailable. Generated codec fixtures and the real uploaded CSV do not establish desktop Excel fidelity.
F108,commit:181d3e67d254819186b4754d6bc341d5,Diff scan,PivotChart export allows OOXML and formula injection,low,fixed,b43b4ecbb62ddbea3628a71042286a639403ea51,regression,Blocked,Reported path/callers reviewed against canonical implementation; no speculative rewrite of an already safe boundary.,Owning repository checks and source/caller review; see acceptance report and baseline comparison,frontend-react/packages/exchange-excel-ooxml/src/native-chart.ts; frontend-react/packages/exchange-excel-ooxml/src/native-chart.ts; frontend-react/packages/exchange-excel-ooxml/src/ooxml.ts; backend/src/main/java/com/xc/luckysheet/server/mutation/WorkbookStructureMutationDescriptor.java,2026-08-25T14:03:39.754532+00:00,22d82876fd63fa253e51f9d4ffbbe5b288518409,frontend-react/packages/exchange-excel-ooxml/src/native-chart.ts; frontend-react/packages/exchange-excel-ooxml/src/native-chart.ts; frontend-react/packages/exchange-excel-ooxml/src/ooxml.ts; backend/src/main/java/com/xc/luckysheet/server/mutation/WorkbookStructureMutationDescriptor.java,Implemented; acceptance incomplete,Native/codecs or explicit contract migration implemented/reviewed; desktop Excel and an applicable real Excel-file corpus are unavailable. Generated codec fixtures and the real uploaded CSV do not establish desktop Excel fidelity.
F109,commit:dc7fea66dbec8191b1949b9c9de5e2c1,Diff scan,Pivot group import permits quadratic CPU exhaustion,low,fixed,3b8377ca9d20f7b92e5f9a24b7f31b249ef01a01,regression,Blocked,Enforce parser limits before expansion/inflation/copying; claim CFB allocation sectors and aggregate stream budgets; escape even untouched CSV artifacts; typed native Pivot metadata and indexed filter/group mappings.,test:native-codecs (19); real uploaded CSV import/export/re-import (180 rows); desktop Excel gate separately Blocked,frontend-react/packages/exchange-excel-ooxml/src/native-pivot.ts; frontend-react/packages/exchange-excel-ooxml/src/native-pivot.ts; frontend-react/packages/exchange-excel-ooxml/src/native-pivot.ts; frontend-react/packages/exchange-excel-ooxml/src/native-pivot.ts,2026-08-25T12:56:28.913165+00:00,22d82876fd63fa253e51f9d4ffbbe5b288518409,frontend-react/packages/exchange-excel-ooxml/src/native-codecs.ts; frontend-react/packages/exchange-excel-ooxml/src/binary-native.ts,Implemented; acceptance incomplete,Native/codecs or explicit contract migration implemented/reviewed; desktop Excel and an applicable real Excel-file corpus are unavailable. Generated codec fixtures and the real uploaded CSV do not establish desktop Excel fidelity.
F110,commit:7c5ab74eb39c8191b10ed08f32e430a8,Diff scan,Unbounded format tokenization can freeze collaborator browsers,low,new,d999174b3f87b4a7e815f409c2e3923a6c53233c,5,Fixed,"Canonical input preflight bounds text, dimensions, depth and nodes; validates fonts/editors/TableSheet/image/map/chart/Pivot contracts before commit/render; chart vectors/matrices and caches have explicit budgets, wrapping uses bounded measurement.",SecurityRemediationTest; test:security-remediation (5); focused Pivot/render (98); chart/find/canvas (50); test:cell-ui (9); real browser editor/cancel/reload,frontend-react/packages/number-format/src/index.ts; frontend-react/packages/number-format/src/index.ts; frontend-react/packages/spreadsheet-app/src/ui-command-catalog/index.ts; frontend-react/packages/sheet-features/src/index.ts; backend/src/main/java/com/xc/luckysheet/server/mutation/MutationDescriptorRegistry.java,2026-08-25T12:01:30.079696+00:00,22d82876fd63fa253e51f9d4ffbbe5b288518409,frontend-react/packages/core-model/src/resource-budget.ts; backend/src/main/java/com/xc/luckysheet/server/contract/WorkbookSnapshotValidator.java,Implemented,
F111,commit:7c2fb0d35c2481918c11bb56d4c4d614,Diff scan,Image validation mismatch can desynchronize collaborators,low,new,42a9b06494b199550e53d6e24ad5c467c412984f,7,Fixed,"Canonical input preflight bounds text, dimensions, depth and nodes; validates fonts/editors/TableSheet/image/map/chart/Pivot contracts before commit/render; chart vectors/matrices and caches have explicit budgets, wrapping uses bounded measurement.",SecurityRemediationTest; test:security-remediation (5); focused Pivot/render (98); chart/find/canvas (50); test:cell-ui (9); real browser editor/cancel/reload,frontend-react/packages/spreadsheet-app/src/features/drawing/commands.ts; frontend-react/packages/spreadsheet-app/src/features/drawing/commands.ts; backend/src/main/java/com/xc/luckysheet/server/mutation/DrawingMutationDescriptor.java; frontend-react/apps/web/src/components/canvas/drawing-renderers.ts,2026-08-25T11:00:50.789144+00:00,22d82876fd63fa253e51f9d4ffbbe5b288518409,frontend-react/packages/core-model/src/resource-budget.ts; backend/src/main/java/com/xc/luckysheet/server/contract/WorkbookSnapshotValidator.java,Implemented,
F112,commit:4627166ef19c8191bf6e5ec1d47a0b87,Diff scan,Camera cache permits workbook-driven browser memory exhaustion,low,new,98fe18fa9637a01e43cb7c35e58551855a68fcb1,5,Fixed,"Canonical input preflight bounds text, dimensions, depth and nodes; validates fonts/editors/TableSheet/image/map/chart/Pivot contracts before commit/render; chart vectors/matrices and caches have explicit budgets, wrapping uses bounded measurement.",SecurityRemediationTest; test:security-remediation (5); focused Pivot/render (98); chart/find/canvas (50); test:cell-ui (9); real browser editor/cancel/reload,frontend-react/apps/web/src/components/canvas/drawing-renderers.ts; frontend-react/apps/web/src/components/canvas/drawing-renderers.ts; frontend-react/apps/web/src/components/canvas/drawing-renderers.ts; frontend-react/packages/render-engine/src/cell-renderer.ts; backend/src/main/java/com/xc/luckysheet/server/mutation/DrawingMutationDescriptor.java; backend/src/main/java/com/xc/luckysheet/server/mutation/DrawingMutationDescriptor.java,2026-08-25T10:56:42.061010+00:00,22d82876fd63fa253e51f9d4ffbbe5b288518409,frontend-react/packages/core-model/src/resource-budget.ts; backend/src/main/java/com/xc/luckysheet/server/contract/WorkbookSnapshotValidator.java,Implemented,
F113,commit:c5af277e61d88191bdcfe4829cf4e773,Diff scan,Failed barcode edits leak into the next committed operation,low,fixed,cc3cf42c57f15cf22d1277cd45d8ebcdce822d5c,regression,CurrentSafe,Reported path/callers reviewed against canonical implementation; no speculative rewrite of an already safe boundary.,Owning repository checks and source/caller review; see acceptance report and baseline comparison,frontend-react/packages/spreadsheet-app/src/features/insert/commands.ts; frontend-react/packages/command-runtime/src/index.ts; frontend-react/packages/spreadsheet-app/src/runtime.ts,2026-08-25T10:39:48.736363+00:00,22d82876fd63fa253e51f9d4ffbbe5b288518409,frontend-react/packages/spreadsheet-app/src/features/insert/commands.ts; frontend-react/packages/command-runtime/src/index.ts; frontend-react/packages/spreadsheet-app/src/runtime.ts,Existing boundary reviewed; shared regression changes may apply,
F114,commit:f267d08890d88191be182d6151a04845,Diff scan,Unbounded Data Chart bindings enable persistent browser DoS,low,new,de3fb01c066d61cf1639f74d112b234001558388,5,Fixed,"Canonical input preflight bounds text, dimensions, depth and nodes; validates fonts/editors/TableSheet/image/map/chart/Pivot contracts before commit/render; chart vectors/matrices and caches have explicit budgets, wrapping uses bounded measurement.",SecurityRemediationTest; test:security-remediation (5); focused Pivot/render (98); chart/find/canvas (50); test:cell-ui (9); real browser editor/cancel/reload,backend/src/main/java/com/xc/luckysheet/server/mutation/DrawingMutationDescriptor.java; backend/src/main/java/com/xc/luckysheet/server/mutation/SnapshotMutationSupport.java; frontend-react/apps/web/src/components/canvas/drawing-renderers.ts,2026-08-25T10:22:20.939778+00:00,22d82876fd63fa253e51f9d4ffbbe5b288518409,frontend-react/packages/core-model/src/resource-budget.ts; backend/src/main/java/com/xc/luckysheet/server/contract/WorkbookSnapshotValidator.java,Implemented,
F115,commit:6e6643e2956c81918c904c5e7a01c9dc,Diff scan,Unbounded dynamic array formulas can freeze clients,low,fixed,db3299635f7d2c5562833b1c52537389585b93e6,regression,CurrentSafe,Reported path/callers reviewed against canonical implementation; no speculative rewrite of an already safe boundary.,Owning repository checks and source/caller review; see acceptance report and baseline comparison,frontend-react/packages/formula-engine/src/functions/index.ts; frontend-react/packages/formula-engine/src/functions/dynamic-array.ts; frontend-react/packages/formula-engine/src/functions/dynamic-array.ts; frontend-react/packages/spreadsheet-app/src/runtime.ts; frontend-react/packages/spreadsheet-app/src/runtime.ts,2026-08-24T12:32:54.059821+00:00,22d82876fd63fa253e51f9d4ffbbe5b288518409,frontend-react/packages/formula-engine/src/functions/index.ts; frontend-react/packages/formula-engine/src/functions/dynamic-array.ts; frontend-react/packages/formula-engine/src/functions/dynamic-array.ts; frontend-react/packages/spreadsheet-app/src/runtime.ts; frontend-react/packages/spreadsheet-app/src/runtime.ts,Existing boundary reviewed; shared regression changes may apply,
F116,commit:7fdc5cfbb978819194ea795d4ce50511,Diff scan,Blank-cell merge lookup can hang workbook rendering,low,fixed,9b370c295b2d925dd587515a557a9c3bd8adf6ee,regression,CurrentSafe,Reported path/callers reviewed against canonical implementation; no speculative rewrite of an already safe boundary.,Owning repository checks and source/caller review; see acceptance report and baseline comparison,frontend-react/apps/web/src/components/SheetCanvas.tsx; frontend-react/packages/render-engine/src/cell-renderer.ts; frontend-react/packages/render-engine/src/cell-renderer.ts; backend/src/main/java/com/xc/luckysheet/server/mutation/MutationDescriptorRegistry.java; backend/src/main/java/com/xc/luckysheet/server/mutation/MutationDescriptorRegistry.java,2026-08-24T12:15:55.087357+00:00,22d82876fd63fa253e51f9d4ffbbe5b288518409,frontend-react/apps/web/src/components/SheetCanvas.tsx; frontend-react/packages/render-engine/src/cell-renderer.ts; frontend-react/packages/render-engine/src/cell-renderer.ts; backend/src/main/java/com/xc/luckysheet/server/mutation/MutationDescriptorRegistry.java; backend/src/main/java/com/xc/luckysheet/server/mutation/MutationDescriptorRegistry.java,Existing boundary reviewed; shared regression changes may apply,
F117,commit:b727eecd2c808191b61d42dc95e4d12c,Diff scan,Invalid dynamic filters crash workbook rendering,low,fixed,d4efc550d60899ede5f87f66ed0db5111fdcea2c,regression,CurrentSafe,Reported path/callers reviewed against canonical implementation; no speculative rewrite of an already safe boundary.,Owning repository checks and source/caller review; see acceptance report and baseline comparison,frontend-react/packages/exchange-excel-ooxml/src/ooxml.ts; frontend-react/packages/sheet-features/src/data-features.ts; frontend-react/packages/sheet-features/src/data-features.ts; frontend-react/packages/sheet-features/src/data-features.ts,2026-08-24T11:58:20.912285+00:00,22d82876fd63fa253e51f9d4ffbbe5b288518409,frontend-react/packages/exchange-excel-ooxml/src/ooxml.ts; frontend-react/packages/sheet-features/src/data-features.ts; frontend-react/packages/sheet-features/src/data-features.ts; frontend-react/packages/sheet-features/src/data-features.ts,Existing boundary reviewed; shared regression changes may apply,
F118,commit:1c165513a5948191b943a2a2eab9dcae,Diff scan,Compound AutoFilter sort is rejected by the permission gate,informational,new,ec830e7f55c830a103b882998a03d6e63efdce14,7,Fixed,Shared AutoFilter permission owner; omitted print-title axis preserved; hidden geometry uses zoomed sizes; server find replacement uses exact preimages and bounded collision-free patch identities; AutoSum avoids overwriting source; sparkline source sheet preserved.,MutationDescriptorRegistryTest; chart/find/canvas (50); test:cell-ui (9); test:unit comparison resolves two baseline AutoFilter failures,frontend-react/packages/spreadsheet-app/src/features/data-source/commands.ts; frontend-react/packages/spreadsheet-app/src/workbook-session.ts; frontend-react/packages/spreadsheet-app/src/workbook-session.ts; frontend-react/packages/spreadsheet-app/src/permission-service.ts; frontend-react/packages/protocol/src/generated-contract.ts; frontend-react/packages/protocol/src/generated-contract.ts,2026-09-22T13:47:04.752006+00:00,22d82876fd63fa253e51f9d4ffbbe5b288518409,frontend-react/packages/spreadsheet-app/src/features/find-replace/commands.ts; backend/src/main/java/com/xc/luckysheet/server/mutation/FindReplacementDescriptor.java,Implemented,
F119,commit:6011153f726c8191951e55f0e046f845,Diff scan,Missing type import breaks the frontend build,informational,new,4e9a001e551e3c0911d9e0b1f3ab3ca3ef665248,0,CurrentSafe,Reported path/callers reviewed against canonical implementation; no speculative rewrite of an already safe boundary.,Owning repository checks and source/caller review; see acceptance report and baseline comparison,frontend-react/packages/spreadsheet-app/src/features/pivot/panel-state.ts; frontend-react/packages/spreadsheet-app/src/features/pivot/panel-state.ts,2026-09-22T13:46:09.414137+00:00,22d82876fd63fa253e51f9d4ffbbe5b288518409,frontend-react/packages/spreadsheet-app/src/features/pivot/panel-state.ts; frontend-react/packages/spreadsheet-app/src/features/pivot/panel-state.ts,Existing boundary reviewed; shared regression changes may apply,
F120,commit:90aef78d404c81919ad9e6b8e3eef3e0,Diff scan,Large include buckets fail pivot filter evaluation,informational,new,e4e83a7563c3915e13f7166ec0b6fccfa0d8b2e5,6,Fixed,Bound date windows and graph/relationship work; canonicalize filter scope before duplicate identity; scope controls by sheet and drawing; keep calculated catalogs canonical and grouped slicer keys aligned; preflight chart matrix cells.,focused Pivot/render (98); test:security-remediation timeline bounds; test:unit baseline comparison (no candidate-only failures),frontend-react/packages/spreadsheet-app/src/features/pivot/engine.ts; frontend-react/packages/spreadsheet-app/src/features/pivot/engine.ts,2026-09-22T06:37:40.198507+00:00,22d82876fd63fa253e51f9d4ffbbe5b288518409,frontend-react/packages/spreadsheet-app/src/features/pivot/engine.ts; frontend-react/packages/core-model/src/pivot.ts,Implemented,
F121,commit:7d2c34aab40c8191871a249cf338a7e9,Diff scan,Committed scripts expose a persistent local admin password,informational,new,818430c73dd4edca261d37f1b3922e26ac95e03e,3,Blocked,Reported path/callers reviewed against canonical implementation; no speculative rewrite of an already safe boundary.,Owning repository checks and source/caller review; see acceptance report and baseline comparison,output/playwright/pivot-perf/init-admin.sh; output/playwright/pivot-perf/init.log; output/playwright/pivot-perf/login-after-restart.sh; backend/src/main/java/com/xc/luckysheet/server/service/LocalAuthService.java,2026-09-22T06:37:37.142957+00:00,22d82876fd63fa253e51f9d4ffbbe5b288518409,output/playwright/pivot-perf/init-admin.sh; output/playwright/pivot-perf/init.log; output/playwright/pivot-perf/login-after-restart.sh; backend/src/main/java/com/xc/luckysheet/server/service/LocalAuthService.java,Implemented; acceptance incomplete,Persistent-password scripts/artifacts removed from tracking; deployed administrator password rotation and historical trace revocation require external confirmation.
F122,commit:17a5d5e196988191800945f1f1a28786,Diff scan,Cross-sheet control IDs overwrite pivot filter masks,informational,new,21d85a6948dd7ca2dce7dc9b31d8b8b71e12e371,6,Fixed,Bound date windows and graph/relationship work; canonicalize filter scope before duplicate identity; scope controls by sheet and drawing; keep calculated catalogs canonical and grouped slicer keys aligned; preflight chart matrix cells.,focused Pivot/render (98); test:security-remediation timeline bounds; test:unit baseline comparison (no candidate-only failures),frontend-react/packages/spreadsheet-app/src/features/pivot/engine.ts; frontend-react/packages/spreadsheet-app/src/features/pivot/engine.ts; frontend-react/packages/core-model/src/drawing-planner.ts; frontend-react/packages/core-model/src/snapshot.ts,2026-09-22T06:37:08.372774+00:00,22d82876fd63fa253e51f9d4ffbbe5b288518409,frontend-react/packages/spreadsheet-app/src/features/pivot/engine.ts; frontend-react/packages/core-model/src/pivot.ts,Implemented,
F123,commit:c80167287bbc8191b2b4aafd65c7a335,Diff scan,Out-of-extent style operations can poison workbook checkpoints,informational,new,3247c532222ae2df2dc65a806e306078ca33e858,7,Fixed,"Canonical input preflight bounds text, dimensions, depth and nodes; validates fonts/editors/TableSheet/image/map/chart/Pivot contracts before commit/render; chart vectors/matrices and caches have explicit budgets, wrapping uses bounded measurement.",SecurityRemediationTest; test:security-remediation (5); focused Pivot/render (98); chart/find/canvas (50); test:cell-ui (9); real browser editor/cancel/reload,backend/src/main/java/com/xc/luckysheet/server/contract/WorkbookSnapshotValidator.java; backend/src/main/java/com/xc/luckysheet/server/mutation/SnapshotMutationSupport.java; backend/src/main/java/com/xc/luckysheet/server/mutation/SnapshotMutationSupport.java; backend/src/main/java/com/xc/luckysheet/server/mutation/MutationDescriptorRegistry.java; backend/src/main/java/com/xc/luckysheet/server/service/WorkbookOperationService.java; backend/src/main/java/com/xc/luckysheet/server/service/WorkbookOperationService.java,2026-09-22T06:17:03.090197+00:00,22d82876fd63fa253e51f9d4ffbbe5b288518409,frontend-react/packages/core-model/src/resource-budget.ts; backend/src/main/java/com/xc/luckysheet/server/contract/WorkbookSnapshotValidator.java,Implemented,
F124,commit:62da4764244881919679834ca38195c5,Diff scan,Row-oriented chart updates create snapshots that reload rejects,informational,new,5d4b2a602a5e282fa2108aa54f599fe20e56dbfa,7,CurrentSafe,Reported path/callers reviewed against canonical implementation; no speculative rewrite of an already safe boundary.,Owning repository checks and source/caller review; see acceptance report and baseline comparison,frontend-react/packages/core-model/src/chart-range-bindings.ts; frontend-react/packages/spreadsheet-app/src/features/chart/commands.ts; frontend-react/packages/core-model/src/snapshot.ts; frontend-react/packages/spreadsheet-app/src/features/persistence/storage.ts,2026-09-22T06:15:42.966636+00:00,22d82876fd63fa253e51f9d4ffbbe5b288518409,frontend-react/packages/core-model/src/chart-range-bindings.ts; frontend-react/packages/spreadsheet-app/src/features/chart/commands.ts; frontend-react/packages/core-model/src/snapshot.ts; frontend-react/packages/spreadsheet-app/src/features/persistence/storage.ts,Existing boundary reviewed; shared regression changes may apply,
F125,commit:ff31618312608191920bd2d9651e7185,Diff scan,Lazy loading crashes filtered workbooks with unloaded pages,informational,new,4c4d05cacbf7725b0b5b8ec5de09f9dbacbdfd72,7,HistoricalRemoved,Reported legacy Rust/kernel/import-task/DOM/CI/trace path is absent from current runtime and callers; canonical React/TypeScript + Java 21 + H2 stack remains.,rg --files/source/caller review; check:stack; check:boundaries,frontend-react/packages/spreadsheet-app/src/runtime.ts; frontend-react/packages/spreadsheet-app/src/workbook-session.ts; frontend-react/packages/spreadsheet-app/src/ui-snapshot.ts; frontend-react/packages/sheet-features/src/data-features.ts; kernel/core/src/pages.rs,2026-09-08T11:17:47.262355+00:00,22d82876fd63fa253e51f9d4ffbbe5b288518409,frontend-react/packages/spreadsheet-app/src/runtime.ts; frontend-react/packages/spreadsheet-app/src/workbook-session.ts; frontend-react/packages/spreadsheet-app/src/ui-snapshot.ts; frontend-react/packages/sheet-features/src/data-features.ts; kernel/core/src/pages.rs,No change required,
F126,commit:f4918ae7a3d88191a49246b383b76777,Diff scan,OIDC tokens are embedded in published Playwright traces,informational,new,5cf21f2c8d2526123ac75db959fa0c8be3c2bb81,3,HistoricalRemoved,Reported legacy Rust/kernel/import-task/DOM/CI/trace path is absent from current runtime and callers; canonical React/TypeScript + Java 21 + H2 stack remains.,rg --files/source/caller review; check:stack; check:boundaries,frontend-react/e2e/support/workbook-fixtures.ts; frontend-react/e2e/support/workbook-fixtures.ts; frontend-react/playwright.config.ts; frontend-react/.gitignore; frontend-react/docs/acceptance.md,2026-09-08T10:55:30.524711+00:00,22d82876fd63fa253e51f9d4ffbbe5b288518409,frontend-react/e2e/support/workbook-fixtures.ts; frontend-react/e2e/support/workbook-fixtures.ts; frontend-react/playwright.config.ts; frontend-react/.gitignore; frontend-react/docs/acceptance.md,No change required,
F127,commit:183c2ebd89e48191971a0778bdb44e19,Diff scan,Ambiguous checkbox values crash workbook rendering,informational,new,482382b2a3b27f0743c6dfcbcde5fbc73556104b,7,Fixed,"Canonical input preflight bounds text, dimensions, depth and nodes; validates fonts/editors/TableSheet/image/map/chart/Pivot contracts before commit/render; chart vectors/matrices and caches have explicit budgets, wrapping uses bounded measurement.",SecurityRemediationTest; test:security-remediation (5); focused Pivot/render (98); chart/find/canvas (50); test:cell-ui (9); real browser editor/cancel/reload,frontend-react/packages/core-model/src/cell-editor.ts; frontend-react/packages/render-engine/src/cell-renderer.ts; backend/src/main/java/com/xc/luckysheet/server/mutation/MutationDescriptorRegistry.java; frontend-react/packages/core-model/src/snapshot.ts,2026-08-27T19:44:11.738523+00:00,22d82876fd63fa253e51f9d4ffbbe5b288518409,frontend-react/packages/core-model/src/resource-budget.ts; backend/src/main/java/com/xc/luckysheet/server/contract/WorkbookSnapshotValidator.java,Implemented,
F128,commit:f281182fbe9081919455d241398c9ade,Diff scan,Snapshot v9 bump strands all persisted v8 workbooks,informational,fixed,8f43dfc3ed90f44f59ca8e379e633fc890cc55d6,regression,Blocked,Explicit Flyway V14 snapshot/checkpoint/retained operation/outbox upgrade and V15 quota; browser snapshot upgrade verifies stored integrity first; runtime accepts canonical contracts and preserves unverified legacy journals by rejecting replay.,CanonicalFlywayMigrationIntegrationTest; WorkbookSnapshotValidatorTest; frontend persistence tests; real browser reload; recovery/Excel gate separately Blocked,backend/src/main/java/com/xc/luckysheet/server/contract/GeneratedWorkbookContract.java; backend/src/main/java/com/xc/luckysheet/server/contract/WorkbookSnapshotValidator.java; backend/src/main/java/com/xc/luckysheet/server/contract/WorkbookSnapshotValidator.java; backend/src/main/java/com/xc/luckysheet/server/service/WorkbookOperationService.java; contracts/workbook-snapshot.schema.json; frontend-react/packages/core-model/src/snapshot.ts,2026-08-27T19:42:16.464761+00:00,22d82876fd63fa253e51f9d4ffbbe5b288518409,backend/src/main/java/com/xc/luckysheet/server/migration/CanonicalLegacyContractsMigration.java; frontend-react/packages/core-model/src/snapshot.ts; frontend-react/packages/spreadsheet-app/src/features/persistence/storage.ts,Implemented; acceptance incomplete,Native/codecs or explicit contract migration implemented/reviewed; desktop Excel and an applicable real Excel-file corpus are unavailable. Generated codec fixtures and the real uploaded CSV do not establish desktop Excel fidelity.
F129,commit:46a34cc440b4819199093a0aa1de92f7,Diff scan,Pivot updates cannot be committed to the backend,informational,fixed,ef246e7ca7c5c9be0e387402d57e92a5066bbde8,regression,CurrentSafe,Reported path/callers reviewed against canonical implementation; no speculative rewrite of an already safe boundary.,Owning repository checks and source/caller review; see acceptance report and baseline comparison,frontend-react/packages/spreadsheet-app/src/workbook-session.ts; frontend-react/packages/spreadsheet-app/src/features/pivot/commands.ts; frontend-react/packages/protocol/src/index.ts; backend/src/main/java/com/xc/luckysheet/server/mutation/PivotMutationDescriptor.java; backend/src/main/java/com/xc/luckysheet/server/mutation/PivotMutationDescriptor.java; backend/src/main/java/com/xc/luckysheet/server/mutation/SnapshotMutationSupport.java,2026-08-27T16:25:21.226550+00:00,22d82876fd63fa253e51f9d4ffbbe5b288518409,frontend-react/packages/spreadsheet-app/src/workbook-session.ts; frontend-react/packages/spreadsheet-app/src/features/pivot/commands.ts; frontend-react/packages/protocol/src/index.ts; backend/src/main/java/com/xc/luckysheet/server/mutation/PivotMutationDescriptor.java; backend/src/main/java/com/xc/luckysheet/server/mutation/PivotMutationDescriptor.java; backend/src/main/java/com/xc/luckysheet/server/mutation/SnapshotMutationSupport.java,Existing boundary reviewed; shared regression changes may apply,
F130,commit:7a7fb0927ad88191bcceabc261a920f1,Diff scan,Structural transforms leave data-region used bounds stale,informational,fixed,58fdef78d4e7c8895e32015c5b68ac6892cd48ae,regression,CurrentSafe,Reported path/callers reviewed against canonical implementation; no speculative rewrite of an already safe boundary.,Owning repository checks and source/caller review; see acceptance report and baseline comparison,frontend-react/packages/core-model/src/index.ts; frontend-react/packages/core-model/src/index.ts; frontend-react/packages/core-model/src/structural-transform.ts; frontend-react/packages/core-model/src/structural-transform.ts; frontend-react/packages/spreadsheet-app/src/application-helpers.ts; frontend-react/packages/spreadsheet-app/src/ui-snapshot.ts,2026-08-27T13:34:47.467066+00:00,22d82876fd63fa253e51f9d4ffbbe5b288518409,frontend-react/packages/core-model/src/index.ts; frontend-react/packages/core-model/src/index.ts; frontend-react/packages/core-model/src/structural-transform.ts; frontend-react/packages/core-model/src/structural-transform.ts; frontend-react/packages/spreadsheet-app/src/application-helpers.ts; frontend-react/packages/spreadsheet-app/src/ui-snapshot.ts,Existing boundary reviewed; shared regression changes may apply,
F131,commit:ea4afcb8c5e48191bb9668925fdb9ef0,Diff scan,Workspace reconstruction bypasses persisted checksums,informational,fixed,b5159af1ed3737391dcac51a2ed5ca30ba6a7911,regression,Blocked,Explicit Flyway V14 snapshot/checkpoint/retained operation/outbox upgrade and V15 quota; browser snapshot upgrade verifies stored integrity first; runtime accepts canonical contracts and preserves unverified legacy journals by rejecting replay.,CanonicalFlywayMigrationIntegrationTest; WorkbookSnapshotValidatorTest; frontend persistence tests; real browser reload; recovery/Excel gate separately Blocked,frontend-react/packages/spreadsheet-app/src/features/persistence/storage.ts; frontend-react/packages/spreadsheet-app/src/features/persistence/storage.ts; frontend-react/packages/spreadsheet-app/src/features/persistence/storage.ts,2026-08-27T13:30:54.247503+00:00,22d82876fd63fa253e51f9d4ffbbe5b288518409,backend/src/main/java/com/xc/luckysheet/server/migration/CanonicalLegacyContractsMigration.java; frontend-react/packages/core-model/src/snapshot.ts; frontend-react/packages/spreadsheet-app/src/features/persistence/storage.ts,Implemented; acceptance incomplete,Modern snapshot/journal checksums verified before reconstruction; legacy browser journals with no persisted checksum have no trusted integrity baseline and require explicit recovery migration.
F132,commit:a41a847a2c448191bfce071770d8d2a1,Diff scan,Undefined root variable prevents backend compilation,informational,fixed,857bd000d692cd8c8f3892a2272332154a3a7441,regression,CurrentSafe,Reported path/callers reviewed against canonical implementation; no speculative rewrite of an already safe boundary.,Owning repository checks and source/caller review; see acceptance report and baseline comparison,backend/src/main/java/com/xc/luckysheet/server/mutation/StructuralSnapshotReducer.java; backend/src/main/java/com/xc/luckysheet/server/mutation/StructuralSnapshotReducer.java; backend/src/main/java/com/xc/luckysheet/server/mutation/StructuralSnapshotReducer.java,2026-08-26T15:40:21.241664+00:00,22d82876fd63fa253e51f9d4ffbbe5b288518409,backend/src/main/java/com/xc/luckysheet/server/mutation/StructuralSnapshotReducer.java; backend/src/main/java/com/xc/luckysheet/server/mutation/StructuralSnapshotReducer.java; backend/src/main/java/com/xc/luckysheet/server/mutation/StructuralSnapshotReducer.java,Existing boundary reviewed; shared regression changes may apply,
F133,commit:570cc89da0408191b6c46a598883c6fb,Diff scan,Sheet duplicate and delete use an undefined identifier,informational,fixed,b95ded1b71c8fb2f3a496efcc2e19bf084574681,regression,CurrentSafe,Reported path/callers reviewed against canonical implementation; no speculative rewrite of an already safe boundary.,Owning repository checks and source/caller review; see acceptance report and baseline comparison,frontend-react/packages/core-model/src/sheet-identity-transform.ts; frontend-react/packages/core-model/src/index.ts,2026-08-26T15:35:19.948263+00:00,22d82876fd63fa253e51f9d4ffbbe5b288518409,frontend-react/packages/core-model/src/sheet-identity-transform.ts; frontend-react/packages/core-model/src/index.ts,Existing boundary reviewed; shared regression changes may apply,
F134,commit:7efac5eb24c88191a66f23193275fa60,Diff scan,PivotChart insertion omits required pivotId,informational,new,8757b05844a6cec7186a94fdca9cb2b6c6afd008,6,CurrentSafe,Reported path/callers reviewed against canonical implementation; no speculative rewrite of an already safe boundary.,Owning repository checks and source/caller review; see acceptance report and baseline comparison,frontend-react/packages/spreadsheet-app/src/workbook-session.ts; frontend-react/packages/spreadsheet-app/src/insert-coordinator.ts; frontend-react/packages/spreadsheet-app/src/features/pivot/commands.ts,2026-08-26T15:32:38.880262+00:00,22d82876fd63fa253e51f9d4ffbbe5b288518409,frontend-react/packages/spreadsheet-app/src/workbook-session.ts; frontend-react/packages/spreadsheet-app/src/insert-coordinator.ts; frontend-react/packages/spreadsheet-app/src/features/pivot/commands.ts,Existing boundary reviewed; shared regression changes may apply,
F135,commit:df053a91aa988191b8c659de9ce00f09,Diff scan,Print-title updates clear the omitted title axis on sync,informational,fixed,8332e7bce9668e9b019bc206d57f6bb0e6a2a726,regression,Fixed,Shared AutoFilter permission owner; omitted print-title axis preserved; hidden geometry uses zoomed sizes; server find replacement uses exact preimages and bounded collision-free patch identities; AutoSum avoids overwriting source; sparkline source sheet preserved.,MutationDescriptorRegistryTest; chart/find/canvas (50); test:cell-ui (9); test:unit comparison resolves two baseline AutoFilter failures,frontend-react/packages/spreadsheet-app/src/features/print/commands.ts; backend/src/main/java/com/xc/luckysheet/server/mutation/WorkbookStateMutationDescriptor.java; frontend-react/packages/spreadsheet-app/src/workbook-session.ts,2026-08-26T15:22:12.579671+00:00,22d82876fd63fa253e51f9d4ffbbe5b288518409,frontend-react/packages/spreadsheet-app/src/features/find-replace/commands.ts; backend/src/main/java/com/xc/luckysheet/server/mutation/FindReplacementDescriptor.java,Implemented,
F136,commit:bb205d9d6b4881919c82301d592c6ef0,Diff scan,Range-backed validation can exhaust backend CPU,informational,fixed,48564345ebca7b015745df54821be6a8ad5b745e,regression,CurrentSafe,Reported path/callers reviewed against canonical implementation; no speculative rewrite of an already safe boundary.,Owning repository checks and source/caller review; see acceptance report and baseline comparison,backend/src/main/java/com/xc/luckysheet/server/mutation/CellEntryIntentAuthority.java; backend/src/main/java/com/xc/luckysheet/server/mutation/MutationDescriptorRegistry.java; backend/src/main/java/com/xc/luckysheet/server/mutation/SheetDataMutationDescriptor.java; backend/src/main/java/com/xc/luckysheet/server/mutation/SnapshotMutationSupport.java; backend/src/main/java/com/xc/luckysheet/server/mutation/SnapshotMutationSupport.java; backend/src/main/java/com/xc/luckysheet/server/service/WorkbookOperationService.java; backend/src/main/java/com/xc/luckysheet/server/service/WorkbookOperationService.java,2026-08-26T15:16:29.956821+00:00,22d82876fd63fa253e51f9d4ffbbe5b288518409,backend/src/main/java/com/xc/luckysheet/server/mutation/CellEntryIntentAuthority.java; backend/src/main/java/com/xc/luckysheet/server/mutation/MutationDescriptorRegistry.java; backend/src/main/java/com/xc/luckysheet/server/mutation/SheetDataMutationDescriptor.java; backend/src/main/java/com/xc/luckysheet/server/mutation/SnapshotMutationSupport.java; backend/src/main/java/com/xc/luckysheet/server/mutation/SnapshotMutationSupport.java; backend/src/main/java/com/xc/luckysheet/server/service/WorkbookOperationService.java; backend/src/main/java/com/xc/luckysheet/server/service/WorkbookOperationService.java,Existing boundary reviewed; shared regression changes may apply,
F137,commit:0c11a7b645c4819192dec68df5abb026,Diff scan,AGGREGATE reads references and k from the wrong arguments,informational,fixed,b0c9035252ac9baee62674cccc497b261d0037db,regression,CurrentSafe,Reported path/callers reviewed against canonical implementation; no speculative rewrite of an already safe boundary.,Owning repository checks and source/caller review; see acceptance report and baseline comparison,frontend-react/packages/formula-engine/src/functions/advanced.ts,2026-08-26T15:04:20.557605+00:00,22d82876fd63fa253e51f9d4ffbbe5b288518409,frontend-react/packages/formula-engine/src/functions/advanced.ts,Existing boundary reviewed; shared regression changes may apply,
F138,commit:3a7597b494ac8191990005de55bd4e0e,Diff scan,Single whole-row and column references serialize lossily,informational,new,6a8a92315e8a7390a00d5de3f0e099a14047c11e,7,CurrentSafe,Reported path/callers reviewed against canonical implementation; no speculative rewrite of an already safe boundary.,Owning repository checks and source/caller review; see acceptance report and baseline comparison,frontend-react/packages/formula-engine/src/ast-format.ts; frontend-react/packages/formula-engine/src/parser.ts; frontend-react/packages/formula-engine/src/formula-engine.ts; frontend-react/packages/sheet-features/src/clipboard.ts,2026-08-26T14:58:16.799365+00:00,22d82876fd63fa253e51f9d4ffbbe5b288518409,frontend-react/packages/formula-engine/src/ast-format.ts; frontend-react/packages/formula-engine/src/parser.ts; frontend-react/packages/formula-engine/src/formula-engine.ts; frontend-react/packages/sheet-features/src/clipboard.ts,Existing boundary reviewed; shared regression changes may apply,
F139,commit:4b1dff9d52bc8191b690521abad87136,Diff scan,Volatile functions fail inside formula-defined names,informational,fixed,59420327d5ccaba75b1a2965dbd1a1a3baf4094b,regression,Fixed,Bound wildcard work and formula matrices/dependency expansion; share SJS recursion/work/deadline budgets and deterministic collation/context; value replacements keep formula-like text inert.,test:calculation-domain (446 + 5); test:security-remediation; find.replace exact-leading/whitespace/URL formula-like text and undo controls,frontend-react/packages/formula-engine/src/functions/math.ts; frontend-react/packages/formula-engine/src/functions/dynamic-array.ts; frontend-react/packages/formula-engine/src/defined-names.ts; frontend-react/packages/formula-engine/src/formula-engine.ts,2026-08-26T14:48:19.801764+00:00,22d82876fd63fa253e51f9d4ffbbe5b288518409,frontend-react/packages/formula-engine/src/formula-engine.ts; frontend-react/packages/formula-engine/src/wildcard.ts,Implemented,
F140,commit:7238c06f1dbc8191a46955a9dc2778d3,Diff scan,Cell-shift planning mutates extent and breaks canonical replay,informational,fixed,60e9af98946bcbd6ee92799c45ca99b969bb484c,regression,CurrentSafe,Reported path/callers reviewed against canonical implementation; no speculative rewrite of an already safe boundary.,Owning repository checks and source/caller review; see acceptance report and baseline comparison,frontend-react/packages/core-model/src/structural-transform.ts; frontend-react/packages/core-model/src/structural-transform.ts; frontend-react/packages/sheet-features/src/editing/index.ts; frontend-react/packages/sheet-features/src/editing/index.ts; backend/src/main/java/com/xc/luckysheet/server/mutation/StructuralSnapshotReducer.java,2026-08-26T14:36:00.640871+00:00,22d82876fd63fa253e51f9d4ffbbe5b288518409,frontend-react/packages/core-model/src/structural-transform.ts; frontend-react/packages/core-model/src/structural-transform.ts; frontend-react/packages/sheet-features/src/editing/index.ts; frontend-react/packages/sheet-features/src/editing/index.ts; backend/src/main/java/com/xc/luckysheet/server/mutation/StructuralSnapshotReducer.java,Existing boundary reviewed; shared regression changes may apply,
F141,commit:c642bda61c1081918a57a7a0b841e60a,Diff scan,Required dateSystem breaks the fill planner return contract,informational,fixed,9dfd229ec563080a9f4c96dcb6f34bbc0d7630a2,regression,CurrentSafe,Reported path/callers reviewed against canonical implementation; no speculative rewrite of an already safe boundary.,Owning repository checks and source/caller review; see acceptance report and baseline comparison,frontend-react/packages/sheet-features/src/fill-series.ts; frontend-react/packages/sheet-features/src/fill-series.ts; frontend-react/packages/sheet-features/src/fill-series.ts; frontend-react/packages/sheet-features/src/fill-series.ts,2026-08-26T14:33:11.731659+00:00,22d82876fd63fa253e51f9d4ffbbe5b288518409,frontend-react/packages/sheet-features/src/fill-series.ts; frontend-react/packages/sheet-features/src/fill-series.ts; frontend-react/packages/sheet-features/src/fill-series.ts; frontend-react/packages/sheet-features/src/fill-series.ts,Existing boundary reviewed; shared regression changes may apply,
F142,commit:e49fe2d0b5c08191a5bf354303c6ea5e,Diff scan,Maximum safe coordinate produces an invalid sheet extent,informational,fixed,10d4cef249789fb11b2eb79ce222ac8f7e46f93f,regression,CurrentSafe,Reported path/callers reviewed against canonical implementation; no speculative rewrite of an already safe boundary.,Owning repository checks and source/caller review; see acceptance report and baseline comparison,frontend-react/packages/core-model/src/sheet-extent.ts; frontend-react/packages/core-model/src/sheet-extent.ts; frontend-react/packages/core-model/src/index.ts,2026-08-26T14:32:47.661894+00:00,22d82876fd63fa253e51f9d4ffbbe5b288518409,frontend-react/packages/core-model/src/sheet-extent.ts; frontend-react/packages/core-model/src/sheet-extent.ts; frontend-react/packages/core-model/src/index.ts,Existing boundary reviewed; shared regression changes may apply,
F143,commit:9e65e8c38b948191860ed2cd8ef6dba9,Diff scan,Sparse clear skips standalone notes and hyperlinks,informational,fixed,7dda59029d487b4e9b1b069c5d93bf3c0ff8565f,regression,CurrentSafe,Reported path/callers reviewed against canonical implementation; no speculative rewrite of an already safe boundary.,Owning repository checks and source/caller review; see acceptance report and baseline comparison,frontend-react/packages/sheet-features/src/clear-planner.ts; frontend-react/packages/core-model/src/index.ts; frontend-react/packages/spreadsheet-app/src/features/review/commands.ts; frontend-react/packages/spreadsheet-app/src/features/review/helpers.ts,2026-08-26T14:32:15.662232+00:00,22d82876fd63fa253e51f9d4ffbbe5b288518409,frontend-react/packages/sheet-features/src/clear-planner.ts; frontend-react/packages/core-model/src/index.ts; frontend-react/packages/spreadsheet-app/src/features/review/commands.ts; frontend-react/packages/spreadsheet-app/src/features/review/helpers.ts,Existing boundary reviewed; shared regression changes may apply,
F144,commit:e8e78f8c307c8191baad042d9f59843a,Diff scan,Hidden custom-size rows corrupt virtual sheet geometry,informational,new,f4a41ca5e04f28f1074f79e3efb8f47931bdc2b6,7,Fixed,Shared AutoFilter permission owner; omitted print-title axis preserved; hidden geometry uses zoomed sizes; server find replacement uses exact preimages and bounded collision-free patch identities; AutoSum avoids overwriting source; sparkline source sheet preserved.,MutationDescriptorRegistryTest; chart/find/canvas (50); test:cell-ui (9); test:unit comparison resolves two baseline AutoFilter failures,frontend-react/packages/render-engine/src/sheet-skeleton.ts; frontend-react/packages/render-engine/src/sheet-skeleton.ts,2026-08-26T14:31:24.021526+00:00,22d82876fd63fa253e51f9d4ffbbe5b288518409,frontend-react/packages/spreadsheet-app/src/features/find-replace/commands.ts; backend/src/main/java/com/xc/luckysheet/server/mutation/FindReplacementDescriptor.java,Implemented,
F145,commit:97821dad6cd08191a1133b5a9f2282e5,Diff scan,Cell Styles poison the production collaboration queue,informational,fixed,3442c8f0a0a197df52099e42487dcefa8129f6c7,regression,CurrentSafe,Reported path/callers reviewed against canonical implementation; no speculative rewrite of an already safe boundary.,Owning repository checks and source/caller review; see acceptance report and baseline comparison,frontend-react/packages/spreadsheet-app/src/ui-command-catalog/index.ts; frontend-react/packages/spreadsheet-app/src/workbook-session.ts; frontend-react/packages/sheet-features/src/home-commands.ts; backend/src/main/java/com/xc/luckysheet/server/mutation/MutationDescriptorRegistry.java; backend/src/main/java/com/xc/luckysheet/server/mutation/MutationDescriptorRegistry.java; frontend-react/packages/spreadsheet-app/src/collaboration/offline-queue.ts,2026-08-26T01:13:39.446247+00:00,22d82876fd63fa253e51f9d4ffbbe5b288518409,frontend-react/packages/spreadsheet-app/src/ui-command-catalog/index.ts; frontend-react/packages/spreadsheet-app/src/workbook-session.ts; frontend-react/packages/sheet-features/src/home-commands.ts; backend/src/main/java/com/xc/luckysheet/server/mutation/MutationDescriptorRegistry.java; backend/src/main/java/com/xc/luckysheet/server/mutation/MutationDescriptorRegistry.java; frontend-react/packages/spreadsheet-app/src/collaboration/offline-queue.ts,Existing boundary reviewed; shared regression changes may apply,
F146,commit:e7489ff6e0b48191953e88b8264abd89,Diff scan,Bulk row visibility cannot sync to the production backend,informational,fixed,c64e2e55af9ac4587a3fc0f86caae9c1eebf9c3b,regression,CurrentSafe,Reported path/callers reviewed against canonical implementation; no speculative rewrite of an already safe boundary.,Owning repository checks and source/caller review; see acceptance report and baseline comparison,frontend-react/packages/sheet-features/src/index.ts; frontend-react/packages/sheet-features/src/index.ts; frontend-react/packages/spreadsheet-app/src/workbook-session.ts; frontend-react/packages/spreadsheet-app/src/runtime.ts; backend/src/main/java/com/xc/luckysheet/server/mutation/MutationDescriptorRegistry.java,2026-08-26T00:57:56.751293+00:00,22d82876fd63fa253e51f9d4ffbbe5b288518409,frontend-react/packages/sheet-features/src/index.ts; frontend-react/packages/sheet-features/src/index.ts; frontend-react/packages/spreadsheet-app/src/workbook-session.ts; frontend-react/packages/spreadsheet-app/src/runtime.ts; backend/src/main/java/com/xc/luckysheet/server/mutation/MutationDescriptorRegistry.java,Existing boundary reviewed; shared regression changes may apply,
F147,commit:4e9adf0e610881919700bc8331475896,Diff scan,Online Find/Replace emits a mutation the backend rejects,informational,fixed,69dae3395f9d4105bdef12731314285339580eb5,regression,Fixed,Shared AutoFilter permission owner; omitted print-title axis preserved; hidden geometry uses zoomed sizes; server find replacement uses exact preimages and bounded collision-free patch identities; AutoSum avoids overwriting source; sparkline source sheet preserved.,"MutationDescriptorRegistryTest; chart/find/canvas (50); test:cell-ui (9); test:unit comparison resolves two baseline AutoFilter failures; FindReplacementDescriptorTest (actual browser match shape, inert text, undo, stale/duplicate/malformed rejection); committed real-browser replace and reload",frontend-react/packages/spreadsheet-app/src/features/find-replace/commands.ts; frontend-react/packages/spreadsheet-app/src/workbook-session.ts; backend/src/main/java/com/xc/luckysheet/server/mutation/MutationDescriptorRegistry.java; backend/src/main/java/com/xc/luckysheet/server/mutation/MutationDescriptorRegistry.java,2026-08-25T23:33:16.870114+00:00,22d82876fd63fa253e51f9d4ffbbe5b288518409,frontend-react/packages/spreadsheet-app/src/features/find-replace/commands.ts; backend/src/main/java/com/xc/luckysheet/server/mutation/FindReplacementDescriptor.java,Implemented,
F148,commit:362adbd73b508191a36617fa3ba6d7e2,Diff scan,AutoSum UI always rejects its own target range,informational,new,009d4b5239a70b5fee396834b6a2be91fc4da7c8,7,Fixed,Shared AutoFilter permission owner; omitted print-title axis preserved; hidden geometry uses zoomed sizes; server find replacement uses exact preimages and bounded collision-free patch identities; AutoSum avoids overwriting source; sparkline source sheet preserved.,MutationDescriptorRegistryTest; chart/find/canvas (50); test:cell-ui (9); test:unit comparison resolves two baseline AutoFilter failures,frontend-react/packages/sheet-features/src/home-commands.ts; frontend-react/packages/spreadsheet-app/src/workbook-session.ts; frontend-react/packages/spreadsheet-app/src/workbook-session.ts,2026-08-25T22:44:26.590509+00:00,22d82876fd63fa253e51f9d4ffbbe5b288518409,frontend-react/packages/spreadsheet-app/src/features/find-replace/commands.ts; backend/src/main/java/com/xc/luckysheet/server/mutation/FindReplacementDescriptor.java,Implemented,
F149,commit:35390ccacfdc8191b727eee0bc2f9635,Diff scan,Percent-running-total pivots are rejected during XLSX import,informational,fixed,1a09ef21ba077f04277cec40c392a3a2adea794d,regression,Blocked,Enforce parser limits before expansion/inflation/copying; claim CFB allocation sectors and aggregate stream budgets; escape even untouched CSV artifacts; typed native Pivot metadata and indexed filter/group mappings.,test:native-codecs (19); real uploaded CSV import/export/re-import (180 rows); desktop Excel gate separately Blocked,frontend-react/packages/exchange-excel-ooxml/src/native-pivot.ts; frontend-react/packages/exchange-excel-ooxml/src/native-pivot.ts; frontend-react/packages/exchange-excel-ooxml/src/native-pivot.ts,2026-08-25T21:52:57.372981+00:00,22d82876fd63fa253e51f9d4ffbbe5b288518409,frontend-react/packages/exchange-excel-ooxml/src/native-codecs.ts; frontend-react/packages/exchange-excel-ooxml/src/binary-native.ts,Implemented; acceptance incomplete,Native/codecs or explicit contract migration implemented/reviewed; desktop Excel and an applicable real Excel-file corpus are unavailable. Generated codec fixtures and the real uploaded CSV do not establish desktop Excel fidelity.
F150,commit:3f9132ca3c9c819186745a0c4daf57f8,Diff scan,Malformed pivot errors can make shared workbooks unloadable,informational,new,7159febc878bbb62690f7074cb3208b15ba2e233,6,Blocked,"Canonical input preflight bounds text, dimensions, depth and nodes; validates fonts/editors/TableSheet/image/map/chart/Pivot contracts before commit/render; chart vectors/matrices and caches have explicit budgets, wrapping uses bounded measurement.",SecurityRemediationTest; test:security-remediation (5); focused Pivot/render (98); chart/find/canvas (50); test:cell-ui (9); real browser editor/cancel/reload,backend/src/main/java/com/xc/luckysheet/server/mutation/PivotMutationDescriptor.java; frontend-react/packages/protocol/src/index.ts; frontend-react/packages/protocol/src/index.ts; frontend-react/packages/protocol/src/index.ts; frontend-react/packages/protocol/src/index.ts,2026-08-25T21:38:36.366312+00:00,22d82876fd63fa253e51f9d4ffbbe5b288518409,frontend-react/packages/core-model/src/resource-budget.ts; backend/src/main/java/com/xc/luckysheet/server/contract/WorkbookSnapshotValidator.java,Implemented; acceptance incomplete,Native/codecs or explicit contract migration implemented/reviewed; desktop Excel and an applicable real Excel-file corpus are unavailable. Generated codec fixtures and the real uploaded CSV do not establish desktop Excel fidelity.
F151,commit:cdd6765cd97c8191a43e40f95495d608,Diff scan,Stricter pivot sort schema rejects existing version-5 workbooks,informational,new,499985d605afc95738a9a23f0b130ba3dc7d81ea,6,Blocked,Explicit Flyway V14 snapshot/checkpoint/retained operation/outbox upgrade and V15 quota; browser snapshot upgrade verifies stored integrity first; runtime accepts canonical contracts and preserves unverified legacy journals by rejecting replay.,CanonicalFlywayMigrationIntegrationTest; WorkbookSnapshotValidatorTest; frontend persistence tests; real browser reload; recovery/Excel gate separately Blocked,frontend-react/packages/core-model/src/pivot.ts; frontend-react/packages/core-model/src/pivot.ts; frontend-react/packages/protocol/src/index.ts; frontend-react/packages/protocol/src/index.ts; frontend-react/packages/core-model/src/index.ts; frontend-react/packages/core-model/src/index.ts; backend/src/main/java/com/xc/luckysheet/server/mutation/PivotMutationDescriptor.java,2026-08-25T21:03:21.826230+00:00,22d82876fd63fa253e51f9d4ffbbe5b288518409,backend/src/main/java/com/xc/luckysheet/server/migration/CanonicalLegacyContractsMigration.java; frontend-react/packages/core-model/src/snapshot.ts; frontend-react/packages/spreadsheet-app/src/features/persistence/storage.ts,Implemented; acceptance incomplete,Native/codecs or explicit contract migration implemented/reviewed; desktop Excel and an applicable real Excel-file corpus are unavailable. Generated codec fixtures and the real uploaded CSV do not establish desktop Excel fidelity.
F152,commit:6ad75745105081918f55ebd11473c9a3,Diff scan,Date-format heuristic corrupts valid non-date cells,informational,fixed,9699d4f254e51b63d5518c67d6f87e38c0680fcc,regression,Blocked,Reported path/callers reviewed against canonical implementation; no speculative rewrite of an already safe boundary.,Owning repository checks and source/caller review; see acceptance report and baseline comparison,frontend-react/packages/exchange-excel-ooxml/src/date-system.ts; frontend-react/packages/exchange-excel-ooxml/src/ooxml.ts; frontend-react/packages/exchange-excel-ooxml/src/ooxml.ts,2026-08-25T21:02:40.703402+00:00,22d82876fd63fa253e51f9d4ffbbe5b288518409,frontend-react/packages/exchange-excel-ooxml/src/date-system.ts; frontend-react/packages/exchange-excel-ooxml/src/ooxml.ts; frontend-react/packages/exchange-excel-ooxml/src/ooxml.ts,Implemented; acceptance incomplete,Native/codecs or explicit contract migration implemented/reviewed; desktop Excel and an applicable real Excel-file corpus are unavailable. Generated codec fixtures and the real uploaded CSV do not establish desktop Excel fidelity.
F153,commit:fda38f4a78e88191843c29822e375974,Diff scan,Legacy top-items filters are rejected without migration,informational,new,26d0bca8fc296487ffebae837313d10f26d32b41,6,Blocked,Explicit Flyway V14 snapshot/checkpoint/retained operation/outbox upgrade and V15 quota; browser snapshot upgrade verifies stored integrity first; runtime accepts canonical contracts and preserves unverified legacy journals by rejecting replay.,CanonicalFlywayMigrationIntegrationTest; WorkbookSnapshotValidatorTest; frontend persistence tests; real browser reload; recovery/Excel gate separately Blocked,frontend-react/packages/core-model/src/pivot.ts; frontend-react/packages/protocol/src/index.ts; frontend-react/packages/core-model/src/snapshot.ts; backend/src/main/java/com/xc/luckysheet/server/contract/WorkbookSnapshotValidator.java,2026-08-25T20:31:19.526213+00:00,22d82876fd63fa253e51f9d4ffbbe5b288518409,backend/src/main/java/com/xc/luckysheet/server/migration/CanonicalLegacyContractsMigration.java; frontend-react/packages/core-model/src/snapshot.ts; frontend-react/packages/spreadsheet-app/src/features/persistence/storage.ts,Implemented; acceptance incomplete,Native/codecs or explicit contract migration implemented/reviewed; desktop Excel and an applicable real Excel-file corpus are unavailable. Generated codec fixtures and the real uploaded CSV do not establish desktop Excel fidelity.
F154,commit:2957350548288191905b51c9d8d802f5,Diff scan,Existing pivot workbooks rejected by unversioned schema change,informational,new,e9e98629948932c52129e5132abb4bb213af1694,6,Blocked,Explicit Flyway V14 snapshot/checkpoint/retained operation/outbox upgrade and V15 quota; browser snapshot upgrade verifies stored integrity first; runtime accepts canonical contracts and preserves unverified legacy journals by rejecting replay.,CanonicalFlywayMigrationIntegrationTest; WorkbookSnapshotValidatorTest; frontend persistence tests; real browser reload; recovery/Excel gate separately Blocked,frontend-react/packages/core-model/src/pivot.ts; frontend-react/packages/protocol/src/index.ts; frontend-react/packages/core-model/src/snapshot.ts; backend/src/main/java/com/xc/luckysheet/server/mutation/PivotMutationDescriptor.java,2026-08-25T19:57:11.808205+00:00,22d82876fd63fa253e51f9d4ffbbe5b288518409,backend/src/main/java/com/xc/luckysheet/server/migration/CanonicalLegacyContractsMigration.java; frontend-react/packages/core-model/src/snapshot.ts; frontend-react/packages/spreadsheet-app/src/features/persistence/storage.ts,Implemented; acceptance incomplete,Native/codecs or explicit contract migration implemented/reviewed; desktop Excel and an applicable real Excel-file corpus are unavailable. Generated codec fixtures and the real uploaded CSV do not establish desktop Excel fidelity.
F155,commit:e16e63a8a6c88191b9eb129bb4b1b043,Diff scan,Axis filter duplicates are checked before scope canonicalization,informational,new,9a57fa2c5ca456b438da365fb79d261e1b1af11f,6,Fixed,Bound date windows and graph/relationship work; canonicalize filter scope before duplicate identity; scope controls by sheet and drawing; keep calculated catalogs canonical and grouped slicer keys aligned; preflight chart matrix cells.,focused Pivot/render (98); test:security-remediation timeline bounds; test:unit baseline comparison (no candidate-only failures),frontend-react/packages/core-model/src/pivot.ts; frontend-react/packages/core-model/src/pivot.ts; frontend-react/packages/protocol/src/index.ts; backend/src/main/java/com/xc/luckysheet/server/mutation/PivotMutationDescriptor.java,2026-08-25T19:21:39.318076+00:00,22d82876fd63fa253e51f9d4ffbbe5b288518409,frontend-react/packages/spreadsheet-app/src/features/pivot/engine.ts; frontend-react/packages/core-model/src/pivot.ts,Implemented,
F156,commit:570a2c19e7b48191bbddaa271554b1f3,Diff scan,Calculated pivots normalized by the client are now rejected,informational,new,6fa78b67dee3a9d6271b05c2e1115b94e8166847,6,Blocked,Bound date windows and graph/relationship work; canonicalize filter scope before duplicate identity; scope controls by sheet and drawing; keep calculated catalogs canonical and grouped slicer keys aligned; preflight chart matrix cells.,focused Pivot/render (98); test:security-remediation timeline bounds; test:unit baseline comparison (no candidate-only failures),backend/src/main/java/com/xc/luckysheet/server/mutation/PivotMutationDescriptor.java; backend/src/main/java/com/xc/luckysheet/server/mutation/PivotMutationDescriptor.java; frontend-react/packages/protocol/src/index.ts; frontend-react/packages/spreadsheet-app/src/features/pivot/engine.ts; frontend-react/packages/protocol/src/index.ts,2026-08-25T19:07:42.118253+00:00,22d82876fd63fa253e51f9d4ffbbe5b288518409,frontend-react/packages/spreadsheet-app/src/features/pivot/engine.ts; frontend-react/packages/core-model/src/pivot.ts,Implemented; acceptance incomplete,Native/codecs or explicit contract migration implemented/reviewed; desktop Excel and an applicable real Excel-file corpus are unavailable. Generated codec fixtures and the real uploaded CSV do not establish desktop Excel fidelity.
F157,commit:1e0e9a576a488191bc96b22dd1a4883b,Diff scan,Sheet-scoped Pivot operations are rejected by the backend,informational,fixed,077a0b3dfd1d13330af62ca0a3b1a6cb0990bef5,regression,CurrentSafe,Reported path/callers reviewed against canonical implementation; no speculative rewrite of an already safe boundary.,Owning repository checks and source/caller review; see acceptance report and baseline comparison,frontend-react/apps/web/src/editor/command-controller.ts; frontend-react/packages/protocol/src/index.ts; frontend-react/packages/spreadsheet-app/src/features/pivot/commands.ts; backend/src/main/java/com/xc/luckysheet/server/mutation/PivotMutationDescriptor.java,2026-08-25T18:47:52.640227+00:00,22d82876fd63fa253e51f9d4ffbbe5b288518409,frontend-react/apps/web/src/editor/command-controller.ts; frontend-react/packages/protocol/src/index.ts; frontend-react/packages/spreadsheet-app/src/features/pivot/commands.ts; backend/src/main/java/com/xc/luckysheet/server/mutation/PivotMutationDescriptor.java,Existing boundary reviewed; shared regression changes may apply,
F158,commit:5b349d798c40819196be3767819c81d0,Diff scan,Pivot contract mismatch breaks backend synchronization,informational,new,08b4424f6843ef31d0c2391ab6566f9e784b7f3f,6,Blocked,Explicit Flyway V14 snapshot/checkpoint/retained operation/outbox upgrade and V15 quota; browser snapshot upgrade verifies stored integrity first; runtime accepts canonical contracts and preserves unverified legacy journals by rejecting replay.,CanonicalFlywayMigrationIntegrationTest; WorkbookSnapshotValidatorTest; frontend persistence tests; real browser reload; recovery/Excel gate separately Blocked,frontend-react/packages/core-model/src/pivot.ts; frontend-react/packages/spreadsheet-app/src/features/pivot/helpers.ts; frontend-react/packages/spreadsheet-app/src/features/pivot/commands.ts; frontend-react/packages/protocol/src/index.ts; frontend-react/packages/protocol/src/index.ts; backend/src/main/java/com/xc/luckysheet/server/mutation/PivotMutationDescriptor.java; backend/src/main/java/com/xc/luckysheet/server/mutation/PivotMutationDescriptor.java; backend/src/main/java/com/xc/luckysheet/server/mutation/SnapshotMutationSupport.java; frontend-react/packages/core-model/src/snapshot.ts,2026-08-25T18:33:08.424982+00:00,22d82876fd63fa253e51f9d4ffbbe5b288518409,backend/src/main/java/com/xc/luckysheet/server/migration/CanonicalLegacyContractsMigration.java; frontend-react/packages/core-model/src/snapshot.ts; frontend-react/packages/spreadsheet-app/src/features/persistence/storage.ts,Implemented; acceptance incomplete,Native/codecs or explicit contract migration implemented/reviewed; desktop Excel and an applicable real Excel-file corpus are unavailable. Generated codec fixtures and the real uploaded CSV do not establish desktop Excel fidelity.
F159,commit:3845f2e76d2881919c1b7fa86fd4093b,Diff scan,Wide date ranges make Pivot timelines crash the workbook UI,informational,new,b1800f49e5ca11c5fa56fb680ba5fe3c832ac72f,6,Fixed,Bound date windows and graph/relationship work; canonicalize filter scope before duplicate identity; scope controls by sheet and drawing; keep calculated catalogs canonical and grouped slicer keys aligned; preflight chart matrix cells.,focused Pivot/render (98); test:security-remediation timeline bounds; test:unit baseline comparison (no candidate-only failures),frontend-react/packages/core-model/src/pivot.ts; frontend-react/apps/web/src/components/canvas/drawing-renderers.ts; frontend-react/apps/web/src/components/canvas/drawing-renderers.ts; frontend-react/apps/web/src/components/pivot/PivotTimeline.tsx,2026-08-25T18:14:41.060392+00:00,22d82876fd63fa253e51f9d4ffbbe5b288518409,frontend-react/packages/spreadsheet-app/src/features/pivot/engine.ts; frontend-react/packages/core-model/src/pivot.ts,Implemented,
F160,commit:704b999755b88191bb35b33f2e5ecb93,Diff scan,Legacy slicer snapshots abort worksheet rendering,informational,new,359bc47b581399115db5411f5dde1ab60b01d130,6,Blocked,Explicit Flyway V14 snapshot/checkpoint/retained operation/outbox upgrade and V15 quota; browser snapshot upgrade verifies stored integrity first; runtime accepts canonical contracts and preserves unverified legacy journals by rejecting replay.,CanonicalFlywayMigrationIntegrationTest; WorkbookSnapshotValidatorTest; frontend persistence tests; real browser reload; recovery/Excel gate separately Blocked,frontend-react/packages/core-model/src/domain.ts; frontend-react/packages/core-model/src/snapshot.ts; frontend-react/packages/spreadsheet-app/src/features/pivot/engine.ts; frontend-react/apps/web/src/components/canvas/drawing-renderers.ts,2026-08-25T17:59:35.625996+00:00,22d82876fd63fa253e51f9d4ffbbe5b288518409,backend/src/main/java/com/xc/luckysheet/server/migration/CanonicalLegacyContractsMigration.java; frontend-react/packages/core-model/src/snapshot.ts; frontend-react/packages/spreadsheet-app/src/features/persistence/storage.ts,Implemented; acceptance incomplete,Native/codecs or explicit contract migration implemented/reviewed; desktop Excel and an applicable real Excel-file corpus are unavailable. Generated codec fixtures and the real uploaded CSV do not establish desktop Excel fidelity.
F161,commit:bfa5e9e12e3c81918a411fd6ef6d7d2d,Diff scan,Show As calculations mix values from different pivot columns,informational,fixed,b57bd61b83278105272d91f9b11fda5748145f80,regression,CurrentSafe,Reported path/callers reviewed against canonical implementation; no speculative rewrite of an already safe boundary.,Owning repository checks and source/caller review; see acceptance report and baseline comparison,frontend-react/packages/spreadsheet-app/src/features/pivot/engine.ts; frontend-react/packages/spreadsheet-app/src/features/pivot/engine.ts,2026-08-25T17:23:38.538309+00:00,22d82876fd63fa253e51f9d4ffbbe5b288518409,frontend-react/packages/spreadsheet-app/src/features/pivot/engine.ts; frontend-react/packages/spreadsheet-app/src/features/pivot/engine.ts,Existing boundary reviewed; shared regression changes may apply,
F162,commit:07ab559f1ca0819193ead643d5160c37,Diff scan,Grouped slicers emit keys the pivot engine never matches,informational,fixed,189de2ed03be3fa64bea0d99fece56f92e36a51c,regression,Fixed,Bound date windows and graph/relationship work; canonicalize filter scope before duplicate identity; scope controls by sheet and drawing; keep calculated catalogs canonical and grouped slicer keys aligned; preflight chart matrix cells.,focused Pivot/render (98); test:security-remediation timeline bounds; test:unit baseline comparison (no candidate-only failures),frontend-react/apps/web/src/components/panels/PivotPanel.tsx; frontend-react/apps/web/src/components/pivot/PivotSlicer.tsx; frontend-react/packages/spreadsheet-app/src/features/pivot/engine.ts; frontend-react/packages/spreadsheet-app/src/features/pivot/engine.ts,2026-08-25T17:06:52.284849+00:00,22d82876fd63fa253e51f9d4ffbbe5b288518409,frontend-react/packages/spreadsheet-app/src/features/pivot/engine.ts; frontend-react/packages/core-model/src/pivot.ts,Implemented,
F163,commit:76f67c3c45048191be4b914f06980ee4,Diff scan,Backend rejects pivot display and style option updates,informational,fixed,6eb0ad46f516979194840330acd16ec0ac4807a7,regression,CurrentSafe,Reported path/callers reviewed against canonical implementation; no speculative rewrite of an already safe boundary.,Owning repository checks and source/caller review; see acceptance report and baseline comparison,frontend-react/apps/web/src/components/panels/PivotPanel.tsx; frontend-react/apps/web/src/editor/command-controller.ts; frontend-react/packages/protocol/src/index.ts; backend/src/main/java/com/xc/luckysheet/server/mutation/PivotMutationDescriptor.java; backend/src/main/java/com/xc/luckysheet/server/mutation/PivotMutationDescriptor.java,2026-08-25T16:50:15.493278+00:00,22d82876fd63fa253e51f9d4ffbbe5b288518409,frontend-react/apps/web/src/components/panels/PivotPanel.tsx; frontend-react/apps/web/src/editor/command-controller.ts; frontend-react/packages/protocol/src/index.ts; backend/src/main/java/com/xc/luckysheet/server/mutation/PivotMutationDescriptor.java; backend/src/main/java/com/xc/luckysheet/server/mutation/PivotMutationDescriptor.java,Existing boundary reviewed; shared regression changes may apply,
F164,commit:5429c73485308191b16350598b469dc6,Diff scan,Typed Pivot errors are rejected by the production backend,informational,fixed,5d6e0d6e1fdfec1870e80b8cbe1978fc16134342,regression,Blocked,Reported path/callers reviewed against canonical implementation; no speculative rewrite of an already safe boundary.,Owning repository checks and source/caller review; see acceptance report and baseline comparison,frontend-react/packages/spreadsheet-app/src/features/pivot/engine.ts; frontend-react/packages/spreadsheet-app/src/features/pivot/engine.ts; frontend-react/packages/protocol/src/index.ts; frontend-react/packages/protocol/src/index.ts; frontend-react/packages/spreadsheet-app/src/features/pivot/commands.ts; backend/src/main/java/com/xc/luckysheet/server/mutation/PivotMutationDescriptor.java; backend/src/main/java/com/xc/luckysheet/server/mutation/PivotMutationDescriptor.java,2026-08-25T16:34:58.289553+00:00,22d82876fd63fa253e51f9d4ffbbe5b288518409,frontend-react/packages/spreadsheet-app/src/features/pivot/engine.ts; frontend-react/packages/spreadsheet-app/src/features/pivot/engine.ts; frontend-react/packages/protocol/src/index.ts; frontend-react/packages/protocol/src/index.ts; frontend-react/packages/spreadsheet-app/src/features/pivot/commands.ts; backend/src/main/java/com/xc/luckysheet/server/mutation/PivotMutationDescriptor.java; backend/src/main/java/com/xc/luckysheet/server/mutation/PivotMutationDescriptor.java,Implemented; acceptance incomplete,Native/codecs or explicit contract migration implemented/reviewed; desktop Excel and an applicable real Excel-file corpus are unavailable. Generated codec fixtures and the real uploaded CSV do not establish desktop Excel fidelity.
F165,commit:e724097d812c81918fee7c4c49aa3f0d,Diff scan,Pivot fallback recalculates attacker formulas on the UI thread,informational,fixed,8de3457ca7fecc6394c3fc64b14f748ee670861d,regression,CurrentSafe,Reported path/callers reviewed against canonical implementation; no speculative rewrite of an already safe boundary.,Owning repository checks and source/caller review; see acceptance report and baseline comparison,frontend-react/packages/spreadsheet-app/src/features/pivot/engine.ts; frontend-react/packages/spreadsheet-app/src/features/pivot/engine.ts; frontend-react/packages/spreadsheet-app/src/features/pivot/engine.ts; frontend-react/packages/spreadsheet-app/src/features/pivot/commands.ts; frontend-react/packages/command-runtime/src/index.ts,2026-08-25T16:20:19.548970+00:00,22d82876fd63fa253e51f9d4ffbbe5b288518409,frontend-react/packages/spreadsheet-app/src/features/pivot/engine.ts; frontend-react/packages/spreadsheet-app/src/features/pivot/engine.ts; frontend-react/packages/spreadsheet-app/src/features/pivot/engine.ts; frontend-react/packages/spreadsheet-app/src/features/pivot/commands.ts; frontend-react/packages/command-runtime/src/index.ts,Existing boundary reviewed; shared regression changes may apply,
F166,commit:b71fc7a63e60819185671b19384f485c,Diff scan,Native Pivot metadata is rejected by backend mutations,informational,fixed,fa56b38d6720c0594a7fab829c5ca30667914ac9,regression,Blocked,Reported path/callers reviewed against canonical implementation; no speculative rewrite of an already safe boundary.,Owning repository checks and source/caller review; see acceptance report and baseline comparison,frontend-react/packages/exchange-excel-ooxml/src/native-pivot.ts; backend/src/main/java/com/xc/luckysheet/server/contract/WorkbookSnapshotValidator.java; backend/src/main/java/com/xc/luckysheet/server/mutation/PivotMutationDescriptor.java; backend/src/main/java/com/xc/luckysheet/server/mutation/PivotMutationDescriptor.java; backend/src/main/java/com/xc/luckysheet/server/mutation/PivotMutationDescriptor.java,2026-08-25T14:35:42.863377+00:00,22d82876fd63fa253e51f9d4ffbbe5b288518409,frontend-react/packages/exchange-excel-ooxml/src/native-pivot.ts; backend/src/main/java/com/xc/luckysheet/server/contract/WorkbookSnapshotValidator.java; backend/src/main/java/com/xc/luckysheet/server/mutation/PivotMutationDescriptor.java; backend/src/main/java/com/xc/luckysheet/server/mutation/PivotMutationDescriptor.java; backend/src/main/java/com/xc/luckysheet/server/mutation/PivotMutationDescriptor.java,Implemented; acceptance incomplete,Native/codecs or explicit contract migration implemented/reviewed; desktop Excel and an applicable real Excel-file corpus are unavailable. Generated codec fixtures and the real uploaded CSV do not establish desktop Excel fidelity.
F167,commit:f65532f7a8388191985b0f3f299ce6c7,Diff scan,Pivot chart matrix can crash a viewer's workbook UI,informational,new,0788fb2c8ae69fd388e4022dbc9c9a8783c41ec3,6,Fixed,Bound date windows and graph/relationship work; canonicalize filter scope before duplicate identity; scope controls by sheet and drawing; keep calculated catalogs canonical and grouped slicer keys aligned; preflight chart matrix cells.,focused Pivot/render (98); test:security-remediation timeline bounds; test:unit baseline comparison (no candidate-only failures),frontend-react/packages/spreadsheet-app/src/features/chart/data.ts; frontend-react/apps/web/src/components/canvas/drawing-renderers.ts; frontend-react/apps/web/src/components/canvas/drawing-renderers.ts,2026-08-25T14:00:53.635085+00:00,22d82876fd63fa253e51f9d4ffbbe5b288518409,frontend-react/packages/spreadsheet-app/src/features/pivot/engine.ts; frontend-react/packages/core-model/src/pivot.ts,Implemented,
F168,commit:46152478a86081918534b2a67177a072,Diff scan,Pivot drill-down operations are rejected by the backend,informational,fixed,1975da4d6c6f8d740de48eb3c4b607d2e43ad093,regression,CurrentSafe,Reported path/callers reviewed against canonical implementation; no speculative rewrite of an already safe boundary.,Owning repository checks and source/caller review; see acceptance report and baseline comparison,frontend-react/packages/spreadsheet-app/src/features/pivot/engine.ts; frontend-react/packages/spreadsheet-app/src/features/pivot/commands.ts; backend/src/main/java/com/xc/luckysheet/server/mutation/PivotDrillDownMutationDescriptor.java,2026-08-25T13:29:49.899440+00:00,22d82876fd63fa253e51f9d4ffbbe5b288518409,frontend-react/packages/spreadsheet-app/src/features/pivot/engine.ts; frontend-react/packages/spreadsheet-app/src/features/pivot/commands.ts; backend/src/main/java/com/xc/luckysheet/server/mutation/PivotDrillDownMutationDescriptor.java,Existing boundary reviewed; shared regression changes may apply,
F169,commit:35687b171714819185af4db2bcd8b84e,Diff scan,Pivot relationship validation enables CPU-exhaustion DoS,informational,fixed,8cb0cbafc7dd750ff41751870a4c07243553a22c,regression,Fixed,Bound date windows and graph/relationship work; canonicalize filter scope before duplicate identity; scope controls by sheet and drawing; keep calculated catalogs canonical and grouped slicer keys aligned; preflight chart matrix cells.,focused Pivot/render (98); test:security-remediation timeline bounds; test:unit baseline comparison (no candidate-only failures),backend/src/main/java/com/xc/luckysheet/server/mutation/PivotMutationDescriptor.java; backend/src/main/java/com/xc/luckysheet/server/mutation/PivotMutationDescriptor.java; backend/src/main/java/com/xc/luckysheet/server/mutation/PivotMutationDescriptor.java; backend/src/main/java/com/xc/luckysheet/server/mutation/PivotMutationDescriptor.java; backend/src/main/java/com/xc/luckysheet/server/mutation/PivotMutationDescriptor.java; backend/src/main/java/com/xc/luckysheet/server/service/WorkbookOperationService.java,2026-08-25T13:27:23.712247+00:00,22d82876fd63fa253e51f9d4ffbbe5b288518409,frontend-react/packages/spreadsheet-app/src/features/pivot/engine.ts; frontend-react/packages/core-model/src/pivot.ts,Implemented,
F170,commit:a5634468bb3081919ed0c6b8731df360,Diff scan,Pivot styling blocks structural workbook operations,informational,fixed,3d15b46bcda84ce52042fcaaf101dc17f5621bfc,regression,CurrentSafe,Reported path/callers reviewed against canonical implementation; no speculative rewrite of an already safe boundary.,Owning repository checks and source/caller review; see acceptance report and baseline comparison,backend/src/main/java/com/xc/luckysheet/server/mutation/PivotMutationDescriptor.java; backend/src/main/java/com/xc/luckysheet/server/mutation/PivotMutationDescriptor.java; backend/src/main/java/com/xc/luckysheet/server/mutation/PivotMutationDescriptor.java; backend/src/main/java/com/xc/luckysheet/server/mutation/StructuralSnapshotReducer.java; backend/src/main/java/com/xc/luckysheet/server/mutation/StructuralSnapshotReducer.java,2026-08-25T13:08:51.864649+00:00,22d82876fd63fa253e51f9d4ffbbe5b288518409,backend/src/main/java/com/xc/luckysheet/server/mutation/PivotMutationDescriptor.java; backend/src/main/java/com/xc/luckysheet/server/mutation/PivotMutationDescriptor.java; backend/src/main/java/com/xc/luckysheet/server/mutation/PivotMutationDescriptor.java; backend/src/main/java/com/xc/luckysheet/server/mutation/StructuralSnapshotReducer.java; backend/src/main/java/com/xc/luckysheet/server/mutation/StructuralSnapshotReducer.java,Existing boundary reviewed; shared regression changes may apply,
F171,commit:927e80f04eb08191a926ae666784779f,Diff scan,Pivot presentation operations are rejected by the backend,informational,fixed,54c4384cead46444c1e55c4201b161d1b256beb1,regression,CurrentSafe,Reported path/callers reviewed against canonical implementation; no speculative rewrite of an already safe boundary.,Owning repository checks and source/caller review; see acceptance report and baseline comparison,frontend-react/packages/spreadsheet-app/src/features/pivot/engine.ts; frontend-react/packages/spreadsheet-app/src/features/pivot/commands.ts; frontend-react/packages/spreadsheet-app/src/features/pivot/commands.ts; frontend-react/apps/web/src/editor/command-controller.ts; frontend-react/packages/protocol/src/index.ts; backend/src/main/java/com/xc/luckysheet/server/mutation/PivotMutationDescriptor.java; backend/src/main/java/com/xc/luckysheet/server/mutation/PivotMutationDescriptor.java,2026-08-25T12:36:15.161696+00:00,22d82876fd63fa253e51f9d4ffbbe5b288518409,frontend-react/packages/spreadsheet-app/src/features/pivot/engine.ts; frontend-react/packages/spreadsheet-app/src/features/pivot/commands.ts; frontend-react/packages/spreadsheet-app/src/features/pivot/commands.ts; frontend-react/apps/web/src/editor/command-controller.ts; frontend-react/packages/protocol/src/index.ts; backend/src/main/java/com/xc/luckysheet/server/mutation/PivotMutationDescriptor.java; backend/src/main/java/com/xc/luckysheet/server/mutation/PivotMutationDescriptor.java,Existing boundary reviewed; shared regression changes may apply,
F172,commit:9f4ae9f518708191a7e30e49f57b6c52,Diff scan,Unmigrated text boxes allow persistent canvas DoS,informational,new,132e29f778fb6632aa54706aa293f4a2e07c55d0,7,Blocked,Explicit Flyway V14 snapshot/checkpoint/retained operation/outbox upgrade and V15 quota; browser snapshot upgrade verifies stored integrity first; runtime accepts canonical contracts and preserves unverified legacy journals by rejecting replay.,CanonicalFlywayMigrationIntegrationTest; WorkbookSnapshotValidatorTest; frontend persistence tests; real browser reload; recovery/Excel gate separately Blocked,frontend-react/packages/core-model/src/domain.ts; frontend-react/apps/web/src/components/canvas/drawing-renderers.ts; frontend-react/packages/core-model/src/snapshot.ts; frontend-react/packages/protocol/src/index.ts; backend/src/main/java/com/xc/luckysheet/server/mutation/DrawingMutationDescriptor.java,2026-08-25T11:45:18.012301+00:00,22d82876fd63fa253e51f9d4ffbbe5b288518409,backend/src/main/java/com/xc/luckysheet/server/migration/CanonicalLegacyContractsMigration.java; frontend-react/packages/core-model/src/snapshot.ts; frontend-react/packages/spreadsheet-app/src/features/persistence/storage.ts,Implemented; acceptance incomplete,Native/codecs or explicit contract migration implemented/reviewed; desktop Excel and an applicable real Excel-file corpus are unavailable. Generated codec fixtures and the real uploaded CSV do not establish desktop Excel fidelity.
F173,commit:2475c55629888191ab088c530ca75de2,Diff scan,Checkbox normalization diverges between client and server reducers,informational,new,8f8d7b0d8ef790ec688dacd5d469bff62aa94a3a,7,Fixed,"Canonical input preflight bounds text, dimensions, depth and nodes; validates fonts/editors/TableSheet/image/map/chart/Pivot contracts before commit/render; chart vectors/matrices and caches have explicit budgets, wrapping uses bounded measurement.",SecurityRemediationTest; test:security-remediation (5); focused Pivot/render (98); chart/find/canvas (50); test:cell-ui (9); real browser editor/cancel/reload,frontend-react/packages/sheet-features/src/cell-template-commands.ts; frontend-react/packages/sheet-features/src/cell-template-commands.ts; backend/src/main/java/com/xc/luckysheet/server/mutation/MutationDescriptorRegistry.java; frontend-react/packages/sheet-features/src/cell-template-commands.ts,2026-08-25T11:26:50.927387+00:00,22d82876fd63fa253e51f9d4ffbbe5b288518409,frontend-react/packages/core-model/src/resource-budget.ts; backend/src/main/java/com/xc/luckysheet/server/contract/WorkbookSnapshotValidator.java,Implemented,
F174,commit:8ae2d5899d908191ad6983745a965cfd,Diff scan,Editing cross-sheet sparklines rewrites their source sheet,informational,new,c09ede677273f38c58ff8fffe90b1551d7e410b1,7,Fixed,Shared AutoFilter permission owner; omitted print-title axis preserved; hidden geometry uses zoomed sizes; server find replacement uses exact preimages and bounded collision-free patch identities; AutoSum avoids overwriting source; sparkline source sheet preserved.,MutationDescriptorRegistryTest; chart/find/canvas (50); test:cell-ui (9); test:unit comparison resolves two baseline AutoFilter failures,frontend-react/apps/web/src/components/panels/SparklinePanel.tsx; frontend-react/apps/web/src/components/panels/SparklinePanel.tsx; frontend-react/apps/web/src/components/panels/SparklinePanel.tsx; frontend-react/packages/spreadsheet-app/src/features/sparkline/helpers.ts,2026-08-25T10:36:22.528967+00:00,22d82876fd63fa253e51f9d4ffbbe5b288518409,frontend-react/packages/spreadsheet-app/src/features/find-replace/commands.ts; backend/src/main/java/com/xc/luckysheet/server/mutation/FindReplacementDescriptor.java,Implemented,
F175,commit:7c3696bae4408191971694d01b25cb8c,Diff scan,Strict table validation breaks replay of legacy operations,informational,fixed,fe186442d8b277932c61f8b7fd1060d007220bee,regression,Blocked,Explicit Flyway V14 snapshot/checkpoint/retained operation/outbox upgrade and V15 quota; browser snapshot upgrade verifies stored integrity first; runtime accepts canonical contracts and preserves unverified legacy journals by rejecting replay.,CanonicalFlywayMigrationIntegrationTest; WorkbookSnapshotValidatorTest; frontend persistence tests; real browser reload; recovery/Excel gate separately Blocked,backend/src/main/java/com/xc/luckysheet/server/mutation/SheetDataMutationDescriptor.java; backend/src/main/java/com/xc/luckysheet/server/service/WorkbookOperationService.java; backend/src/main/java/com/xc/luckysheet/server/service/WorkbookOperationService.java; backend/src/main/java/com/xc/luckysheet/server/contract/WorkbookSnapshotValidator.java,2026-08-25T09:49:30.228628+00:00,22d82876fd63fa253e51f9d4ffbbe5b288518409,backend/src/main/java/com/xc/luckysheet/server/migration/CanonicalLegacyContractsMigration.java; frontend-react/packages/core-model/src/snapshot.ts; frontend-react/packages/spreadsheet-app/src/features/persistence/storage.ts,Implemented; acceptance incomplete,Backend retained operation upgrade implemented; old browser pending journals need a verified recovery/migration boundary before strict replay.
F176,commit:275ff1d402ac819187e859dc4464a440,Diff scan,Malformed TableSheet definitions crash the workbook UI,informational,new,a782088ce944b3347e00ff756712bf652127f09a,7,Fixed,"Canonical input preflight bounds text, dimensions, depth and nodes; validates fonts/editors/TableSheet/image/map/chart/Pivot contracts before commit/render; chart vectors/matrices and caches have explicit budgets, wrapping uses bounded measurement.",SecurityRemediationTest; test:security-remediation (5); focused Pivot/render (98); chart/find/canvas (50); test:cell-ui (9); real browser editor/cancel/reload,frontend-react/apps/web/src/components/panels/TableSheetDesignerPanel.tsx; frontend-react/apps/web/src/components/FeatureSidebar.tsx; frontend-react/packages/spreadsheet-app/src/workbook-session.ts; backend/src/main/java/com/xc/luckysheet/server/mutation/WorkbookStructureMutationDescriptor.java; frontend-react/packages/protocol/src/index.ts,2026-08-25T08:56:55.308486+00:00,22d82876fd63fa253e51f9d4ffbbe5b288518409,frontend-react/packages/core-model/src/resource-budget.ts; backend/src/main/java/com/xc/luckysheet/server/contract/WorkbookSnapshotValidator.java,Implemented,
F177,commit:ecddebe22bb8819192732a109748b001,Diff scan,Atomic sparkline insertion drops caller-supplied colors,informational,fixed,652268c884e987f1c7839ffb571d8126d5fb9767,regression,CurrentSafe,Reported path/callers reviewed against canonical implementation; no speculative rewrite of an already safe boundary.,Owning repository checks and source/caller review; see acceptance report and baseline comparison,frontend-react/packages/spreadsheet-app/src/workbook-session.ts; frontend-react/packages/spreadsheet-app/src/features/sparkline/commands.ts,2026-08-25T08:02:51.778204+00:00,22d82876fd63fa253e51f9d4ffbbe5b288518409,frontend-react/packages/spreadsheet-app/src/workbook-session.ts; frontend-react/packages/spreadsheet-app/src/features/sparkline/commands.ts,Existing boundary reviewed; shared regression changes may apply,
F178,commit:1791483a682481919d8f2d43a81bd48e,Diff scan,Cell-shift reducer passes the wrong type to formula rewriting,informational,fixed,21adc59d25394df1698bb67594891163a704aeb2,regression,CurrentSafe,Reported path/callers reviewed against canonical implementation; no speculative rewrite of an already safe boundary.,Owning repository checks and source/caller review; see acceptance report and baseline comparison,backend/src/main/java/com/xc/luckysheet/server/mutation/StructuralSnapshotReducer.java; backend/src/main/java/com/xc/luckysheet/server/mutation/StructuralSnapshotReducer.java,2026-08-25T06:58:04.736916+00:00,22d82876fd63fa253e51f9d4ffbbe5b288518409,backend/src/main/java/com/xc/luckysheet/server/mutation/StructuralSnapshotReducer.java; backend/src/main/java/com/xc/luckysheet/server/mutation/StructuralSnapshotReducer.java,Existing boundary reviewed; shared regression changes may apply,
F179,commit:17c31c9d375c8191adaf9eb5adc79ee0,Diff scan,Required transfer field breaks legacy paste replay,informational,new,bb7214eb46199fd4c9c9cda3dd8ee162aab8bbed,7,Blocked,Explicit Flyway V14 snapshot/checkpoint/retained operation/outbox upgrade and V15 quota; browser snapshot upgrade verifies stored integrity first; runtime accepts canonical contracts and preserves unverified legacy journals by rejecting replay.,CanonicalFlywayMigrationIntegrationTest; WorkbookSnapshotValidatorTest; frontend persistence tests; real browser reload; recovery/Excel gate separately Blocked,frontend-react/packages/sheet-features/src/clipboard.ts; frontend-react/packages/sheet-features/src/editing/index.ts; frontend-react/packages/spreadsheet-app/src/features/persistence/storage.ts; frontend-react/packages/spreadsheet-app/src/runtime.ts; frontend-react/packages/spreadsheet-app/src/runtime.ts; frontend-react/packages/spreadsheet-app/src/collaboration/collaboration-session.ts; backend/src/main/java/com/xc/luckysheet/server/mutation/MutationDescriptorRegistry.java,2026-08-25T06:55:52.851205+00:00,22d82876fd63fa253e51f9d4ffbbe5b288518409,backend/src/main/java/com/xc/luckysheet/server/migration/CanonicalLegacyContractsMigration.java; frontend-react/packages/core-model/src/snapshot.ts; frontend-react/packages/spreadsheet-app/src/features/persistence/storage.ts,Implemented; acceptance incomplete,Backend paste history transfer migration implemented; browser pending legacy paste journals cannot be replayed safely without their missing integrity/recovery migration.
