[     166ms] [ERROR] Failed to load resource: the server responded with a status of 404 () @ http://localhost:8083/favicon.ico:0
[  207241ms] Error: Unknown pivot: undefined
    at Object.execute (http://localhost:8083/assets/workbook-runtime-jy8cebF1.js:63:87278)
    at ir.execute (http://localhost:8083/assets/sheet-model-BmCWqi0P.js:1:180548)
    at Ed.runCommand (http://localhost:8083/assets/workbook-runtime-jy8cebF1.js:63:375060)
    at http://localhost:8083/assets/workbook-runtime-jy8cebF1.js:63:438235
    at g3.commitMutation (http://localhost:8083/assets/workbook-runtime-jy8cebF1.js:63:333083)
    at g3.commitDrawing (http://localhost:8083/assets/workbook-runtime-jy8cebF1.js:63:332930)
    at Ed.commitInsertDrawing (http://localhost:8083/assets/workbook-runtime-jy8cebF1.js:63:438207)
    at Ed.createPivotChart (http://localhost:8083/assets/workbook-runtime-jy8cebF1.js:65:8954)
    at Object.Se [as onPivotChart] (http://localhost:8083/assets/index-CqqQ2_1G.js:26:224730)
    at Z.tab (http://localhost:8083/assets/workbook-runtime-jy8cebF1.js:63:232256)
[  596196ms] [ERROR] WebSocket connection to 'ws://localhost:8083/ws' failed: Error in connection establishment: net::ERR_CONNECTION_REFUSED @ http://localhost:8083/assets/workbook-runtime-jy8cebF1.js:0
[  597817ms] [ERROR] WebSocket connection to 'ws://localhost:8083/ws' failed: Error in connection establishment: net::ERR_CONNECTION_REFUSED @ http://localhost:8083/assets/workbook-runtime-jy8cebF1.js:0
[  601047ms] [ERROR] WebSocket connection to 'ws://localhost:8083/ws' failed: Error in connection establishment: net::ERR_CONNECTION_REFUSED @ http://localhost:8083/assets/workbook-runtime-jy8cebF1.js:0
[  607462ms] [ERROR] WebSocket connection to 'ws://localhost:8083/ws' failed: Error in connection establishment: net::ERR_CONNECTION_REFUSED @ http://localhost:8083/assets/workbook-runtime-jy8cebF1.js:0
[  620284ms] [ERROR] WebSocket connection to 'ws://localhost:8083/ws' failed: Error in connection establishment: net::ERR_CONNECTION_REFUSED @ http://localhost:8083/assets/workbook-runtime-jy8cebF1.js:0
[  635312ms] [ERROR] WebSocket connection to 'ws://localhost:8083/ws' failed: Error in connection establishment: net::ERR_CONNECTION_REFUSED @ http://localhost:8083/assets/workbook-runtime-jy8cebF1.js:0
[  650347ms] [ERROR] WebSocket connection to 'ws://localhost:8083/ws' failed: Error in connection establishment: net::ERR_CONNECTION_REFUSED @ http://localhost:8083/assets/workbook-runtime-jy8cebF1.js:0
[  665382ms] [ERROR] WebSocket connection to 'ws://localhost:8083/ws' failed: Error in connection establishment: net::ERR_CONNECTION_REFUSED @ http://localhost:8083/assets/workbook-runtime-jy8cebF1.js:0
[  680418ms] [ERROR] WebSocket connection to 'ws://localhost:8083/ws' failed: Error in connection establishment: net::ERR_CONNECTION_REFUSED @ http://localhost:8083/assets/workbook-runtime-jy8cebF1.js:0
[  695480ms] [ERROR] WebSocket connection to 'ws://localhost:8083/ws' failed: Error in connection establishment: net::ERR_CONNECTION_REFUSED @ http://localhost:8083/assets/workbook-runtime-jy8cebF1.js:0
[  710551ms] [ERROR] WebSocket connection to 'ws://localhost:8083/ws' failed: Error in connection establishment: net::ERR_CONNECTION_REFUSED @ http://localhost:8083/assets/workbook-runtime-jy8cebF1.js:0
[  725578ms] [ERROR] WebSocket connection to 'ws://localhost:8083/ws' failed: Error in connection establishment: net::ERR_CONNECTION_REFUSED @ http://localhost:8083/assets/workbook-runtime-jy8cebF1.js:0
[  740664ms] [ERROR] WebSocket connection to 'ws://localhost:8083/ws' failed: Error in connection establishment: net::ERR_CONNECTION_REFUSED @ http://localhost:8083/assets/workbook-runtime-jy8cebF1.js:0
[  755681ms] [ERROR] WebSocket connection to 'ws://localhost:8083/ws' failed: Error in connection establishment: net::ERR_CONNECTION_REFUSED @ http://localhost:8083/assets/workbook-runtime-jy8cebF1.js:0
[  770837ms] [ERROR] WebSocket connection to 'ws://localhost:8083/ws' failed: Error during WebSocket handshake: Unexpected response code: 500 @ http://localhost:8083/assets/workbook-runtime-jy8cebF1.js:0
[  785887ms] [ERROR] WebSocket connection to 'ws://localhost:8083/ws' failed: Error during WebSocket handshake: Unexpected response code: 500 @ http://localhost:8083/assets/workbook-runtime-jy8cebF1.js:0
[  800931ms] [ERROR] WebSocket connection to 'ws://localhost:8083/ws' failed: Error during WebSocket handshake: Unexpected response code: 500 @ http://localhost:8083/assets/workbook-runtime-jy8cebF1.js:0
[  815987ms] [ERROR] WebSocket connection to 'ws://localhost:8083/ws' failed: Error during WebSocket handshake: Unexpected response code: 500 @ http://localhost:8083/assets/workbook-runtime-jy8cebF1.js:0
[  831008ms] [ERROR] WebSocket connection to 'ws://localhost:8083/ws' failed: Error in connection establishment: net::ERR_CONNECTION_REFUSED @ http://localhost:8083/assets/workbook-runtime-jy8cebF1.js:0
[  846031ms] [ERROR] WebSocket connection to 'ws://localhost:8083/ws' failed: Error in connection establishment: net::ERR_CONNECTION_REFUSED @ http://localhost:8083/assets/workbook-runtime-jy8cebF1.js:0
[  861311ms] [ERROR] WebSocket connection to 'ws://localhost:8083/ws' failed: Error during WebSocket handshake: Unexpected response code: 500 @ http://localhost:8083/assets/workbook-runtime-jy8cebF1.js:0
[  876344ms] [ERROR] WebSocket connection to 'ws://localhost:8083/ws' failed: Error during WebSocket handshake: Unexpected response code: 500 @ http://localhost:8083/assets/workbook-runtime-jy8cebF1.js:0
[  891371ms] [ERROR] WebSocket connection to 'ws://localhost:8083/ws' failed: Error during WebSocket handshake: Unexpected response code: 500 @ http://localhost:8083/assets/workbook-runtime-jy8cebF1.js:0
[  906401ms] [ERROR] WebSocket connection to 'ws://localhost:8083/ws' failed: Error during WebSocket handshake: Unexpected response code: 500 @ http://localhost:8083/assets/workbook-runtime-jy8cebF1.js:0
[  921443ms] [ERROR] WebSocket connection to 'ws://localhost:8083/ws' failed: Error during WebSocket handshake: Unexpected response code: 500 @ http://localhost:8083/assets/workbook-runtime-jy8cebF1.js:0
[  936470ms] [ERROR] WebSocket connection to 'ws://localhost:8083/ws' failed: Error during WebSocket handshake: Unexpected response code: 500 @ http://localhost:8083/assets/workbook-runtime-jy8cebF1.js:0
[  951502ms] [ERROR] WebSocket connection to 'ws://localhost:8083/ws' failed: Error during WebSocket handshake: Unexpected response code: 500 @ http://localhost:8083/assets/workbook-runtime-jy8cebF1.js:0
[  966527ms] [ERROR] WebSocket connection to 'ws://localhost:8083/ws' failed: Error in connection establishment: net::ERR_CONNECTION_REFUSED @ http://localhost:8083/assets/workbook-runtime-jy8cebF1.js:0
[  981668ms] [ERROR] WebSocket connection to 'ws://localhost:8083/ws' failed: Error during WebSocket handshake: Unexpected response code: 500 @ http://localhost:8083/assets/workbook-runtime-jy8cebF1.js:0
[  996696ms] [ERROR] WebSocket connection to 'ws://localhost:8083/ws' failed: Error during WebSocket handshake: Unexpected response code: 500 @ http://localhost:8083/assets/workbook-runtime-jy8cebF1.js:0
[ 1011730ms] [ERROR] WebSocket connection to 'ws://localhost:8083/ws' failed: Error during WebSocket handshake: Unexpected response code: 500 @ http://localhost:8083/assets/workbook-runtime-jy8cebF1.js:0
[ 1026754ms] [ERROR] WebSocket connection to 'ws://localhost:8083/ws' failed: Error during WebSocket handshake: Unexpected response code: 500 @ http://localhost:8083/assets/workbook-runtime-jy8cebF1.js:0
[ 1041791ms] [ERROR] WebSocket connection to 'ws://localhost:8083/ws' failed: Error during WebSocket handshake: Unexpected response code: 500 @ http://localhost:8083/assets/workbook-runtime-jy8cebF1.js:0
[ 1056822ms] [ERROR] WebSocket connection to 'ws://localhost:8083/ws' failed: Error during WebSocket handshake: Unexpected response code: 500 @ http://localhost:8083/assets/workbook-runtime-jy8cebF1.js:0
[ 1071859ms] [ERROR] WebSocket connection to 'ws://localhost:8083/ws' failed: Error during WebSocket handshake: Unexpected response code: 500 @ http://localhost:8083/assets/workbook-runtime-jy8cebF1.js:0
[ 1086929ms] [ERROR] WebSocket connection to 'ws://localhost:8083/ws' failed: Error during WebSocket handshake: Unexpected response code: 500 @ http://localhost:8083/assets/workbook-runtime-jy8cebF1.js:0
[ 1101957ms] [ERROR] WebSocket connection to 'ws://localhost:8083/ws' failed: Error during WebSocket handshake: Unexpected response code: 500 @ http://localhost:8083/assets/workbook-runtime-jy8cebF1.js:0
[ 1116983ms] [ERROR] WebSocket connection to 'ws://localhost:8083/ws' failed: Error during WebSocket handshake: Unexpected response code: 500 @ http://localhost:8083/assets/workbook-runtime-jy8cebF1.js:0
[ 1132004ms] [ERROR] WebSocket connection to 'ws://localhost:8083/ws' failed: Error during WebSocket handshake: Unexpected response code: 500 @ http://localhost:8083/assets/workbook-runtime-jy8cebF1.js:0
[ 1147024ms] [ERROR] WebSocket connection to 'ws://localhost:8083/ws' failed: Error during WebSocket handshake: Unexpected response code: 500 @ http://localhost:8083/assets/workbook-runtime-jy8cebF1.js:0
[ 1162061ms] [ERROR] WebSocket connection to 'ws://localhost:8083/ws' failed: Error during WebSocket handshake: Unexpected response code: 500 @ http://localhost:8083/assets/workbook-runtime-jy8cebF1.js:0
[ 1177116ms] [ERROR] WebSocket connection to 'ws://localhost:8083/ws' failed: Error during WebSocket handshake: Unexpected response code: 500 @ http://localhost:8083/assets/workbook-runtime-jy8cebF1.js:0
[ 1192149ms] [ERROR] WebSocket connection to 'ws://localhost:8083/ws' failed: Error during WebSocket handshake: Unexpected response code: 500 @ http://localhost:8083/assets/workbook-runtime-jy8cebF1.js:0
[ 1207174ms] [ERROR] WebSocket connection to 'ws://localhost:8083/ws' failed: Error during WebSocket handshake: Unexpected response code: 500 @ http://localhost:8083/assets/workbook-runtime-jy8cebF1.js:0
[ 1222218ms] [ERROR] WebSocket connection to 'ws://localhost:8083/ws' failed: Error during WebSocket handshake: Unexpected response code: 500 @ http://localhost:8083/assets/workbook-runtime-jy8cebF1.js:0
[ 1237231ms] [ERROR] WebSocket connection to 'ws://localhost:8083/ws' failed: Error during WebSocket handshake: Unexpected response code: 500 @ http://localhost:8083/assets/workbook-runtime-jy8cebF1.js:0
[ 1252248ms] [ERROR] WebSocket connection to 'ws://localhost:8083/ws' failed: Error during WebSocket handshake: Unexpected response code: 500 @ http://localhost:8083/assets/workbook-runtime-jy8cebF1.js:0
[ 1267282ms] [ERROR] WebSocket connection to 'ws://localhost:8083/ws' failed: Error during WebSocket handshake: Unexpected response code: 500 @ http://localhost:8083/assets/workbook-runtime-jy8cebF1.js:0
[ 1282312ms] [ERROR] WebSocket connection to 'ws://localhost:8083/ws' failed: Error during WebSocket handshake: Unexpected response code: 500 @ http://localhost:8083/assets/workbook-runtime-jy8cebF1.js:0
[ 1297339ms] [ERROR] WebSocket connection to 'ws://localhost:8083/ws' failed: Error during WebSocket handshake: Unexpected response code: 500 @ http://localhost:8083/assets/workbook-runtime-jy8cebF1.js:0
[ 1312379ms] [ERROR] WebSocket connection to 'ws://localhost:8083/ws' failed: Error during WebSocket handshake: Unexpected response code: 500 @ http://localhost:8083/assets/workbook-runtime-jy8cebF1.js:0
[ 1327405ms] [ERROR] WebSocket connection to 'ws://localhost:8083/ws' failed: Error during WebSocket handshake: Unexpected response code: 500 @ http://localhost:8083/assets/workbook-runtime-jy8cebF1.js:0
[ 1342432ms] [ERROR] WebSocket connection to 'ws://localhost:8083/ws' failed: Error during WebSocket handshake: Unexpected response code: 500 @ http://localhost:8083/assets/workbook-runtime-jy8cebF1.js:0
[ 1357455ms] [ERROR] WebSocket connection to 'ws://localhost:8083/ws' failed: Error during WebSocket handshake: Unexpected response code: 500 @ http://localhost:8083/assets/workbook-runtime-jy8cebF1.js:0
[ 1372488ms] [ERROR] WebSocket connection to 'ws://localhost:8083/ws' failed: Error during WebSocket handshake: Unexpected response code: 500 @ http://localhost:8083/assets/workbook-runtime-jy8cebF1.js:0
[ 1387571ms] [ERROR] WebSocket connection to 'ws://localhost:8083/ws' failed: Error during WebSocket handshake: Unexpected response code: 500 @ http://localhost:8083/assets/workbook-runtime-jy8cebF1.js:0
[ 1402594ms] [ERROR] WebSocket connection to 'ws://localhost:8083/ws' failed: Error during WebSocket handshake: Unexpected response code: 500 @ http://localhost:8083/assets/workbook-runtime-jy8cebF1.js:0
[ 1417629ms] [ERROR] WebSocket connection to 'ws://localhost:8083/ws' failed: Error during WebSocket handshake: Unexpected response code: 500 @ http://localhost:8083/assets/workbook-runtime-jy8cebF1.js:0
[ 1432652ms] [ERROR] WebSocket connection to 'ws://localhost:8083/ws' failed: Error during WebSocket handshake: Unexpected response code: 500 @ http://localhost:8083/assets/workbook-runtime-jy8cebF1.js:0
[ 1447687ms] [ERROR] WebSocket connection to 'ws://localhost:8083/ws' failed: Error during WebSocket handshake: Unexpected response code: 500 @ http://localhost:8083/assets/workbook-runtime-jy8cebF1.js:0
[ 1462701ms] [ERROR] WebSocket connection to 'ws://localhost:8083/ws' failed: Error during WebSocket handshake: Unexpected response code: 500 @ http://localhost:8083/assets/workbook-runtime-jy8cebF1.js:0
[ 1477727ms] [ERROR] WebSocket connection to 'ws://localhost:8083/ws' failed: Error in connection establishment: net::ERR_CONNECTION_REFUSED @ http://localhost:8083/assets/workbook-runtime-jy8cebF1.js:0
[ 1492764ms] [ERROR] WebSocket connection to 'ws://localhost:8083/ws' failed: Error in connection establishment: net::ERR_CONNECTION_REFUSED @ http://localhost:8083/assets/workbook-runtime-jy8cebF1.js:0
[ 1507799ms] [ERROR] WebSocket connection to 'ws://localhost:8083/ws' failed: Error in connection establishment: net::ERR_CONNECTION_REFUSED @ http://localhost:8083/assets/workbook-runtime-jy8cebF1.js:0
[ 1522841ms] [ERROR] WebSocket connection to 'ws://localhost:8083/ws' failed: Error in connection establishment: net::ERR_CONNECTION_REFUSED @ http://localhost:8083/assets/workbook-runtime-jy8cebF1.js:0
[ 1537877ms] [ERROR] WebSocket connection to 'ws://localhost:8083/ws' failed: Error in connection establishment: net::ERR_CONNECTION_REFUSED @ http://localhost:8083/assets/workbook-runtime-jy8cebF1.js:0
[ 1552922ms] [ERROR] WebSocket connection to 'ws://localhost:8083/ws' failed: Error in connection establishment: net::ERR_CONNECTION_REFUSED @ http://localhost:8083/assets/workbook-runtime-jy8cebF1.js:0
[ 1567938ms] [ERROR] WebSocket connection to 'ws://localhost:8083/ws' failed: Error in connection establishment: net::ERR_CONNECTION_REFUSED @ http://localhost:8083/assets/workbook-runtime-jy8cebF1.js:0
[ 1582953ms] [ERROR] WebSocket connection to 'ws://localhost:8083/ws' failed: Error in connection establishment: net::ERR_CONNECTION_REFUSED @ http://localhost:8083/assets/workbook-runtime-jy8cebF1.js:0
[ 1597975ms] [ERROR] WebSocket connection to 'ws://localhost:8083/ws' failed: Error in connection establishment: net::ERR_CONNECTION_REFUSED @ http://localhost:8083/assets/workbook-runtime-jy8cebF1.js:0
[ 1613006ms] [ERROR] WebSocket connection to 'ws://localhost:8083/ws' failed: Error in connection establishment: net::ERR_CONNECTION_REFUSED @ http://localhost:8083/assets/workbook-runtime-jy8cebF1.js:0
[ 1628175ms] [ERROR] WebSocket connection to 'ws://localhost:8083/ws' failed: Error during WebSocket handshake: Unexpected response code: 500 @ http://localhost:8083/assets/workbook-runtime-jy8cebF1.js:0
[ 1643198ms] [ERROR] WebSocket connection to 'ws://localhost:8083/ws' failed: Error in connection establishment: net::ERR_CONNECTION_REFUSED @ http://localhost:8083/assets/workbook-runtime-jy8cebF1.js:0
[ 1658258ms] [ERROR] WebSocket connection to 'ws://localhost:8083/ws' failed: Error in connection establishment: net::ERR_CONNECTION_REFUSED @ http://localhost:8083/assets/workbook-runtime-jy8cebF1.js:0
[ 1673315ms] [ERROR] WebSocket connection to 'ws://localhost:8083/ws' failed: Error in connection establishment: net::ERR_CONNECTION_REFUSED @ http://localhost:8083/assets/workbook-runtime-jy8cebF1.js:0
[ 1688937ms] [ERROR] WebSocket connection to 'ws://localhost:8083/ws' failed: Error during WebSocket handshake: Unexpected response code: 500 @ http://localhost:8083/assets/workbook-runtime-jy8cebF1.js:0
[ 1704141ms] [ERROR] WebSocket connection to 'ws://localhost:8083/ws' failed: Error during WebSocket handshake: Unexpected response code: 500 @ http://localhost:8083/assets/workbook-runtime-jy8cebF1.js:0
[ 1719169ms] [ERROR] WebSocket connection to 'ws://localhost:8083/ws' failed: Error during WebSocket handshake: Unexpected response code: 500 @ http://localhost:8083/assets/workbook-runtime-jy8cebF1.js:0
[ 1734203ms] [ERROR] WebSocket connection to 'ws://localhost:8083/ws' failed: Error during WebSocket handshake: Unexpected response code: 500 @ http://localhost:8083/assets/workbook-runtime-jy8cebF1.js:0
[ 1749245ms] [ERROR] WebSocket connection to 'ws://localhost:8083/ws' failed: Error during WebSocket handshake: Unexpected response code: 500 @ http://localhost:8083/assets/workbook-runtime-jy8cebF1.js:0
[ 1764277ms] [ERROR] WebSocket connection to 'ws://localhost:8083/ws' failed: Error during WebSocket handshake: Unexpected response code: 500 @ http://localhost:8083/assets/workbook-runtime-jy8cebF1.js:0
[ 1779311ms] [ERROR] WebSocket connection to 'ws://localhost:8083/ws' failed: Error during WebSocket handshake: Unexpected response code: 500 @ http://localhost:8083/assets/workbook-runtime-jy8cebF1.js:0
[ 1794389ms] [ERROR] WebSocket connection to 'ws://localhost:8083/ws' failed: Error during WebSocket handshake: Unexpected response code: 500 @ http://localhost:8083/assets/workbook-runtime-jy8cebF1.js:0
[ 1809424ms] [ERROR] WebSocket connection to 'ws://localhost:8083/ws' failed: Error during WebSocket handshake: Unexpected response code: 500 @ http://localhost:8083/assets/workbook-runtime-jy8cebF1.js:0
[ 1824447ms] [ERROR] WebSocket connection to 'ws://localhost:8083/ws' failed: Error during WebSocket handshake: Unexpected response code: 500 @ http://localhost:8083/assets/workbook-runtime-jy8cebF1.js:0
[ 1839469ms] [ERROR] WebSocket connection to 'ws://localhost:8083/ws' failed: Error during WebSocket handshake: Unexpected response code: 500 @ http://localhost:8083/assets/workbook-runtime-jy8cebF1.js:0
[ 1854494ms] [ERROR] WebSocket connection to 'ws://localhost:8083/ws' failed: Error during WebSocket handshake: Unexpected response code: 500 @ http://localhost:8083/assets/workbook-runtime-jy8cebF1.js:0
[ 1869528ms] [ERROR] WebSocket connection to 'ws://localhost:8083/ws' failed: Error during WebSocket handshake: Unexpected response code: 500 @ http://localhost:8083/assets/workbook-runtime-jy8cebF1.js:0
[ 1884568ms] [ERROR] WebSocket connection to 'ws://localhost:8083/ws' failed: Error during WebSocket handshake: Unexpected response code: 500 @ http://localhost:8083/assets/workbook-runtime-jy8cebF1.js:0
[ 1899595ms] [ERROR] WebSocket connection to 'ws://localhost:8083/ws' failed: Error during WebSocket handshake: Unexpected response code: 500 @ http://localhost:8083/assets/workbook-runtime-jy8cebF1.js:0
[ 1914633ms] [ERROR] WebSocket connection to 'ws://localhost:8083/ws' failed: Error during WebSocket handshake: Unexpected response code: 500 @ http://localhost:8083/assets/workbook-runtime-jy8cebF1.js:0
[ 1929655ms] [ERROR] WebSocket connection to 'ws://localhost:8083/ws' failed: Error during WebSocket handshake: Unexpected response code: 500 @ http://localhost:8083/assets/workbook-runtime-jy8cebF1.js:0
[ 1944690ms] [ERROR] WebSocket connection to 'ws://localhost:8083/ws' failed: Error during WebSocket handshake: Unexpected response code: 500 @ http://localhost:8083/assets/workbook-runtime-jy8cebF1.js:0
[ 1959715ms] [ERROR] WebSocket connection to 'ws://localhost:8083/ws' failed: Error during WebSocket handshake: Unexpected response code: 500 @ http://localhost:8083/assets/workbook-runtime-jy8cebF1.js:0
[ 1974969ms] [ERROR] WebSocket connection to 'ws://localhost:8083/ws' failed: Error during WebSocket handshake: Unexpected response code: 500 @ http://localhost:8083/assets/workbook-runtime-jy8cebF1.js:0
[ 1990015ms] [ERROR] WebSocket connection to 'ws://localhost:8083/ws' failed: Error during WebSocket handshake: Unexpected response code: 500 @ http://localhost:8083/assets/workbook-runtime-jy8cebF1.js:0
[ 2005041ms] [ERROR] WebSocket connection to 'ws://localhost:8083/ws' failed: Error during WebSocket handshake: Unexpected response code: 500 @ http://localhost:8083/assets/workbook-runtime-jy8cebF1.js:0
[ 2020075ms] [ERROR] WebSocket connection to 'ws://localhost:8083/ws' failed: Error during WebSocket handshake: Unexpected response code: 500 @ http://localhost:8083/assets/workbook-runtime-jy8cebF1.js:0
[ 2035128ms] [ERROR] WebSocket connection to 'ws://localhost:8083/ws' failed: Error during WebSocket handshake: Unexpected response code: 500 @ http://localhost:8083/assets/workbook-runtime-jy8cebF1.js:0
[ 2050160ms] [ERROR] WebSocket connection to 'ws://localhost:8083/ws' failed: Error during WebSocket handshake: Unexpected response code: 500 @ http://localhost:8083/assets/workbook-runtime-jy8cebF1.js:0
[ 2065184ms] [ERROR] WebSocket connection to 'ws://localhost:8083/ws' failed: Error during WebSocket handshake: Unexpected response code: 500 @ http://localhost:8083/assets/workbook-runtime-jy8cebF1.js:0
[ 2080212ms] [ERROR] WebSocket connection to 'ws://localhost:8083/ws' failed: Error during WebSocket handshake: Unexpected response code: 500 @ http://localhost:8083/assets/workbook-runtime-jy8cebF1.js:0
[ 2095227ms] [ERROR] WebSocket connection to 'ws://localhost:8083/ws' failed: Error during WebSocket handshake: Unexpected response code: 500 @ http://localhost:8083/assets/workbook-runtime-jy8cebF1.js:0
[ 2110263ms] [ERROR] WebSocket connection to 'ws://localhost:8083/ws' failed: Error during WebSocket handshake: Unexpected response code: 500 @ http://localhost:8083/assets/workbook-runtime-jy8cebF1.js:0
[ 2125298ms] [ERROR] WebSocket connection to 'ws://localhost:8083/ws' failed: Error during WebSocket handshake: Unexpected response code: 500 @ http://localhost:8083/assets/workbook-runtime-jy8cebF1.js:0
[ 2140331ms] [ERROR] WebSocket connection to 'ws://localhost:8083/ws' failed: Error during WebSocket handshake: Unexpected response code: 500 @ http://localhost:8083/assets/workbook-runtime-jy8cebF1.js:0
[ 2155368ms] [ERROR] WebSocket connection to 'ws://localhost:8083/ws' failed: Error during WebSocket handshake: Unexpected response code: 500 @ http://localhost:8083/assets/workbook-runtime-jy8cebF1.js:0
[ 2170390ms] [ERROR] WebSocket connection to 'ws://localhost:8083/ws' failed: Error during WebSocket handshake: Unexpected response code: 500 @ http://localhost:8083/assets/workbook-runtime-jy8cebF1.js:0
[ 2185409ms] [ERROR] WebSocket connection to 'ws://localhost:8083/ws' failed: Error during WebSocket handshake: Unexpected response code: 500 @ http://localhost:8083/assets/workbook-runtime-jy8cebF1.js:0
[ 2200431ms] [ERROR] WebSocket connection to 'ws://localhost:8083/ws' failed: Error during WebSocket handshake: Unexpected response code: 500 @ http://localhost:8083/assets/workbook-runtime-jy8cebF1.js:0
[ 2215450ms] [ERROR] WebSocket connection to 'ws://localhost:8083/ws' failed: Error during WebSocket handshake: Unexpected response code: 500 @ http://localhost:8083/assets/workbook-runtime-jy8cebF1.js:0
[ 2230477ms] [ERROR] WebSocket connection to 'ws://localhost:8083/ws' failed: Error during WebSocket handshake: Unexpected response code: 500 @ http://localhost:8083/assets/workbook-runtime-jy8cebF1.js:0
[ 2245513ms] [ERROR] WebSocket connection to 'ws://localhost:8083/ws' failed: Error during WebSocket handshake: Unexpected response code: 500 @ http://localhost:8083/assets/workbook-runtime-jy8cebF1.js:0
[ 2260560ms] [ERROR] WebSocket connection to 'ws://localhost:8083/ws' failed: Error during WebSocket handshake: Unexpected response code: 500 @ http://localhost:8083/assets/workbook-runtime-jy8cebF1.js:0
[ 2275586ms] [ERROR] WebSocket connection to 'ws://localhost:8083/ws' failed: Error during WebSocket handshake: Unexpected response code: 500 @ http://localhost:8083/assets/workbook-runtime-jy8cebF1.js:0
[ 2290610ms] [ERROR] WebSocket connection to 'ws://localhost:8083/ws' failed: Error during WebSocket handshake: Unexpected response code: 500 @ http://localhost:8083/assets/workbook-runtime-jy8cebF1.js:0
[ 2305640ms] [ERROR] WebSocket connection to 'ws://localhost:8083/ws' failed: Error during WebSocket handshake: Unexpected response code: 500 @ http://localhost:8083/assets/workbook-runtime-jy8cebF1.js:0
[ 2320670ms] [ERROR] WebSocket connection to 'ws://localhost:8083/ws' failed: Error during WebSocket handshake: Unexpected response code: 500 @ http://localhost:8083/assets/workbook-runtime-jy8cebF1.js:0
[ 2335700ms] [ERROR] WebSocket connection to 'ws://localhost:8083/ws' failed: Error during WebSocket handshake: Unexpected response code: 500 @ http://localhost:8083/assets/workbook-runtime-jy8cebF1.js:0
[ 2350730ms] [ERROR] WebSocket connection to 'ws://localhost:8083/ws' failed: Error during WebSocket handshake: Unexpected response code: 500 @ http://localhost:8083/assets/workbook-runtime-jy8cebF1.js:0
[ 2365752ms] [ERROR] WebSocket connection to 'ws://localhost:8083/ws' failed: Error in connection establishment: net::ERR_CONNECTION_REFUSED @ http://localhost:8083/assets/workbook-runtime-jy8cebF1.js:0
[ 2380773ms] [ERROR] WebSocket connection to 'ws://localhost:8083/ws' failed: Error in connection establishment: net::ERR_CONNECTION_REFUSED @ http://localhost:8083/assets/workbook-runtime-jy8cebF1.js:0
[ 2395818ms] [ERROR] WebSocket connection to 'ws://localhost:8083/ws' failed: Error in connection establishment: net::ERR_CONNECTION_REFUSED @ http://localhost:8083/assets/workbook-runtime-jy8cebF1.js:0
[ 2410835ms] [ERROR] WebSocket connection to 'ws://localhost:8083/ws' failed: Error in connection establishment: net::ERR_CONNECTION_REFUSED @ http://localhost:8083/assets/workbook-runtime-jy8cebF1.js:0
[ 2425867ms] [ERROR] WebSocket connection to 'ws://localhost:8083/ws' failed: Error in connection establishment: net::ERR_CONNECTION_REFUSED @ http://localhost:8083/assets/workbook-runtime-jy8cebF1.js:0
[ 2440888ms] [ERROR] WebSocket connection to 'ws://localhost:8083/ws' failed: Error in connection establishment: net::ERR_CONNECTION_REFUSED @ http://localhost:8083/assets/workbook-runtime-jy8cebF1.js:0
[ 2456086ms] [ERROR] WebSocket connection to 'ws://localhost:8083/ws' failed: Error in connection establishment: net::ERR_CONNECTION_REFUSED @ http://localhost:8083/assets/workbook-runtime-jy8cebF1.js:0
[ 2471562ms] [ERROR] WebSocket connection to 'ws://localhost:8083/ws' failed: Error in connection establishment: net::ERR_CONNECTION_REFUSED @ http://localhost:8083/assets/workbook-runtime-jy8cebF1.js:0
[ 2486593ms] [ERROR] WebSocket connection to 'ws://localhost:8083/ws' failed: Error in connection establishment: net::ERR_CONNECTION_REFUSED @ http://localhost:8083/assets/workbook-runtime-jy8cebF1.js:0
[ 2501618ms] [ERROR] WebSocket connection to 'ws://localhost:8083/ws' failed: Error in connection establishment: net::ERR_CONNECTION_REFUSED @ http://localhost:8083/assets/workbook-runtime-jy8cebF1.js:0
[ 2516644ms] [ERROR] WebSocket connection to 'ws://localhost:8083/ws' failed: Error in connection establishment: net::ERR_CONNECTION_REFUSED @ http://localhost:8083/assets/workbook-runtime-jy8cebF1.js:0
[ 2531677ms] [ERROR] WebSocket connection to 'ws://localhost:8083/ws' failed: Error in connection establishment: net::ERR_CONNECTION_REFUSED @ http://localhost:8083/assets/workbook-runtime-jy8cebF1.js:0
[ 2546696ms] [ERROR] WebSocket connection to 'ws://localhost:8083/ws' failed: Error in connection establishment: net::ERR_CONNECTION_REFUSED @ http://localhost:8083/assets/workbook-runtime-jy8cebF1.js:0
[ 2561832ms] [ERROR] WebSocket connection to 'ws://localhost:8083/ws' failed: Error during WebSocket handshake: Unexpected response code: 500 @ http://localhost:8083/assets/workbook-runtime-jy8cebF1.js:0
[ 2576853ms] [ERROR] WebSocket connection to 'ws://localhost:8083/ws' failed: Error during WebSocket handshake: Unexpected response code: 500 @ http://localhost:8083/assets/workbook-runtime-jy8cebF1.js:0
[ 2591880ms] [ERROR] WebSocket connection to 'ws://localhost:8083/ws' failed: Error during WebSocket handshake: Unexpected response code: 500 @ http://localhost:8083/assets/workbook-runtime-jy8cebF1.js:0
[ 2606916ms] [ERROR] WebSocket connection to 'ws://localhost:8083/ws' failed: Error during WebSocket handshake: Unexpected response code: 500 @ http://localhost:8083/assets/workbook-runtime-jy8cebF1.js:0
[ 2621950ms] [ERROR] WebSocket connection to 'ws://localhost:8083/ws' failed: Error during WebSocket handshake: Unexpected response code: 500 @ http://localhost:8083/assets/workbook-runtime-jy8cebF1.js:0
[ 2636981ms] [ERROR] WebSocket connection to 'ws://localhost:8083/ws' failed: Error during WebSocket handshake: Unexpected response code: 500 @ http://localhost:8083/assets/workbook-runtime-jy8cebF1.js:0
[ 2652007ms] [ERROR] WebSocket connection to 'ws://localhost:8083/ws' failed: Error during WebSocket handshake: Unexpected response code: 500 @ http://localhost:8083/assets/workbook-runtime-jy8cebF1.js:0
[ 2667039ms] [ERROR] WebSocket connection to 'ws://localhost:8083/ws' failed: Error during WebSocket handshake: Unexpected response code: 500 @ http://localhost:8083/assets/workbook-runtime-jy8cebF1.js:0
[ 2682068ms] [ERROR] WebSocket connection to 'ws://localhost:8083/ws' failed: Error during WebSocket handshake: Unexpected response code: 500 @ http://localhost:8083/assets/workbook-runtime-jy8cebF1.js:0
[ 2697085ms] [ERROR] WebSocket connection to 'ws://localhost:8083/ws' failed: Error during WebSocket handshake: Unexpected response code: 500 @ http://localhost:8083/assets/workbook-runtime-jy8cebF1.js:0
[ 2712120ms] [ERROR] WebSocket connection to 'ws://localhost:8083/ws' failed: Error during WebSocket handshake: Unexpected response code: 500 @ http://localhost:8083/assets/workbook-runtime-jy8cebF1.js:0
[ 2727160ms] [ERROR] WebSocket connection to 'ws://localhost:8083/ws' failed: Error during WebSocket handshake: Unexpected response code: 500 @ http://localhost:8083/assets/workbook-runtime-jy8cebF1.js:0
[ 2742241ms] [ERROR] WebSocket connection to 'ws://localhost:8083/ws' failed: Error during WebSocket handshake: Unexpected response code: 500 @ http://localhost:8083/assets/workbook-runtime-jy8cebF1.js:0
[ 2757279ms] [ERROR] WebSocket connection to 'ws://localhost:8083/ws' failed: Error during WebSocket handshake: Unexpected response code: 500 @ http://localhost:8083/assets/workbook-runtime-jy8cebF1.js:0
[ 2772322ms] [ERROR] WebSocket connection to 'ws://localhost:8083/ws' failed: Error during WebSocket handshake: Unexpected response code: 500 @ http://localhost:8083/assets/workbook-runtime-jy8cebF1.js:0
[ 2787358ms] [ERROR] WebSocket connection to 'ws://localhost:8083/ws' failed: Error during WebSocket handshake: Unexpected response code: 500 @ http://localhost:8083/assets/workbook-runtime-jy8cebF1.js:0
[ 2802375ms] [ERROR] WebSocket connection to 'ws://localhost:8083/ws' failed: Error during WebSocket handshake: Unexpected response code: 500 @ http://localhost:8083/assets/workbook-runtime-jy8cebF1.js:0
[ 2817405ms] [ERROR] WebSocket connection to 'ws://localhost:8083/ws' failed: Error during WebSocket handshake: Unexpected response code: 500 @ http://localhost:8083/assets/workbook-runtime-jy8cebF1.js:0
[ 2832428ms] [ERROR] WebSocket connection to 'ws://localhost:8083/ws' failed: Error during WebSocket handshake: Unexpected response code: 500 @ http://localhost:8083/assets/workbook-runtime-jy8cebF1.js:0
[ 2847454ms] [ERROR] WebSocket connection to 'ws://localhost:8083/ws' failed: Error in connection establishment: net::ERR_CONNECTION_REFUSED @ http://localhost:8083/assets/workbook-runtime-jy8cebF1.js:0
[ 2862479ms] [ERROR] WebSocket connection to 'ws://localhost:8083/ws' failed: Error in connection establishment: net::ERR_CONNECTION_REFUSED @ http://localhost:8083/assets/workbook-runtime-jy8cebF1.js:0
[ 2877498ms] [ERROR] WebSocket connection to 'ws://localhost:8083/ws' failed: Error in connection establishment: net::ERR_CONNECTION_REFUSED @ http://localhost:8083/assets/workbook-runtime-jy8cebF1.js:0
[ 2892529ms] [ERROR] WebSocket connection to 'ws://localhost:8083/ws' failed: Error in connection establishment: net::ERR_CONNECTION_REFUSED @ http://localhost:8083/assets/workbook-runtime-jy8cebF1.js:0
[ 2907550ms] [ERROR] WebSocket connection to 'ws://localhost:8083/ws' failed: Error in connection establishment: net::ERR_CONNECTION_REFUSED @ http://localhost:8083/assets/workbook-runtime-jy8cebF1.js:0
[ 2922566ms] [ERROR] WebSocket connection to 'ws://localhost:8083/ws' failed: Error in connection establishment: net::ERR_CONNECTION_REFUSED @ http://localhost:8083/assets/workbook-runtime-jy8cebF1.js:0
[ 2937596ms] [ERROR] WebSocket connection to 'ws://localhost:8083/ws' failed: Error in connection establishment: net::ERR_CONNECTION_REFUSED @ http://localhost:8083/assets/workbook-runtime-jy8cebF1.js:0
[ 2952619ms] [ERROR] WebSocket connection to 'ws://localhost:8083/ws' failed: Error in connection establishment: net::ERR_CONNECTION_REFUSED @ http://localhost:8083/assets/workbook-runtime-jy8cebF1.js:0
[ 2967644ms] [ERROR] WebSocket connection to 'ws://localhost:8083/ws' failed: Error in connection establishment: net::ERR_CONNECTION_REFUSED @ http://localhost:8083/assets/workbook-runtime-jy8cebF1.js:0
[ 2982691ms] [ERROR] WebSocket connection to 'ws://localhost:8083/ws' failed: Error in connection establishment: net::ERR_CONNECTION_REFUSED @ http://localhost:8083/assets/workbook-runtime-jy8cebF1.js:0
[ 2997713ms] [ERROR] WebSocket connection to 'ws://localhost:8083/ws' failed: Error in connection establishment: net::ERR_CONNECTION_REFUSED @ http://localhost:8083/assets/workbook-runtime-jy8cebF1.js:0
[ 3012744ms] [ERROR] WebSocket connection to 'ws://localhost:8083/ws' failed: Error during WebSocket handshake: Unexpected response code: 500 @ http://localhost:8083/assets/workbook-runtime-jy8cebF1.js:0
[ 3027774ms] [ERROR] WebSocket connection to 'ws://localhost:8083/ws' failed: Error during WebSocket handshake: Unexpected response code: 500 @ http://localhost:8083/assets/workbook-runtime-jy8cebF1.js:0
[ 3042798ms] [ERROR] WebSocket connection to 'ws://localhost:8083/ws' failed: Error during WebSocket handshake: Unexpected response code: 500 @ http://localhost:8083/assets/workbook-runtime-jy8cebF1.js:0
[ 3057818ms] [ERROR] WebSocket connection to 'ws://localhost:8083/ws' failed: Error during WebSocket handshake: Unexpected response code: 500 @ http://localhost:8083/assets/workbook-runtime-jy8cebF1.js:0
[ 3072836ms] [ERROR] WebSocket connection to 'ws://localhost:8083/ws' failed: Error during WebSocket handshake: Unexpected response code: 500 @ http://localhost:8083/assets/workbook-runtime-jy8cebF1.js:0
[ 3087869ms] [ERROR] WebSocket connection to 'ws://localhost:8083/ws' failed: Error during WebSocket handshake: Unexpected response code: 500 @ http://localhost:8083/assets/workbook-runtime-jy8cebF1.js:0
[ 3102892ms] [ERROR] WebSocket connection to 'ws://localhost:8083/ws' failed: Error during WebSocket handshake: Unexpected response code: 500 @ http://localhost:8083/assets/workbook-runtime-jy8cebF1.js:0
[ 3117916ms] [ERROR] WebSocket connection to 'ws://localhost:8083/ws' failed: Error during WebSocket handshake: Unexpected response code: 500 @ http://localhost:8083/assets/workbook-runtime-jy8cebF1.js:0
[ 3132965ms] [ERROR] WebSocket connection to 'ws://localhost:8083/ws' failed: Error during WebSocket handshake: Unexpected response code: 500 @ http://localhost:8083/assets/workbook-runtime-jy8cebF1.js:0
[ 3147995ms] [ERROR] WebSocket connection to 'ws://localhost:8083/ws' failed: Error during WebSocket handshake: Unexpected response code: 500 @ http://localhost:8083/assets/workbook-runtime-jy8cebF1.js:0
[ 3163014ms] [ERROR] WebSocket connection to 'ws://localhost:8083/ws' failed: Error during WebSocket handshake: Unexpected response code: 500 @ http://localhost:8083/assets/workbook-runtime-jy8cebF1.js:0
[ 3178042ms] [ERROR] WebSocket connection to 'ws://localhost:8083/ws' failed: Error during WebSocket handshake: Unexpected response code: 500 @ http://localhost:8083/assets/workbook-runtime-jy8cebF1.js:0
[ 3193101ms] [ERROR] WebSocket connection to 'ws://localhost:8083/ws' failed: Error during WebSocket handshake: Unexpected response code: 500 @ http://localhost:8083/assets/workbook-runtime-jy8cebF1.js:0
[ 3208144ms] [ERROR] WebSocket connection to 'ws://localhost:8083/ws' failed: Error during WebSocket handshake: Unexpected response code: 500 @ http://localhost:8083/assets/workbook-runtime-jy8cebF1.js:0
[ 3223212ms] [ERROR] WebSocket connection to 'ws://localhost:8083/ws' failed: Error during WebSocket handshake: Unexpected response code: 500 @ http://localhost:8083/assets/workbook-runtime-jy8cebF1.js:0
[ 3238248ms] [ERROR] WebSocket connection to 'ws://localhost:8083/ws' failed: Error during WebSocket handshake: Unexpected response code: 500 @ http://localhost:8083/assets/workbook-runtime-jy8cebF1.js:0
[ 3253275ms] [ERROR] WebSocket connection to 'ws://localhost:8083/ws' failed: Error during WebSocket handshake: Unexpected response code: 500 @ http://localhost:8083/assets/workbook-runtime-jy8cebF1.js:0
[ 3268293ms] [ERROR] WebSocket connection to 'ws://localhost:8083/ws' failed: Error during WebSocket handshake: Unexpected response code: 500 @ http://localhost:8083/assets/workbook-runtime-jy8cebF1.js:0
[ 3283309ms] [ERROR] WebSocket connection to 'ws://localhost:8083/ws' failed: Error during WebSocket handshake: Unexpected response code: 500 @ http://localhost:8083/assets/workbook-runtime-jy8cebF1.js:0
[ 3298336ms] [ERROR] WebSocket connection to 'ws://localhost:8083/ws' failed: Error during WebSocket handshake: Unexpected response code: 500 @ http://localhost:8083/assets/workbook-runtime-jy8cebF1.js:0
[ 3313365ms] [ERROR] WebSocket connection to 'ws://localhost:8083/ws' failed: Error in connection establishment: net::ERR_CONNECTION_REFUSED @ http://localhost:8083/assets/workbook-runtime-jy8cebF1.js:0
[ 3328397ms] [ERROR] WebSocket connection to 'ws://localhost:8083/ws' failed: Error in connection establishment: net::ERR_CONNECTION_REFUSED @ http://localhost:8083/assets/workbook-runtime-jy8cebF1.js:0
[ 3343426ms] [ERROR] WebSocket connection to 'ws://localhost:8083/ws' failed: Error in connection establishment: net::ERR_CONNECTION_REFUSED @ http://localhost:8083/assets/workbook-runtime-jy8cebF1.js:0
[ 3358627ms] [ERROR] WebSocket connection to 'ws://localhost:8083/ws' failed: Error in connection establishment: net::ERR_CONNECTION_REFUSED @ http://localhost:8083/assets/workbook-runtime-jy8cebF1.js:0
[ 3373659ms] [ERROR] WebSocket connection to 'ws://localhost:8083/ws' failed: Error in connection establishment: net::ERR_CONNECTION_REFUSED @ http://localhost:8083/assets/workbook-runtime-jy8cebF1.js:0
[ 3388693ms] [ERROR] WebSocket connection to 'ws://localhost:8083/ws' failed: Error in connection establishment: net::ERR_CONNECTION_REFUSED @ http://localhost:8083/assets/workbook-runtime-jy8cebF1.js:0
[ 3403886ms] [ERROR] WebSocket connection to 'ws://localhost:8083/ws' failed: Error in connection establishment: net::ERR_CONNECTION_REFUSED @ http://localhost:8083/assets/workbook-runtime-jy8cebF1.js:0
[ 3419683ms] [ERROR] WebSocket connection to 'ws://localhost:8083/ws' failed: Error in connection establishment: net::ERR_CONNECTION_REFUSED @ http://localhost:8083/assets/workbook-runtime-jy8cebF1.js:0
[ 3435326ms] [ERROR] WebSocket connection to 'ws://localhost:8083/ws' failed: Error during WebSocket handshake: Unexpected response code: 500 @ http://localhost:8083/assets/workbook-runtime-jy8cebF1.js:0
[ 3450366ms] [ERROR] WebSocket connection to 'ws://localhost:8083/ws' failed: Error during WebSocket handshake: Unexpected response code: 500 @ http://localhost:8083/assets/workbook-runtime-jy8cebF1.js:0
[ 3465943ms] [ERROR] WebSocket connection to 'ws://localhost:8083/ws' failed: Error during WebSocket handshake: Unexpected response code: 500 @ http://localhost:8083/assets/workbook-runtime-jy8cebF1.js:0
[ 3480991ms] [ERROR] WebSocket connection to 'ws://localhost:8083/ws' failed: Error during WebSocket handshake: Unexpected response code: 500 @ http://localhost:8083/assets/workbook-runtime-jy8cebF1.js:0
[ 3496028ms] [ERROR] WebSocket connection to 'ws://localhost:8083/ws' failed: Error during WebSocket handshake: Unexpected response code: 500 @ http://localhost:8083/assets/workbook-runtime-jy8cebF1.js:0
[ 3511100ms] [ERROR] WebSocket connection to 'ws://localhost:8083/ws' failed: Error in connection establishment: net::ERR_CONNECTION_REFUSED @ http://localhost:8083/assets/workbook-runtime-jy8cebF1.js:0
[ 3526307ms] [ERROR] WebSocket connection to 'ws://localhost:8083/ws' failed: Error in connection establishment: net::ERR_CONNECTION_REFUSED @ http://localhost:8083/assets/workbook-runtime-jy8cebF1.js:0
[ 3541341ms] [ERROR] WebSocket connection to 'ws://localhost:8083/ws' failed: Error in connection establishment: net::ERR_CONNECTION_REFUSED @ http://localhost:8083/assets/workbook-runtime-jy8cebF1.js:0
[ 3556361ms] [ERROR] WebSocket connection to 'ws://localhost:8083/ws' failed: Error in connection establishment: net::ERR_CONNECTION_REFUSED @ http://localhost:8083/assets/workbook-runtime-jy8cebF1.js:0
[ 3571387ms] [ERROR] WebSocket connection to 'ws://localhost:8083/ws' failed: Error in connection establishment: net::ERR_CONNECTION_REFUSED @ http://localhost:8083/assets/workbook-runtime-jy8cebF1.js:0
[ 3586425ms] [ERROR] WebSocket connection to 'ws://localhost:8083/ws' failed: Error in connection establishment: net::ERR_CONNECTION_REFUSED @ http://localhost:8083/assets/workbook-runtime-jy8cebF1.js:0
[ 3601491ms] [ERROR] WebSocket connection to 'ws://localhost:8083/ws' failed: Error in connection establishment: net::ERR_CONNECTION_REFUSED @ http://localhost:8083/assets/workbook-runtime-jy8cebF1.js:0
[ 3616612ms] [ERROR] WebSocket connection to 'ws://localhost:8083/ws' failed: Error in connection establishment: net::ERR_CONNECTION_REFUSED @ http://localhost:8083/assets/workbook-runtime-jy8cebF1.js:0
[ 3631637ms] [ERROR] WebSocket connection to 'ws://localhost:8083/ws' failed: Error in connection establishment: net::ERR_CONNECTION_REFUSED @ http://localhost:8083/assets/workbook-runtime-jy8cebF1.js:0
[ 3646664ms] [ERROR] WebSocket connection to 'ws://localhost:8083/ws' failed: Error in connection establishment: net::ERR_CONNECTION_REFUSED @ http://localhost:8083/assets/workbook-runtime-jy8cebF1.js:0
[ 3661689ms] [ERROR] WebSocket connection to 'ws://localhost:8083/ws' failed: Error in connection establishment: net::ERR_CONNECTION_REFUSED @ http://localhost:8083/assets/workbook-runtime-jy8cebF1.js:0
[ 3676810ms] [ERROR] WebSocket connection to 'ws://localhost:8083/ws' failed: Error during WebSocket handshake: Unexpected response code: 500 @ http://localhost:8083/assets/workbook-runtime-jy8cebF1.js:0
[ 3691844ms] [ERROR] WebSocket connection to 'ws://localhost:8083/ws' failed: Error during WebSocket handshake: Unexpected response code: 500 @ http://localhost:8083/assets/workbook-runtime-jy8cebF1.js:0
[ 3706883ms] [ERROR] WebSocket connection to 'ws://localhost:8083/ws' failed: Error during WebSocket handshake: Unexpected response code: 500 @ http://localhost:8083/assets/workbook-runtime-jy8cebF1.js:0
[ 3721994ms] [ERROR] WebSocket connection to 'ws://localhost:8083/ws' failed: Error during WebSocket handshake: Unexpected response code: 500 @ http://localhost:8083/assets/workbook-runtime-jy8cebF1.js:0
[ 3737039ms] [ERROR] WebSocket connection to 'ws://localhost:8083/ws' failed: Error during WebSocket handshake: Unexpected response code: 500 @ http://localhost:8083/assets/workbook-runtime-jy8cebF1.js:0
[ 3752071ms] [ERROR] WebSocket connection to 'ws://localhost:8083/ws' failed: Error during WebSocket handshake: Unexpected response code: 500 @ http://localhost:8083/assets/workbook-runtime-jy8cebF1.js:0
[ 3767097ms] [ERROR] WebSocket connection to 'ws://localhost:8083/ws' failed: Error during WebSocket handshake: Unexpected response code: 500 @ http://localhost:8083/assets/workbook-runtime-jy8cebF1.js:0
[ 3782123ms] [ERROR] WebSocket connection to 'ws://localhost:8083/ws' failed: Error during WebSocket handshake: Unexpected response code: 500 @ http://localhost:8083/assets/workbook-runtime-jy8cebF1.js:0
[ 3797145ms] [ERROR] WebSocket connection to 'ws://localhost:8083/ws' failed: Error during WebSocket handshake: Unexpected response code: 500 @ http://localhost:8083/assets/workbook-runtime-jy8cebF1.js:0
[ 3812168ms] [ERROR] WebSocket connection to 'ws://localhost:8083/ws' failed: Error during WebSocket handshake: Unexpected response code: 500 @ http://localhost:8083/assets/workbook-runtime-jy8cebF1.js:0
[ 3827204ms] [ERROR] WebSocket connection to 'ws://localhost:8083/ws' failed: Error during WebSocket handshake: Unexpected response code: 500 @ http://localhost:8083/assets/workbook-runtime-jy8cebF1.js:0
[ 3842240ms] [ERROR] WebSocket connection to 'ws://localhost:8083/ws' failed: Error during WebSocket handshake: Unexpected response code: 500 @ http://localhost:8083/assets/workbook-runtime-jy8cebF1.js:0
[ 3857264ms] [ERROR] WebSocket connection to 'ws://localhost:8083/ws' failed: Error during WebSocket handshake: Unexpected response code: 500 @ http://localhost:8083/assets/workbook-runtime-jy8cebF1.js:0
[ 3872285ms] [ERROR] WebSocket connection to 'ws://localhost:8083/ws' failed: Error during WebSocket handshake: Unexpected response code: 500 @ http://localhost:8083/assets/workbook-runtime-jy8cebF1.js:0
[ 3887312ms] [ERROR] WebSocket connection to 'ws://localhost:8083/ws' failed: Error during WebSocket handshake: Unexpected response code: 500 @ http://localhost:8083/assets/workbook-runtime-jy8cebF1.js:0
[ 3902325ms] [ERROR] WebSocket connection to 'ws://localhost:8083/ws' failed: Error during WebSocket handshake: Unexpected response code: 500 @ http://localhost:8083/assets/workbook-runtime-jy8cebF1.js:0
[ 3917361ms] [ERROR] WebSocket connection to 'ws://localhost:8083/ws' failed: Error during WebSocket handshake: Unexpected response code: 500 @ http://localhost:8083/assets/workbook-runtime-jy8cebF1.js:0
[ 3932392ms] [ERROR] WebSocket connection to 'ws://localhost:8083/ws' failed: Error in connection establishment: net::ERR_CONNECTION_REFUSED @ http://localhost:8083/assets/workbook-runtime-jy8cebF1.js:0
[ 3947412ms] [ERROR] WebSocket connection to 'ws://localhost:8083/ws' failed: Error in connection establishment: net::ERR_CONNECTION_REFUSED @ http://localhost:8083/assets/workbook-runtime-jy8cebF1.js:0
[ 3962436ms] [ERROR] WebSocket connection to 'ws://localhost:8083/ws' failed: Error in connection establishment: net::ERR_CONNECTION_REFUSED @ http://localhost:8083/assets/workbook-runtime-jy8cebF1.js:0
[ 3977451ms] [ERROR] WebSocket connection to 'ws://localhost:8083/ws' failed: Error in connection establishment: net::ERR_CONNECTION_REFUSED @ http://localhost:8083/assets/workbook-runtime-jy8cebF1.js:0
[ 3992473ms] [ERROR] WebSocket connection to 'ws://localhost:8083/ws' failed: Error in connection establishment: net::ERR_CONNECTION_REFUSED @ http://localhost:8083/assets/workbook-runtime-jy8cebF1.js:0
[ 4007498ms] [ERROR] WebSocket connection to 'ws://localhost:8083/ws' failed: Error in connection establishment: net::ERR_CONNECTION_REFUSED @ http://localhost:8083/assets/workbook-runtime-jy8cebF1.js:0
[ 4022518ms] [ERROR] WebSocket connection to 'ws://localhost:8083/ws' failed: Error in connection establishment: net::ERR_CONNECTION_REFUSED @ http://localhost:8083/assets/workbook-runtime-jy8cebF1.js:0
[ 4037550ms] [ERROR] WebSocket connection to 'ws://localhost:8083/ws' failed: Error in connection establishment: net::ERR_CONNECTION_REFUSED @ http://localhost:8083/assets/workbook-runtime-jy8cebF1.js:0
[ 4052577ms] [ERROR] WebSocket connection to 'ws://localhost:8083/ws' failed: Error in connection establishment: net::ERR_CONNECTION_REFUSED @ http://localhost:8083/assets/workbook-runtime-jy8cebF1.js:0
[ 4067612ms] [ERROR] WebSocket connection to 'ws://localhost:8083/ws' failed: Error in connection establishment: net::ERR_CONNECTION_REFUSED @ http://localhost:8083/assets/workbook-runtime-jy8cebF1.js:0
[ 4082632ms] [ERROR] WebSocket connection to 'ws://localhost:8083/ws' failed: Error in connection establishment: net::ERR_CONNECTION_REFUSED @ http://localhost:8083/assets/workbook-runtime-jy8cebF1.js:0
[ 4097667ms] [ERROR] WebSocket connection to 'ws://localhost:8083/ws' failed: Error during WebSocket handshake: Unexpected response code: 500 @ http://localhost:8083/assets/workbook-runtime-jy8cebF1.js:0
[ 4112688ms] [ERROR] WebSocket connection to 'ws://localhost:8083/ws' failed: Error during WebSocket handshake: Unexpected response code: 500 @ http://localhost:8083/assets/workbook-runtime-jy8cebF1.js:0
[ 4127701ms] [ERROR] WebSocket connection to 'ws://localhost:8083/ws' failed: Error during WebSocket handshake: Unexpected response code: 500 @ http://localhost:8083/assets/workbook-runtime-jy8cebF1.js:0
[ 4142715ms] [ERROR] WebSocket connection to 'ws://localhost:8083/ws' failed: Error during WebSocket handshake: Unexpected response code: 500 @ http://localhost:8083/assets/workbook-runtime-jy8cebF1.js:0
[ 4157731ms] [ERROR] WebSocket connection to 'ws://localhost:8083/ws' failed: Error during WebSocket handshake: Unexpected response code: 500 @ http://localhost:8083/assets/workbook-runtime-jy8cebF1.js:0
[ 4172793ms] [ERROR] WebSocket connection to 'ws://localhost:8083/ws' failed: Error during WebSocket handshake: Unexpected response code: 500 @ http://localhost:8083/assets/workbook-runtime-jy8cebF1.js:0
[ 4187834ms] [ERROR] WebSocket connection to 'ws://localhost:8083/ws' failed: Error during WebSocket handshake: Unexpected response code: 500 @ http://localhost:8083/assets/workbook-runtime-jy8cebF1.js:0
[ 4202868ms] [ERROR] WebSocket connection to 'ws://localhost:8083/ws' failed: Error during WebSocket handshake: Unexpected response code: 500 @ http://localhost:8083/assets/workbook-runtime-jy8cebF1.js:0
[ 4217962ms] [ERROR] WebSocket connection to 'ws://localhost:8083/ws' failed: Error during WebSocket handshake: Unexpected response code: 500 @ http://localhost:8083/assets/workbook-runtime-jy8cebF1.js:0
[ 4232990ms] [ERROR] WebSocket connection to 'ws://localhost:8083/ws' failed: Error during WebSocket handshake: Unexpected response code: 500 @ http://localhost:8083/assets/workbook-runtime-jy8cebF1.js:0
[ 4248022ms] [ERROR] WebSocket connection to 'ws://localhost:8083/ws' failed: Error during WebSocket handshake: Unexpected response code: 500 @ http://localhost:8083/assets/workbook-runtime-jy8cebF1.js:0
[ 4263048ms] [ERROR] WebSocket connection to 'ws://localhost:8083/ws' failed: Error during WebSocket handshake: Unexpected response code: 500 @ http://localhost:8083/assets/workbook-runtime-jy8cebF1.js:0
[ 4278120ms] [ERROR] WebSocket connection to 'ws://localhost:8083/ws' failed: Error during WebSocket handshake: Unexpected response code: 500 @ http://localhost:8083/assets/workbook-runtime-jy8cebF1.js:0
[ 4293148ms] [ERROR] WebSocket connection to 'ws://localhost:8083/ws' failed: Error during WebSocket handshake: Unexpected response code: 500 @ http://localhost:8083/assets/workbook-runtime-jy8cebF1.js:0
[ 4308186ms] [ERROR] WebSocket connection to 'ws://localhost:8083/ws' failed: Error during WebSocket handshake: Unexpected response code: 500 @ http://localhost:8083/assets/workbook-runtime-jy8cebF1.js:0
[ 4323210ms] [ERROR] WebSocket connection to 'ws://localhost:8083/ws' failed: Error during WebSocket handshake: Unexpected response code: 500 @ http://localhost:8083/assets/workbook-runtime-jy8cebF1.js:0
[ 4338227ms] [ERROR] WebSocket connection to 'ws://localhost:8083/ws' failed: Error during WebSocket handshake: Unexpected response code: 500 @ http://localhost:8083/assets/workbook-runtime-jy8cebF1.js:0
[ 4353246ms] [ERROR] WebSocket connection to 'ws://localhost:8083/ws' failed: Error during WebSocket handshake: Unexpected response code: 500 @ http://localhost:8083/assets/workbook-runtime-jy8cebF1.js:0
[ 4368284ms] [ERROR] WebSocket connection to 'ws://localhost:8083/ws' failed: Error during WebSocket handshake: Unexpected response code: 500 @ http://localhost:8083/assets/workbook-runtime-jy8cebF1.js:0
[ 4383327ms] [ERROR] WebSocket connection to 'ws://localhost:8083/ws' failed: Error during WebSocket handshake: Unexpected response code: 500 @ http://localhost:8083/assets/workbook-runtime-jy8cebF1.js:0
[ 4398352ms] [ERROR] WebSocket connection to 'ws://localhost:8083/ws' failed: Error during WebSocket handshake: Unexpected response code: 500 @ http://localhost:8083/assets/workbook-runtime-jy8cebF1.js:0
[ 4413377ms] [ERROR] WebSocket connection to 'ws://localhost:8083/ws' failed: Error during WebSocket handshake: Unexpected response code: 500 @ http://localhost:8083/assets/workbook-runtime-jy8cebF1.js:0
[ 4428408ms] [ERROR] WebSocket connection to 'ws://localhost:8083/ws' failed: Error during WebSocket handshake: Unexpected response code: 500 @ http://localhost:8083/assets/workbook-runtime-jy8cebF1.js:0
[ 4443439ms] [ERROR] WebSocket connection to 'ws://localhost:8083/ws' failed: Error during WebSocket handshake: Unexpected response code: 500 @ http://localhost:8083/assets/workbook-runtime-jy8cebF1.js:0
[ 4458460ms] [ERROR] WebSocket connection to 'ws://localhost:8083/ws' failed: Error during WebSocket handshake: Unexpected response code: 500 @ http://localhost:8083/assets/workbook-runtime-jy8cebF1.js:0
[ 4473479ms] [ERROR] WebSocket connection to 'ws://localhost:8083/ws' failed: Error during WebSocket handshake: Unexpected response code: 500 @ http://localhost:8083/assets/workbook-runtime-jy8cebF1.js:0
[ 4488497ms] [ERROR] WebSocket connection to 'ws://localhost:8083/ws' failed: Error during WebSocket handshake: Unexpected response code: 500 @ http://localhost:8083/assets/workbook-runtime-jy8cebF1.js:0
[ 4503524ms] [ERROR] WebSocket connection to 'ws://localhost:8083/ws' failed: Error during WebSocket handshake: Unexpected response code: 500 @ http://localhost:8083/assets/workbook-runtime-jy8cebF1.js:0
[ 4518559ms] [ERROR] WebSocket connection to 'ws://localhost:8083/ws' failed: Error during WebSocket handshake: Unexpected response code: 500 @ http://localhost:8083/assets/workbook-runtime-jy8cebF1.js:0
[ 4533579ms] [ERROR] WebSocket connection to 'ws://localhost:8083/ws' failed: Error during WebSocket handshake: Unexpected response code: 500 @ http://localhost:8083/assets/workbook-runtime-jy8cebF1.js:0
[ 4548613ms] [ERROR] WebSocket connection to 'ws://localhost:8083/ws' failed: Error during WebSocket handshake: Unexpected response code: 500 @ http://localhost:8083/assets/workbook-runtime-jy8cebF1.js:0
[ 4563640ms] [ERROR] WebSocket connection to 'ws://localhost:8083/ws' failed: Error during WebSocket handshake: Unexpected response code: 500 @ http://localhost:8083/assets/workbook-runtime-jy8cebF1.js:0
[ 4578663ms] [ERROR] WebSocket connection to 'ws://localhost:8083/ws' failed: Error during WebSocket handshake: Unexpected response code: 500 @ http://localhost:8083/assets/workbook-runtime-jy8cebF1.js:0
[ 4593692ms] [ERROR] WebSocket connection to 'ws://localhost:8083/ws' failed: Error during WebSocket handshake: Unexpected response code: 500 @ http://localhost:8083/assets/workbook-runtime-jy8cebF1.js:0
[ 4608709ms] [ERROR] WebSocket connection to 'ws://localhost:8083/ws' failed: Error during WebSocket handshake: Unexpected response code: 500 @ http://localhost:8083/assets/workbook-runtime-jy8cebF1.js:0
[ 4623723ms] [ERROR] WebSocket connection to 'ws://localhost:8083/ws' failed: Error during WebSocket handshake: Unexpected response code: 500 @ http://localhost:8083/assets/workbook-runtime-jy8cebF1.js:0
[ 4638761ms] [ERROR] WebSocket connection to 'ws://localhost:8083/ws' failed: Error during WebSocket handshake: Unexpected response code: 500 @ http://localhost:8083/assets/workbook-runtime-jy8cebF1.js:0
[ 4653788ms] [ERROR] WebSocket connection to 'ws://localhost:8083/ws' failed: Error during WebSocket handshake: Unexpected response code: 500 @ http://localhost:8083/assets/workbook-runtime-jy8cebF1.js:0
[ 4668825ms] [ERROR] WebSocket connection to 'ws://localhost:8083/ws' failed: Error during WebSocket handshake: Unexpected response code: 500 @ http://localhost:8083/assets/workbook-runtime-jy8cebF1.js:0
[ 4683860ms] [ERROR] WebSocket connection to 'ws://localhost:8083/ws' failed: Error during WebSocket handshake: Unexpected response code: 500 @ http://localhost:8083/assets/workbook-runtime-jy8cebF1.js:0
[ 4698873ms] [ERROR] WebSocket connection to 'ws://localhost:8083/ws' failed: Error during WebSocket handshake: Unexpected response code: 500 @ http://localhost:8083/assets/workbook-runtime-jy8cebF1.js:0
[ 4713892ms] [ERROR] WebSocket connection to 'ws://localhost:8083/ws' failed: Error during WebSocket handshake: Unexpected response code: 500 @ http://localhost:8083/assets/workbook-runtime-jy8cebF1.js:0
[ 4728930ms] [ERROR] WebSocket connection to 'ws://localhost:8083/ws' failed: Error during WebSocket handshake: Unexpected response code: 500 @ http://localhost:8083/assets/workbook-runtime-jy8cebF1.js:0
[ 4743957ms] [ERROR] WebSocket connection to 'ws://localhost:8083/ws' failed: Error during WebSocket handshake: Unexpected response code: 500 @ http://localhost:8083/assets/workbook-runtime-jy8cebF1.js:0
[ 4758976ms] [ERROR] WebSocket connection to 'ws://localhost:8083/ws' failed: Error during WebSocket handshake: Unexpected response code: 500 @ http://localhost:8083/assets/workbook-runtime-jy8cebF1.js:0
[ 4774012ms] [ERROR] WebSocket connection to 'ws://localhost:8083/ws' failed: Error during WebSocket handshake: Unexpected response code: 500 @ http://localhost:8083/assets/workbook-runtime-jy8cebF1.js:0
[ 4789042ms] [ERROR] WebSocket connection to 'ws://localhost:8083/ws' failed: Error during WebSocket handshake: Unexpected response code: 500 @ http://localhost:8083/assets/workbook-runtime-jy8cebF1.js:0
[ 4804074ms] [ERROR] WebSocket connection to 'ws://localhost:8083/ws' failed: Error during WebSocket handshake: Unexpected response code: 500 @ http://localhost:8083/assets/workbook-runtime-jy8cebF1.js:0
[ 4819110ms] [ERROR] WebSocket connection to 'ws://localhost:8083/ws' failed: Error during WebSocket handshake: Unexpected response code: 500 @ http://localhost:8083/assets/workbook-runtime-jy8cebF1.js:0
[ 4835371ms] [ERROR] WebSocket connection to 'ws://localhost:8083/ws' failed: Error during WebSocket handshake: Unexpected response code: 500 @ http://localhost:8083/assets/workbook-runtime-jy8cebF1.js:0
[ 4850405ms] [ERROR] WebSocket connection to 'ws://localhost:8083/ws' failed: Error during WebSocket handshake: Unexpected response code: 500 @ http://localhost:8083/assets/workbook-runtime-jy8cebF1.js:0
[ 4865432ms] [ERROR] WebSocket connection to 'ws://localhost:8083/ws' failed: Error during WebSocket handshake: Unexpected response code: 500 @ http://localhost:8083/assets/workbook-runtime-jy8cebF1.js:0
[ 4880471ms] [ERROR] WebSocket connection to 'ws://localhost:8083/ws' failed: Error during WebSocket handshake: Unexpected response code: 500 @ http://localhost:8083/assets/workbook-runtime-jy8cebF1.js:0
[ 4895493ms] [ERROR] WebSocket connection to 'ws://localhost:8083/ws' failed: Error during WebSocket handshake: Unexpected response code: 500 @ http://localhost:8083/assets/workbook-runtime-jy8cebF1.js:0
[ 4910524ms] [ERROR] WebSocket connection to 'ws://localhost:8083/ws' failed: Error during WebSocket handshake: Unexpected response code: 500 @ http://localhost:8083/assets/workbook-runtime-jy8cebF1.js:0
[ 4925553ms] [ERROR] WebSocket connection to 'ws://localhost:8083/ws' failed: Error during WebSocket handshake: Unexpected response code: 500 @ http://localhost:8083/assets/workbook-runtime-jy8cebF1.js:0
[ 4940596ms] [ERROR] WebSocket connection to 'ws://localhost:8083/ws' failed: Error during WebSocket handshake: Unexpected response code: 500 @ http://localhost:8083/assets/workbook-runtime-jy8cebF1.js:0
[ 4955631ms] [ERROR] WebSocket connection to 'ws://localhost:8083/ws' failed: Error during WebSocket handshake: Unexpected response code: 500 @ http://localhost:8083/assets/workbook-runtime-jy8cebF1.js:0
[ 4970671ms] [ERROR] WebSocket connection to 'ws://localhost:8083/ws' failed: Error in connection establishment: net::ERR_CONNECTION_REFUSED @ http://localhost:8083/assets/workbook-runtime-jy8cebF1.js:0
[ 4985701ms] [ERROR] WebSocket connection to 'ws://localhost:8083/ws' failed: Error in connection establishment: net::ERR_CONNECTION_REFUSED @ http://localhost:8083/assets/workbook-runtime-jy8cebF1.js:0
[ 5000728ms] [ERROR] WebSocket connection to 'ws://localhost:8083/ws' failed: Error in connection establishment: net::ERR_CONNECTION_REFUSED @ http://localhost:8083/assets/workbook-runtime-jy8cebF1.js:0
[ 5015761ms] [ERROR] WebSocket connection to 'ws://localhost:8083/ws' failed: Error in connection establishment: net::ERR_CONNECTION_REFUSED @ http://localhost:8083/assets/workbook-runtime-jy8cebF1.js:0
[ 5030787ms] [ERROR] WebSocket connection to 'ws://localhost:8083/ws' failed: Error in connection establishment: net::ERR_CONNECTION_REFUSED @ http://localhost:8083/assets/workbook-runtime-jy8cebF1.js:0
[ 5045826ms] [ERROR] WebSocket connection to 'ws://localhost:8083/ws' failed: Error in connection establishment: net::ERR_CONNECTION_REFUSED @ http://localhost:8083/assets/workbook-runtime-jy8cebF1.js:0
[ 5060851ms] [ERROR] WebSocket connection to 'ws://localhost:8083/ws' failed: Error in connection establishment: net::ERR_CONNECTION_REFUSED @ http://localhost:8083/assets/workbook-runtime-jy8cebF1.js:0
[ 5075868ms] [ERROR] WebSocket connection to 'ws://localhost:8083/ws' failed: Error in connection establishment: net::ERR_CONNECTION_REFUSED @ http://localhost:8083/assets/workbook-runtime-jy8cebF1.js:0
[ 5090899ms] [ERROR] WebSocket connection to 'ws://localhost:8083/ws' failed: Error in connection establishment: net::ERR_CONNECTION_REFUSED @ http://localhost:8083/assets/workbook-runtime-jy8cebF1.js:0
[ 5105935ms] [ERROR] WebSocket connection to 'ws://localhost:8083/ws' failed: Error in connection establishment: net::ERR_CONNECTION_REFUSED @ http://localhost:8083/assets/workbook-runtime-jy8cebF1.js:0
[ 5120968ms] [ERROR] WebSocket connection to 'ws://localhost:8083/ws' failed: Error in connection establishment: net::ERR_CONNECTION_REFUSED @ http://localhost:8083/assets/workbook-runtime-jy8cebF1.js:0
[ 5136036ms] [ERROR] WebSocket connection to 'ws://localhost:8083/ws' failed: Error in connection establishment: net::ERR_CONNECTION_REFUSED @ http://localhost:8083/assets/workbook-runtime-jy8cebF1.js:0
[ 5151072ms] [ERROR] WebSocket connection to 'ws://localhost:8083/ws' failed: Error during WebSocket handshake: Unexpected response code: 500 @ http://localhost:8083/assets/workbook-runtime-jy8cebF1.js:0
[ 5166102ms] [ERROR] WebSocket connection to 'ws://localhost:8083/ws' failed: Error during WebSocket handshake: Unexpected response code: 500 @ http://localhost:8083/assets/workbook-runtime-jy8cebF1.js:0
[ 5181138ms] [ERROR] WebSocket connection to 'ws://localhost:8083/ws' failed: Error during WebSocket handshake: Unexpected response code: 500 @ http://localhost:8083/assets/workbook-runtime-jy8cebF1.js:0
[ 5196164ms] [ERROR] WebSocket connection to 'ws://localhost:8083/ws' failed: Error during WebSocket handshake: Unexpected response code: 500 @ http://localhost:8083/assets/workbook-runtime-jy8cebF1.js:0
[ 5211189ms] [ERROR] WebSocket connection to 'ws://localhost:8083/ws' failed: Error during WebSocket handshake: Unexpected response code: 500 @ http://localhost:8083/assets/workbook-runtime-jy8cebF1.js:0
[ 5226216ms] [ERROR] WebSocket connection to 'ws://localhost:8083/ws' failed: Error during WebSocket handshake: Unexpected response code: 500 @ http://localhost:8083/assets/workbook-runtime-jy8cebF1.js:0
[ 5241239ms] [ERROR] WebSocket connection to 'ws://localhost:8083/ws' failed: Error during WebSocket handshake: Unexpected response code: 500 @ http://localhost:8083/assets/workbook-runtime-jy8cebF1.js:0
[ 5256277ms] [ERROR] WebSocket connection to 'ws://localhost:8083/ws' failed: Error during WebSocket handshake: Unexpected response code: 500 @ http://localhost:8083/assets/workbook-runtime-jy8cebF1.js:0
[ 5271318ms] [ERROR] WebSocket connection to 'ws://localhost:8083/ws' failed: Error during WebSocket handshake: Unexpected response code: 500 @ http://localhost:8083/assets/workbook-runtime-jy8cebF1.js:0
[ 5286343ms] [ERROR] WebSocket connection to 'ws://localhost:8083/ws' failed: Error during WebSocket handshake: Unexpected response code: 500 @ http://localhost:8083/assets/workbook-runtime-jy8cebF1.js:0
[ 5301371ms] [ERROR] WebSocket connection to 'ws://localhost:8083/ws' failed: Error during WebSocket handshake: Unexpected response code: 500 @ http://localhost:8083/assets/workbook-runtime-jy8cebF1.js:0
[ 5316399ms] [ERROR] WebSocket connection to 'ws://localhost:8083/ws' failed: Error during WebSocket handshake: Unexpected response code: 500 @ http://localhost:8083/assets/workbook-runtime-jy8cebF1.js:0
[ 5331428ms] [ERROR] WebSocket connection to 'ws://localhost:8083/ws' failed: Error during WebSocket handshake: Unexpected response code: 500 @ http://localhost:8083/assets/workbook-runtime-jy8cebF1.js:0
[ 5346449ms] [ERROR] WebSocket connection to 'ws://localhost:8083/ws' failed: Error during WebSocket handshake: Unexpected response code: 500 @ http://localhost:8083/assets/workbook-runtime-jy8cebF1.js:0
[ 5361465ms] [ERROR] WebSocket connection to 'ws://localhost:8083/ws' failed: Error during WebSocket handshake: Unexpected response code: 500 @ http://localhost:8083/assets/workbook-runtime-jy8cebF1.js:0
[ 5376483ms] [ERROR] WebSocket connection to 'ws://localhost:8083/ws' failed: Error during WebSocket handshake: Unexpected response code: 500 @ http://localhost:8083/assets/workbook-runtime-jy8cebF1.js:0
[ 5391512ms] [ERROR] WebSocket connection to 'ws://localhost:8083/ws' failed: Error during WebSocket handshake: Unexpected response code: 500 @ http://localhost:8083/assets/workbook-runtime-jy8cebF1.js:0
[ 5406554ms] [ERROR] WebSocket connection to 'ws://localhost:8083/ws' failed: Error during WebSocket handshake: Unexpected response code: 500 @ http://localhost:8083/assets/workbook-runtime-jy8cebF1.js:0
[ 5421575ms] [ERROR] WebSocket connection to 'ws://localhost:8083/ws' failed: Error during WebSocket handshake: Unexpected response code: 500 @ http://localhost:8083/assets/workbook-runtime-jy8cebF1.js:0
[ 5436600ms] [ERROR] WebSocket connection to 'ws://localhost:8083/ws' failed: Error during WebSocket handshake: Unexpected response code: 500 @ http://localhost:8083/assets/workbook-runtime-jy8cebF1.js:0
[ 5451620ms] [ERROR] WebSocket connection to 'ws://localhost:8083/ws' failed: Error during WebSocket handshake: Unexpected response code: 500 @ http://localhost:8083/assets/workbook-runtime-jy8cebF1.js:0
[ 5466632ms] [ERROR] WebSocket connection to 'ws://localhost:8083/ws' failed: Error during WebSocket handshake: Unexpected response code: 500 @ http://localhost:8083/assets/workbook-runtime-jy8cebF1.js:0
[ 5481668ms] [ERROR] WebSocket connection to 'ws://localhost:8083/ws' failed: Error during WebSocket handshake: Unexpected response code: 500 @ http://localhost:8083/assets/workbook-runtime-jy8cebF1.js:0
[ 5496756ms] [ERROR] WebSocket connection to 'ws://localhost:8083/ws' failed: Error during WebSocket handshake: Unexpected response code: 500 @ http://localhost:8083/assets/workbook-runtime-jy8cebF1.js:0
[ 5511831ms] [ERROR] WebSocket connection to 'ws://localhost:8083/ws' failed: Error during WebSocket handshake: Unexpected response code: 500 @ http://localhost:8083/assets/workbook-runtime-jy8cebF1.js:0
[ 5526879ms] [ERROR] WebSocket connection to 'ws://localhost:8083/ws' failed: Error during WebSocket handshake: Unexpected response code: 500 @ http://localhost:8083/assets/workbook-runtime-jy8cebF1.js:0
[ 5541929ms] [ERROR] WebSocket connection to 'ws://localhost:8083/ws' failed: Error during WebSocket handshake: Unexpected response code: 500 @ http://localhost:8083/assets/workbook-runtime-jy8cebF1.js:0
[ 5556961ms] [ERROR] WebSocket connection to 'ws://localhost:8083/ws' failed: Error during WebSocket handshake: Unexpected response code: 500 @ http://localhost:8083/assets/workbook-runtime-jy8cebF1.js:0
[ 5571988ms] [ERROR] WebSocket connection to 'ws://localhost:8083/ws' failed: Error during WebSocket handshake: Unexpected response code: 500 @ http://localhost:8083/assets/workbook-runtime-jy8cebF1.js:0
[ 5587008ms] [ERROR] WebSocket connection to 'ws://localhost:8083/ws' failed: Error during WebSocket handshake: Unexpected response code: 500 @ http://localhost:8083/assets/workbook-runtime-jy8cebF1.js:0
[ 5602040ms] [ERROR] WebSocket connection to 'ws://localhost:8083/ws' failed: Error during WebSocket handshake: Unexpected response code: 500 @ http://localhost:8083/assets/workbook-runtime-jy8cebF1.js:0
[ 5617071ms] [ERROR] WebSocket connection to 'ws://localhost:8083/ws' failed: Error during WebSocket handshake: Unexpected response code: 500 @ http://localhost:8083/assets/workbook-runtime-jy8cebF1.js:0
[ 5632097ms] [ERROR] WebSocket connection to 'ws://localhost:8083/ws' failed: Error during WebSocket handshake: Unexpected response code: 500 @ http://localhost:8083/assets/workbook-runtime-jy8cebF1.js:0
[ 5647127ms] [ERROR] WebSocket connection to 'ws://localhost:8083/ws' failed: Error during WebSocket handshake: Unexpected response code: 500 @ http://localhost:8083/assets/workbook-runtime-jy8cebF1.js:0
[ 5662144ms] [ERROR] WebSocket connection to 'ws://localhost:8083/ws' failed: Error during WebSocket handshake: Unexpected response code: 500 @ http://localhost:8083/assets/workbook-runtime-jy8cebF1.js:0
[ 5677156ms] [ERROR] WebSocket connection to 'ws://localhost:8083/ws' failed: Error during WebSocket handshake: Unexpected response code: 500 @ http://localhost:8083/assets/workbook-runtime-jy8cebF1.js:0
[ 5692167ms] [ERROR] WebSocket connection to 'ws://localhost:8083/ws' failed: Error during WebSocket handshake: Unexpected response code: 500 @ http://localhost:8083/assets/workbook-runtime-jy8cebF1.js:0
[ 5707197ms] [ERROR] WebSocket connection to 'ws://localhost:8083/ws' failed: Error during WebSocket handshake: Unexpected response code: 500 @ http://localhost:8083/assets/workbook-runtime-jy8cebF1.js:0
[ 5722223ms] [ERROR] WebSocket connection to 'ws://localhost:8083/ws' failed: Error in connection establishment: net::ERR_CONNECTION_REFUSED @ http://localhost:8083/assets/workbook-runtime-jy8cebF1.js:0
[ 5737252ms] [ERROR] WebSocket connection to 'ws://localhost:8083/ws' failed: Error in connection establishment: net::ERR_CONNECTION_REFUSED @ http://localhost:8083/assets/workbook-runtime-jy8cebF1.js:0
[ 5752290ms] [ERROR] WebSocket connection to 'ws://localhost:8083/ws' failed: Error in connection establishment: net::ERR_CONNECTION_REFUSED @ http://localhost:8083/assets/workbook-runtime-jy8cebF1.js:0
[ 5767324ms] [ERROR] WebSocket connection to 'ws://localhost:8083/ws' failed: Error in connection establishment: net::ERR_CONNECTION_REFUSED @ http://localhost:8083/assets/workbook-runtime-jy8cebF1.js:0
[ 5782347ms] [ERROR] WebSocket connection to 'ws://localhost:8083/ws' failed: Error in connection establishment: net::ERR_CONNECTION_REFUSED @ http://localhost:8083/assets/workbook-runtime-jy8cebF1.js:0
[ 5797358ms] [ERROR] WebSocket connection to 'ws://localhost:8083/ws' failed: Error in connection establishment: net::ERR_CONNECTION_REFUSED @ http://localhost:8083/assets/workbook-runtime-jy8cebF1.js:0
[ 5812392ms] [ERROR] WebSocket connection to 'ws://localhost:8083/ws' failed: Error in connection establishment: net::ERR_CONNECTION_REFUSED @ http://localhost:8083/assets/workbook-runtime-jy8cebF1.js:0
[ 5827414ms] [ERROR] WebSocket connection to 'ws://localhost:8083/ws' failed: Error in connection establishment: net::ERR_CONNECTION_REFUSED @ http://localhost:8083/assets/workbook-runtime-jy8cebF1.js:0
[ 5842441ms] [ERROR] WebSocket connection to 'ws://localhost:8083/ws' failed: Error in connection establishment: net::ERR_CONNECTION_REFUSED @ http://localhost:8083/assets/workbook-runtime-jy8cebF1.js:0
[ 5857465ms] [ERROR] WebSocket connection to 'ws://localhost:8083/ws' failed: Error in connection establishment: net::ERR_CONNECTION_REFUSED @ http://localhost:8083/assets/workbook-runtime-jy8cebF1.js:0
[ 5872492ms] [ERROR] WebSocket connection to 'ws://localhost:8083/ws' failed: Error in connection establishment: net::ERR_CONNECTION_REFUSED @ http://localhost:8083/assets/workbook-runtime-jy8cebF1.js:0
[ 5887515ms] [ERROR] WebSocket connection to 'ws://localhost:8083/ws' failed: Error in connection establishment: net::ERR_CONNECTION_REFUSED @ http://localhost:8083/assets/workbook-runtime-jy8cebF1.js:0
[ 5902543ms] [ERROR] WebSocket connection to 'ws://localhost:8083/ws' failed: Error in connection establishment: net::ERR_CONNECTION_REFUSED @ http://localhost:8083/assets/workbook-runtime-jy8cebF1.js:0
[ 5917561ms] [ERROR] WebSocket connection to 'ws://localhost:8083/ws' failed: Error in connection establishment: net::ERR_CONNECTION_REFUSED @ http://localhost:8083/assets/workbook-runtime-jy8cebF1.js:0
[ 5932582ms] [ERROR] WebSocket connection to 'ws://localhost:8083/ws' failed: Error in connection establishment: net::ERR_CONNECTION_REFUSED @ http://localhost:8083/assets/workbook-runtime-jy8cebF1.js:0
[ 5947604ms] [ERROR] WebSocket connection to 'ws://localhost:8083/ws' failed: Error in connection establishment: net::ERR_CONNECTION_REFUSED @ http://localhost:8083/assets/workbook-runtime-jy8cebF1.js:0
[ 5962623ms] [ERROR] WebSocket connection to 'ws://localhost:8083/ws' failed: Error in connection establishment: net::ERR_CONNECTION_REFUSED @ http://localhost:8083/assets/workbook-runtime-jy8cebF1.js:0
[ 5977652ms] [ERROR] WebSocket connection to 'ws://localhost:8083/ws' failed: Error in connection establishment: net::ERR_CONNECTION_REFUSED @ http://localhost:8083/assets/workbook-runtime-jy8cebF1.js:0
[ 5992676ms] [ERROR] WebSocket connection to 'ws://localhost:8083/ws' failed: Error in connection establishment: net::ERR_CONNECTION_REFUSED @ http://localhost:8083/assets/workbook-runtime-jy8cebF1.js:0
[ 6007702ms] [ERROR] WebSocket connection to 'ws://localhost:8083/ws' failed: Error in connection establishment: net::ERR_CONNECTION_REFUSED @ http://localhost:8083/assets/workbook-runtime-jy8cebF1.js:0
[ 6022717ms] [ERROR] WebSocket connection to 'ws://localhost:8083/ws' failed: Error in connection establishment: net::ERR_CONNECTION_REFUSED @ http://localhost:8083/assets/workbook-runtime-jy8cebF1.js:0
[ 6037742ms] [ERROR] WebSocket connection to 'ws://localhost:8083/ws' failed: Error in connection establishment: net::ERR_CONNECTION_REFUSED @ http://localhost:8083/assets/workbook-runtime-jy8cebF1.js:0
[ 6052762ms] [ERROR] WebSocket connection to 'ws://localhost:8083/ws' failed: Error in connection establishment: net::ERR_CONNECTION_REFUSED @ http://localhost:8083/assets/workbook-runtime-jy8cebF1.js:0
[ 6067811ms] [ERROR] WebSocket connection to 'ws://localhost:8083/ws' failed: Error in connection establishment: net::ERR_CONNECTION_REFUSED @ http://localhost:8083/assets/workbook-runtime-jy8cebF1.js:0
[ 6082835ms] [ERROR] WebSocket connection to 'ws://localhost:8083/ws' failed: Error in connection establishment: net::ERR_CONNECTION_REFUSED @ http://localhost:8083/assets/workbook-runtime-jy8cebF1.js:0
[ 6097858ms] [ERROR] WebSocket connection to 'ws://localhost:8083/ws' failed: Error in connection establishment: net::ERR_CONNECTION_REFUSED @ http://localhost:8083/assets/workbook-runtime-jy8cebF1.js:0
[ 6112891ms] [ERROR] WebSocket connection to 'ws://localhost:8083/ws' failed: Error in connection establishment: net::ERR_CONNECTION_REFUSED @ http://localhost:8083/assets/workbook-runtime-jy8cebF1.js:0
[ 6127919ms] [ERROR] WebSocket connection to 'ws://localhost:8083/ws' failed: Error in connection establishment: net::ERR_CONNECTION_REFUSED @ http://localhost:8083/assets/workbook-runtime-jy8cebF1.js:0
[ 6142935ms] [ERROR] WebSocket connection to 'ws://localhost:8083/ws' failed: Error in connection establishment: net::ERR_CONNECTION_REFUSED @ http://localhost:8083/assets/workbook-runtime-jy8cebF1.js:0
[ 6157956ms] [ERROR] WebSocket connection to 'ws://localhost:8083/ws' failed: Error in connection establishment: net::ERR_CONNECTION_REFUSED @ http://localhost:8083/assets/workbook-runtime-jy8cebF1.js:0
[ 6172969ms] [ERROR] WebSocket connection to 'ws://localhost:8083/ws' failed: Error in connection establishment: net::ERR_CONNECTION_REFUSED @ http://localhost:8083/assets/workbook-runtime-jy8cebF1.js:0
[ 6187987ms] [ERROR] WebSocket connection to 'ws://localhost:8083/ws' failed: Error in connection establishment: net::ERR_CONNECTION_REFUSED @ http://localhost:8083/assets/workbook-runtime-jy8cebF1.js:0
[ 6203028ms] [ERROR] WebSocket connection to 'ws://localhost:8083/ws' failed: Error in connection establishment: net::ERR_CONNECTION_REFUSED @ http://localhost:8083/assets/workbook-runtime-jy8cebF1.js:0
[ 6218048ms] [ERROR] WebSocket connection to 'ws://localhost:8083/ws' failed: Error in connection establishment: net::ERR_CONNECTION_REFUSED @ http://localhost:8083/assets/workbook-runtime-jy8cebF1.js:0
[ 6233069ms] [ERROR] WebSocket connection to 'ws://localhost:8083/ws' failed: Error in connection establishment: net::ERR_CONNECTION_REFUSED @ http://localhost:8083/assets/workbook-runtime-jy8cebF1.js:0
[ 6248105ms] [ERROR] WebSocket connection to 'ws://localhost:8083/ws' failed: Error in connection establishment: net::ERR_CONNECTION_REFUSED @ http://localhost:8083/assets/workbook-runtime-jy8cebF1.js:0
[ 6263115ms] [ERROR] WebSocket connection to 'ws://localhost:8083/ws' failed: Error in connection establishment: net::ERR_CONNECTION_REFUSED @ http://localhost:8083/assets/workbook-runtime-jy8cebF1.js:0
[ 6278133ms] [ERROR] WebSocket connection to 'ws://localhost:8083/ws' failed: Error in connection establishment: net::ERR_CONNECTION_REFUSED @ http://localhost:8083/assets/workbook-runtime-jy8cebF1.js:0
[ 6293151ms] [ERROR] WebSocket connection to 'ws://localhost:8083/ws' failed: Error in connection establishment: net::ERR_CONNECTION_REFUSED @ http://localhost:8083/assets/workbook-runtime-jy8cebF1.js:0
[ 6308182ms] [ERROR] WebSocket connection to 'ws://localhost:8083/ws' failed: Error in connection establishment: net::ERR_CONNECTION_REFUSED @ http://localhost:8083/assets/workbook-runtime-jy8cebF1.js:0
[ 6323207ms] [ERROR] WebSocket connection to 'ws://localhost:8083/ws' failed: Error in connection establishment: net::ERR_CONNECTION_REFUSED @ http://localhost:8083/assets/workbook-runtime-jy8cebF1.js:0
[ 6338241ms] [ERROR] WebSocket connection to 'ws://localhost:8083/ws' failed: Error in connection establishment: net::ERR_CONNECTION_REFUSED @ http://localhost:8083/assets/workbook-runtime-jy8cebF1.js:0
[ 6353264ms] [ERROR] WebSocket connection to 'ws://localhost:8083/ws' failed: Error in connection establishment: net::ERR_CONNECTION_REFUSED @ http://localhost:8083/assets/workbook-runtime-jy8cebF1.js:0
[ 6368296ms] [ERROR] WebSocket connection to 'ws://localhost:8083/ws' failed: Error in connection establishment: net::ERR_CONNECTION_REFUSED @ http://localhost:8083/assets/workbook-runtime-jy8cebF1.js:0
[ 6383318ms] [ERROR] WebSocket connection to 'ws://localhost:8083/ws' failed: Error in connection establishment: net::ERR_CONNECTION_REFUSED @ http://localhost:8083/assets/workbook-runtime-jy8cebF1.js:0
[ 6398333ms] [ERROR] WebSocket connection to 'ws://localhost:8083/ws' failed: Error in connection establishment: net::ERR_CONNECTION_REFUSED @ http://localhost:8083/assets/workbook-runtime-jy8cebF1.js:0
[ 6413349ms] [ERROR] WebSocket connection to 'ws://localhost:8083/ws' failed: Error in connection establishment: net::ERR_CONNECTION_REFUSED @ http://localhost:8083/assets/workbook-runtime-jy8cebF1.js:0
[ 6428363ms] [ERROR] WebSocket connection to 'ws://localhost:8083/ws' failed: Error in connection establishment: net::ERR_CONNECTION_REFUSED @ http://localhost:8083/assets/workbook-runtime-jy8cebF1.js:0
[ 6443421ms] [ERROR] WebSocket connection to 'ws://localhost:8083/ws' failed: Error in connection establishment: net::ERR_CONNECTION_REFUSED @ http://localhost:8083/assets/workbook-runtime-jy8cebF1.js:0
[ 6458442ms] [ERROR] WebSocket connection to 'ws://localhost:8083/ws' failed: Error in connection establishment: net::ERR_CONNECTION_REFUSED @ http://localhost:8083/assets/workbook-runtime-jy8cebF1.js:0
[ 6473463ms] [ERROR] WebSocket connection to 'ws://localhost:8083/ws' failed: Error in connection establishment: net::ERR_CONNECTION_REFUSED @ http://localhost:8083/assets/workbook-runtime-jy8cebF1.js:0
[ 6488484ms] [ERROR] WebSocket connection to 'ws://localhost:8083/ws' failed: Error in connection establishment: net::ERR_CONNECTION_REFUSED @ http://localhost:8083/assets/workbook-runtime-jy8cebF1.js:0
[ 6503504ms] [ERROR] WebSocket connection to 'ws://localhost:8083/ws' failed: Error in connection establishment: net::ERR_CONNECTION_REFUSED @ http://localhost:8083/assets/workbook-runtime-jy8cebF1.js:0
[ 6518528ms] [ERROR] WebSocket connection to 'ws://localhost:8083/ws' failed: Error in connection establishment: net::ERR_CONNECTION_REFUSED @ http://localhost:8083/assets/workbook-runtime-jy8cebF1.js:0
[ 6533551ms] [ERROR] WebSocket connection to 'ws://localhost:8083/ws' failed: Error in connection establishment: net::ERR_CONNECTION_REFUSED @ http://localhost:8083/assets/workbook-runtime-jy8cebF1.js:0
[ 6548576ms] [ERROR] WebSocket connection to 'ws://localhost:8083/ws' failed: Error in connection establishment: net::ERR_CONNECTION_REFUSED @ http://localhost:8083/assets/workbook-runtime-jy8cebF1.js:0
[ 6563601ms] [ERROR] WebSocket connection to 'ws://localhost:8083/ws' failed: Error in connection establishment: net::ERR_CONNECTION_REFUSED @ http://localhost:8083/assets/workbook-runtime-jy8cebF1.js:0
[ 6578647ms] [ERROR] WebSocket connection to 'ws://localhost:8083/ws' failed: Error in connection establishment: net::ERR_CONNECTION_REFUSED @ http://localhost:8083/assets/workbook-runtime-jy8cebF1.js:0
[ 6593667ms] [ERROR] WebSocket connection to 'ws://localhost:8083/ws' failed: Error in connection establishment: net::ERR_CONNECTION_REFUSED @ http://localhost:8083/assets/workbook-runtime-jy8cebF1.js:0
[ 6608709ms] [ERROR] WebSocket connection to 'ws://localhost:8083/ws' failed: Error in connection establishment: net::ERR_CONNECTION_REFUSED @ http://localhost:8083/assets/workbook-runtime-jy8cebF1.js:0
[ 6623750ms] [ERROR] WebSocket connection to 'ws://localhost:8083/ws' failed: Error in connection establishment: net::ERR_CONNECTION_REFUSED @ http://localhost:8083/assets/workbook-runtime-jy8cebF1.js:0
[ 6638788ms] [ERROR] WebSocket connection to 'ws://localhost:8083/ws' failed: Error in connection establishment: net::ERR_CONNECTION_REFUSED @ http://localhost:8083/assets/workbook-runtime-jy8cebF1.js:0
[ 6653817ms] [ERROR] WebSocket connection to 'ws://localhost:8083/ws' failed: Error in connection establishment: net::ERR_CONNECTION_REFUSED @ http://localhost:8083/assets/workbook-runtime-jy8cebF1.js:0
[ 6668838ms] [ERROR] WebSocket connection to 'ws://localhost:8083/ws' failed: Error in connection establishment: net::ERR_CONNECTION_REFUSED @ http://localhost:8083/assets/workbook-runtime-jy8cebF1.js:0
[ 6683853ms] [ERROR] WebSocket connection to 'ws://localhost:8083/ws' failed: Error in connection establishment: net::ERR_CONNECTION_REFUSED @ http://localhost:8083/assets/workbook-runtime-jy8cebF1.js:0
[ 6698876ms] [ERROR] WebSocket connection to 'ws://localhost:8083/ws' failed: Error in connection establishment: net::ERR_CONNECTION_REFUSED @ http://localhost:8083/assets/workbook-runtime-jy8cebF1.js:0
[ 6713923ms] [ERROR] WebSocket connection to 'ws://localhost:8083/ws' failed: Error in connection establishment: net::ERR_CONNECTION_REFUSED @ http://localhost:8083/assets/workbook-runtime-jy8cebF1.js:0
[ 6728947ms] [ERROR] WebSocket connection to 'ws://localhost:8083/ws' failed: Error in connection establishment: net::ERR_CONNECTION_REFUSED @ http://localhost:8083/assets/workbook-runtime-jy8cebF1.js:0
[ 6743965ms] [ERROR] WebSocket connection to 'ws://localhost:8083/ws' failed: Error in connection establishment: net::ERR_CONNECTION_REFUSED @ http://localhost:8083/assets/workbook-runtime-jy8cebF1.js:0
[ 6758987ms] [ERROR] WebSocket connection to 'ws://localhost:8083/ws' failed: Error in connection establishment: net::ERR_CONNECTION_REFUSED @ http://localhost:8083/assets/workbook-runtime-jy8cebF1.js:0
[ 6774005ms] [ERROR] WebSocket connection to 'ws://localhost:8083/ws' failed: Error in connection establishment: net::ERR_CONNECTION_REFUSED @ http://localhost:8083/assets/workbook-runtime-jy8cebF1.js:0
[ 6789020ms] [ERROR] WebSocket connection to 'ws://localhost:8083/ws' failed: Error in connection establishment: net::ERR_CONNECTION_REFUSED @ http://localhost:8083/assets/workbook-runtime-jy8cebF1.js:0
[ 6804058ms] [ERROR] WebSocket connection to 'ws://localhost:8083/ws' failed: Error in connection establishment: net::ERR_CONNECTION_REFUSED @ http://localhost:8083/assets/workbook-runtime-jy8cebF1.js:0
[ 6819081ms] [ERROR] WebSocket connection to 'ws://localhost:8083/ws' failed: Error in connection establishment: net::ERR_CONNECTION_REFUSED @ http://localhost:8083/assets/workbook-runtime-jy8cebF1.js:0
[ 6834105ms] [ERROR] WebSocket connection to 'ws://localhost:8083/ws' failed: Error in connection establishment: net::ERR_CONNECTION_REFUSED @ http://localhost:8083/assets/workbook-runtime-jy8cebF1.js:0
[ 6849127ms] [ERROR] WebSocket connection to 'ws://localhost:8083/ws' failed: Error in connection establishment: net::ERR_CONNECTION_REFUSED @ http://localhost:8083/assets/workbook-runtime-jy8cebF1.js:0
[ 6864136ms] [ERROR] WebSocket connection to 'ws://localhost:8083/ws' failed: Error in connection establishment: net::ERR_CONNECTION_REFUSED @ http://localhost:8083/assets/workbook-runtime-jy8cebF1.js:0
[ 6879148ms] [ERROR] WebSocket connection to 'ws://localhost:8083/ws' failed: Error in connection establishment: net::ERR_CONNECTION_REFUSED @ http://localhost:8083/assets/workbook-runtime-jy8cebF1.js:0
[ 6894165ms] [ERROR] WebSocket connection to 'ws://localhost:8083/ws' failed: Error in connection establishment: net::ERR_CONNECTION_REFUSED @ http://localhost:8083/assets/workbook-runtime-jy8cebF1.js:0
[ 6909184ms] [ERROR] WebSocket connection to 'ws://localhost:8083/ws' failed: Error in connection establishment: net::ERR_CONNECTION_REFUSED @ http://localhost:8083/assets/workbook-runtime-jy8cebF1.js:0
[ 6924200ms] [ERROR] WebSocket connection to 'ws://localhost:8083/ws' failed: Error in connection establishment: net::ERR_CONNECTION_REFUSED @ http://localhost:8083/assets/workbook-runtime-jy8cebF1.js:0
[ 6939232ms] [ERROR] WebSocket connection to 'ws://localhost:8083/ws' failed: Error in connection establishment: net::ERR_CONNECTION_REFUSED @ http://localhost:8083/assets/workbook-runtime-jy8cebF1.js:0
[ 6954263ms] [ERROR] WebSocket connection to 'ws://localhost:8083/ws' failed: Error in connection establishment: net::ERR_CONNECTION_REFUSED @ http://localhost:8083/assets/workbook-runtime-jy8cebF1.js:0
[ 6969286ms] [ERROR] WebSocket connection to 'ws://localhost:8083/ws' failed: Error in connection establishment: net::ERR_CONNECTION_REFUSED @ http://localhost:8083/assets/workbook-runtime-jy8cebF1.js:0
[ 6984304ms] [ERROR] WebSocket connection to 'ws://localhost:8083/ws' failed: Error in connection establishment: net::ERR_CONNECTION_REFUSED @ http://localhost:8083/assets/workbook-runtime-jy8cebF1.js:0
[ 6999322ms] [ERROR] WebSocket connection to 'ws://localhost:8083/ws' failed: Error in connection establishment: net::ERR_CONNECTION_REFUSED @ http://localhost:8083/assets/workbook-runtime-jy8cebF1.js:0
[ 7014330ms] [ERROR] WebSocket connection to 'ws://localhost:8083/ws' failed: Error in connection establishment: net::ERR_CONNECTION_REFUSED @ http://localhost:8083/assets/workbook-runtime-jy8cebF1.js:0
[ 7029348ms] [ERROR] WebSocket connection to 'ws://localhost:8083/ws' failed: Error in connection establishment: net::ERR_CONNECTION_REFUSED @ http://localhost:8083/assets/workbook-runtime-jy8cebF1.js:0
[ 7044372ms] [ERROR] WebSocket connection to 'ws://localhost:8083/ws' failed: Error in connection establishment: net::ERR_CONNECTION_REFUSED @ http://localhost:8083/assets/workbook-runtime-jy8cebF1.js:0
[ 7059404ms] [ERROR] WebSocket connection to 'ws://localhost:8083/ws' failed: Error in connection establishment: net::ERR_CONNECTION_REFUSED @ http://localhost:8083/assets/workbook-runtime-jy8cebF1.js:0
[ 7074433ms] [ERROR] WebSocket connection to 'ws://localhost:8083/ws' failed: Error in connection establishment: net::ERR_CONNECTION_REFUSED @ http://localhost:8083/assets/workbook-runtime-jy8cebF1.js:0
[ 7089459ms] [ERROR] WebSocket connection to 'ws://localhost:8083/ws' failed: Error in connection establishment: net::ERR_CONNECTION_REFUSED @ http://localhost:8083/assets/workbook-runtime-jy8cebF1.js:0
[ 7104484ms] [ERROR] WebSocket connection to 'ws://localhost:8083/ws' failed: Error in connection establishment: net::ERR_CONNECTION_REFUSED @ http://localhost:8083/assets/workbook-runtime-jy8cebF1.js:0
[ 7119505ms] [ERROR] WebSocket connection to 'ws://localhost:8083/ws' failed: Error in connection establishment: net::ERR_CONNECTION_REFUSED @ http://localhost:8083/assets/workbook-runtime-jy8cebF1.js:0
[ 7134515ms] [ERROR] WebSocket connection to 'ws://localhost:8083/ws' failed: Error in connection establishment: net::ERR_CONNECTION_REFUSED @ http://localhost:8083/assets/workbook-runtime-jy8cebF1.js:0
[ 7149543ms] [ERROR] WebSocket connection to 'ws://localhost:8083/ws' failed: Error in connection establishment: net::ERR_CONNECTION_REFUSED @ http://localhost:8083/assets/workbook-runtime-jy8cebF1.js:0
[ 7164557ms] [ERROR] WebSocket connection to 'ws://localhost:8083/ws' failed: Error in connection establishment: net::ERR_CONNECTION_REFUSED @ http://localhost:8083/assets/workbook-runtime-jy8cebF1.js:0
[ 7179575ms] [ERROR] WebSocket connection to 'ws://localhost:8083/ws' failed: Error in connection establishment: net::ERR_CONNECTION_REFUSED @ http://localhost:8083/assets/workbook-runtime-jy8cebF1.js:0
[ 7194606ms] [ERROR] WebSocket connection to 'ws://localhost:8083/ws' failed: Error in connection establishment: net::ERR_CONNECTION_REFUSED @ http://localhost:8083/assets/workbook-runtime-jy8cebF1.js:0
[ 7209625ms] [ERROR] WebSocket connection to 'ws://localhost:8083/ws' failed: Error in connection establishment: net::ERR_CONNECTION_REFUSED @ http://localhost:8083/assets/workbook-runtime-jy8cebF1.js:0
[ 7224643ms] [ERROR] WebSocket connection to 'ws://localhost:8083/ws' failed: Error in connection establishment: net::ERR_CONNECTION_REFUSED @ http://localhost:8083/assets/workbook-runtime-jy8cebF1.js:0
[ 7239675ms] [ERROR] WebSocket connection to 'ws://localhost:8083/ws' failed: Error in connection establishment: net::ERR_CONNECTION_REFUSED @ http://localhost:8083/assets/workbook-runtime-jy8cebF1.js:0
[ 7254690ms] [ERROR] WebSocket connection to 'ws://localhost:8083/ws' failed: Error in connection establishment: net::ERR_CONNECTION_REFUSED @ http://localhost:8083/assets/workbook-runtime-jy8cebF1.js:0
[ 7269707ms] [ERROR] WebSocket connection to 'ws://localhost:8083/ws' failed: Error in connection establishment: net::ERR_CONNECTION_REFUSED @ http://localhost:8083/assets/workbook-runtime-jy8cebF1.js:0
[ 7284731ms] [ERROR] WebSocket connection to 'ws://localhost:8083/ws' failed: Error in connection establishment: net::ERR_CONNECTION_REFUSED @ http://localhost:8083/assets/workbook-runtime-jy8cebF1.js:0
[ 7299749ms] [ERROR] WebSocket connection to 'ws://localhost:8083/ws' failed: Error in connection establishment: net::ERR_CONNECTION_REFUSED @ http://localhost:8083/assets/workbook-runtime-jy8cebF1.js:0
[ 7314793ms] [ERROR] WebSocket connection to 'ws://localhost:8083/ws' failed: Error in connection establishment: net::ERR_CONNECTION_REFUSED @ http://localhost:8083/assets/workbook-runtime-jy8cebF1.js:0
[ 7329814ms] [ERROR] WebSocket connection to 'ws://localhost:8083/ws' failed: Error in connection establishment: net::ERR_CONNECTION_REFUSED @ http://localhost:8083/assets/workbook-runtime-jy8cebF1.js:0
[ 7344830ms] [ERROR] WebSocket connection to 'ws://localhost:8083/ws' failed: Error in connection establishment: net::ERR_CONNECTION_REFUSED @ http://localhost:8083/assets/workbook-runtime-jy8cebF1.js:0
[ 7359842ms] [ERROR] WebSocket connection to 'ws://localhost:8083/ws' failed: Error in connection establishment: net::ERR_CONNECTION_REFUSED @ http://localhost:8083/assets/workbook-runtime-jy8cebF1.js:0
[ 7374861ms] [ERROR] WebSocket connection to 'ws://localhost:8083/ws' failed: Error in connection establishment: net::ERR_CONNECTION_REFUSED @ http://localhost:8083/assets/workbook-runtime-jy8cebF1.js:0
[ 7389883ms] [ERROR] WebSocket connection to 'ws://localhost:8083/ws' failed: Error in connection establishment: net::ERR_CONNECTION_REFUSED @ http://localhost:8083/assets/workbook-runtime-jy8cebF1.js:0
[ 7404905ms] [ERROR] WebSocket connection to 'ws://localhost:8083/ws' failed: Error in connection establishment: net::ERR_CONNECTION_REFUSED @ http://localhost:8083/assets/workbook-runtime-jy8cebF1.js:0
[ 7419950ms] [ERROR] WebSocket connection to 'ws://localhost:8083/ws' failed: Error in connection establishment: net::ERR_CONNECTION_REFUSED @ http://localhost:8083/assets/workbook-runtime-jy8cebF1.js:0
[ 7434983ms] [ERROR] WebSocket connection to 'ws://localhost:8083/ws' failed: Error in connection establishment: net::ERR_CONNECTION_REFUSED @ http://localhost:8083/assets/workbook-runtime-jy8cebF1.js:0
[ 7450028ms] [ERROR] WebSocket connection to 'ws://localhost:8083/ws' failed: Error in connection establishment: net::ERR_CONNECTION_REFUSED @ http://localhost:8083/assets/workbook-runtime-jy8cebF1.js:0
[ 7465043ms] [ERROR] WebSocket connection to 'ws://localhost:8083/ws' failed: Error in connection establishment: net::ERR_CONNECTION_REFUSED @ http://localhost:8083/assets/workbook-runtime-jy8cebF1.js:0
[ 7480059ms] [ERROR] WebSocket connection to 'ws://localhost:8083/ws' failed: Error in connection establishment: net::ERR_CONNECTION_REFUSED @ http://localhost:8083/assets/workbook-runtime-jy8cebF1.js:0
[ 7495084ms] [ERROR] WebSocket connection to 'ws://localhost:8083/ws' failed: Error in connection establishment: net::ERR_CONNECTION_REFUSED @ http://localhost:8083/assets/workbook-runtime-jy8cebF1.js:0
[ 7510111ms] [ERROR] WebSocket connection to 'ws://localhost:8083/ws' failed: Error in connection establishment: net::ERR_CONNECTION_REFUSED @ http://localhost:8083/assets/workbook-runtime-jy8cebF1.js:0
[ 7525134ms] [ERROR] WebSocket connection to 'ws://localhost:8083/ws' failed: Error in connection establishment: net::ERR_CONNECTION_REFUSED @ http://localhost:8083/assets/workbook-runtime-jy8cebF1.js:0
[ 7540196ms] [ERROR] WebSocket connection to 'ws://localhost:8083/ws' failed: Error in connection establishment: net::ERR_CONNECTION_REFUSED @ http://localhost:8083/assets/workbook-runtime-jy8cebF1.js:0
[ 7555223ms] [ERROR] WebSocket connection to 'ws://localhost:8083/ws' failed: Error in connection establishment: net::ERR_CONNECTION_REFUSED @ http://localhost:8083/assets/workbook-runtime-jy8cebF1.js:0
[ 7570265ms] [ERROR] WebSocket connection to 'ws://localhost:8083/ws' failed: Error in connection establishment: net::ERR_CONNECTION_REFUSED @ http://localhost:8083/assets/workbook-runtime-jy8cebF1.js:0
[ 7585289ms] [ERROR] WebSocket connection to 'ws://localhost:8083/ws' failed: Error in connection establishment: net::ERR_CONNECTION_REFUSED @ http://localhost:8083/assets/workbook-runtime-jy8cebF1.js:0
[ 7600560ms] [ERROR] WebSocket connection to 'ws://localhost:8083/ws' failed: Error in connection establishment: net::ERR_CONNECTION_REFUSED @ http://localhost:8083/assets/workbook-runtime-jy8cebF1.js:0
[ 7615592ms] [ERROR] WebSocket connection to 'ws://localhost:8083/ws' failed: Error in connection establishment: net::ERR_CONNECTION_REFUSED @ http://localhost:8083/assets/workbook-runtime-jy8cebF1.js:0
[ 7630611ms] [ERROR] WebSocket connection to 'ws://localhost:8083/ws' failed: Error in connection establishment: net::ERR_CONNECTION_REFUSED @ http://localhost:8083/assets/workbook-runtime-jy8cebF1.js:0
[ 7645639ms] [ERROR] WebSocket connection to 'ws://localhost:8083/ws' failed: Error in connection establishment: net::ERR_CONNECTION_REFUSED @ http://localhost:8083/assets/workbook-runtime-jy8cebF1.js:0
[ 7660655ms] [ERROR] WebSocket connection to 'ws://localhost:8083/ws' failed: Error in connection establishment: net::ERR_CONNECTION_REFUSED @ http://localhost:8083/assets/workbook-runtime-jy8cebF1.js:0
[ 7675677ms] [ERROR] WebSocket connection to 'ws://localhost:8083/ws' failed: Error in connection establishment: net::ERR_CONNECTION_REFUSED @ http://localhost:8083/assets/workbook-runtime-jy8cebF1.js:0
[ 7690703ms] [ERROR] WebSocket connection to 'ws://localhost:8083/ws' failed: Error in connection establishment: net::ERR_CONNECTION_REFUSED @ http://localhost:8083/assets/workbook-runtime-jy8cebF1.js:0
[ 7705765ms] [ERROR] WebSocket connection to 'ws://localhost:8083/ws' failed: Error during WebSocket handshake: Unexpected response code: 500 @ http://localhost:8083/assets/workbook-runtime-jy8cebF1.js:0
[ 7720788ms] [ERROR] WebSocket connection to 'ws://localhost:8083/ws' failed: Error during WebSocket handshake: Unexpected response code: 500 @ http://localhost:8083/assets/workbook-runtime-jy8cebF1.js:0
[ 7735802ms] [ERROR] WebSocket connection to 'ws://localhost:8083/ws' failed: Error in connection establishment: net::ERR_CONNECTION_REFUSED @ http://localhost:8083/assets/workbook-runtime-jy8cebF1.js:0
[ 7750875ms] [ERROR] WebSocket connection to 'ws://localhost:8083/ws' failed: Error during WebSocket handshake: Unexpected response code: 500 @ http://localhost:8083/assets/workbook-runtime-jy8cebF1.js:0
[ 7765936ms] [ERROR] WebSocket connection to 'ws://localhost:8083/ws' failed: Error during WebSocket handshake: Unexpected response code: 500 @ http://localhost:8083/assets/workbook-runtime-jy8cebF1.js:0
[ 7780997ms] [ERROR] WebSocket connection to 'ws://localhost:8083/ws' failed: Error during WebSocket handshake: Unexpected response code: 500 @ http://localhost:8083/assets/workbook-runtime-jy8cebF1.js:0
[ 7796048ms] [ERROR] WebSocket connection to 'ws://localhost:8083/ws' failed: Error during WebSocket handshake: Unexpected response code: 500 @ http://localhost:8083/assets/workbook-runtime-jy8cebF1.js:0
[ 7811072ms] [ERROR] WebSocket connection to 'ws://localhost:8083/ws' failed: Error during WebSocket handshake: Unexpected response code: 500 @ http://localhost:8083/assets/workbook-runtime-jy8cebF1.js:0
[ 7826095ms] [ERROR] WebSocket connection to 'ws://localhost:8083/ws' failed: Error during WebSocket handshake: Unexpected response code: 500 @ http://localhost:8083/assets/workbook-runtime-jy8cebF1.js:0
[ 7841128ms] [ERROR] WebSocket connection to 'ws://localhost:8083/ws' failed: Error during WebSocket handshake: Unexpected response code: 500 @ http://localhost:8083/assets/workbook-runtime-jy8cebF1.js:0
[ 7857923ms] [ERROR] WebSocket connection to 'ws://localhost:8083/ws' failed: Error during WebSocket handshake: Unexpected response code: 500 @ http://localhost:8083/assets/workbook-runtime-jy8cebF1.js:0
[ 7872934ms] [ERROR] WebSocket connection to 'ws://localhost:8083/ws' failed: Error during WebSocket handshake: Unexpected response code: 500 @ http://localhost:8083/assets/workbook-runtime-jy8cebF1.js:0
[ 7891039ms] [ERROR] WebSocket connection to 'ws://localhost:8083/ws' failed: Error during WebSocket handshake: Unexpected response code: 500 @ http://localhost:8083/assets/workbook-runtime-jy8cebF1.js:0
[ 7906061ms] [ERROR] WebSocket connection to 'ws://localhost:8083/ws' failed: Error during WebSocket handshake: Unexpected response code: 500 @ http://localhost:8083/assets/workbook-runtime-jy8cebF1.js:0
[ 7921091ms] [ERROR] WebSocket connection to 'ws://localhost:8083/ws' failed: Error during WebSocket handshake: Unexpected response code: 500 @ http://localhost:8083/assets/workbook-runtime-jy8cebF1.js:0
[ 7936123ms] [ERROR] WebSocket connection to 'ws://localhost:8083/ws' failed: Error during WebSocket handshake: Unexpected response code: 500 @ http://localhost:8083/assets/workbook-runtime-jy8cebF1.js:0
[ 7951152ms] [ERROR] WebSocket connection to 'ws://localhost:8083/ws' failed: Error during WebSocket handshake: Unexpected response code: 500 @ http://localhost:8083/assets/workbook-runtime-jy8cebF1.js:0
[ 7966170ms] [ERROR] WebSocket connection to 'ws://localhost:8083/ws' failed: Error during WebSocket handshake: Unexpected response code: 500 @ http://localhost:8083/assets/workbook-runtime-jy8cebF1.js:0
[ 7981185ms] [ERROR] WebSocket connection to 'ws://localhost:8083/ws' failed: Error during WebSocket handshake: Unexpected response code: 500 @ http://localhost:8083/assets/workbook-runtime-jy8cebF1.js:0
[ 7996596ms] [ERROR] WebSocket connection to 'ws://localhost:8083/ws' failed: Error during WebSocket handshake: Unexpected response code: 500 @ http://localhost:8083/assets/workbook-runtime-jy8cebF1.js:0
[ 8011629ms] [ERROR] WebSocket connection to 'ws://localhost:8083/ws' failed: Error during WebSocket handshake: Unexpected response code: 500 @ http://localhost:8083/assets/workbook-runtime-jy8cebF1.js:0
[ 8028448ms] [ERROR] WebSocket connection to 'ws://localhost:8083/ws' failed: Error during WebSocket handshake: Unexpected response code: 500 @ http://localhost:8083/assets/workbook-runtime-jy8cebF1.js:0
[ 8043476ms] [ERROR] WebSocket connection to 'ws://localhost:8083/ws' failed: Error during WebSocket handshake: Unexpected response code: 500 @ http://localhost:8083/assets/workbook-runtime-jy8cebF1.js:0
[ 8058521ms] [ERROR] WebSocket connection to 'ws://localhost:8083/ws' failed: Error during WebSocket handshake: Unexpected response code: 500 @ http://localhost:8083/assets/workbook-runtime-jy8cebF1.js:0
[ 8073545ms] [ERROR] WebSocket connection to 'ws://localhost:8083/ws' failed: Error during WebSocket handshake: Unexpected response code: 500 @ http://localhost:8083/assets/workbook-runtime-jy8cebF1.js:0
[ 8088559ms] [ERROR] WebSocket connection to 'ws://localhost:8083/ws' failed: Error during WebSocket handshake: Unexpected response code: 500 @ http://localhost:8083/assets/workbook-runtime-jy8cebF1.js:0
[ 8103576ms] [ERROR] WebSocket connection to 'ws://localhost:8083/ws' failed: Error in connection establishment: net::ERR_CONNECTION_REFUSED @ http://localhost:8083/assets/workbook-runtime-jy8cebF1.js:0
[ 8118603ms] [ERROR] WebSocket connection to 'ws://localhost:8083/ws' failed: Error in connection establishment: net::ERR_CONNECTION_REFUSED @ http://localhost:8083/assets/workbook-runtime-jy8cebF1.js:0
[ 8133649ms] [ERROR] WebSocket connection to 'ws://localhost:8083/ws' failed: Error during WebSocket handshake: Unexpected response code: 500 @ http://localhost:8083/assets/workbook-runtime-jy8cebF1.js:0
[ 8148682ms] [ERROR] WebSocket connection to 'ws://localhost:8083/ws' failed: Error during WebSocket handshake: Unexpected response code: 500 @ http://localhost:8083/assets/workbook-runtime-jy8cebF1.js:0
[ 8163711ms] [ERROR] WebSocket connection to 'ws://localhost:8083/ws' failed: Error during WebSocket handshake: Unexpected response code: 500 @ http://localhost:8083/assets/workbook-runtime-jy8cebF1.js:0
[ 8178745ms] [ERROR] WebSocket connection to 'ws://localhost:8083/ws' failed: Error during WebSocket handshake: Unexpected response code: 500 @ http://localhost:8083/assets/workbook-runtime-jy8cebF1.js:0
[ 8193767ms] [ERROR] WebSocket connection to 'ws://localhost:8083/ws' failed: Error during WebSocket handshake: Unexpected response code: 500 @ http://localhost:8083/assets/workbook-runtime-jy8cebF1.js:0
[ 8208798ms] [ERROR] WebSocket connection to 'ws://localhost:8083/ws' failed: Error in connection establishment: net::ERR_CONNECTION_REFUSED @ http://localhost:8083/assets/workbook-runtime-jy8cebF1.js:0
[ 8223822ms] [ERROR] WebSocket connection to 'ws://localhost:8083/ws' failed: Error in connection establishment: net::ERR_CONNECTION_REFUSED @ http://localhost:8083/assets/workbook-runtime-jy8cebF1.js:0
[ 8238846ms] [ERROR] WebSocket connection to 'ws://localhost:8083/ws' failed: Error in connection establishment: net::ERR_CONNECTION_REFUSED @ http://localhost:8083/assets/workbook-runtime-jy8cebF1.js:0
[ 8253862ms] [ERROR] WebSocket connection to 'ws://localhost:8083/ws' failed: Error in connection establishment: net::ERR_CONNECTION_REFUSED @ http://localhost:8083/assets/workbook-runtime-jy8cebF1.js:0
[ 8268889ms] [ERROR] WebSocket connection to 'ws://localhost:8083/ws' failed: Error in connection establishment: net::ERR_CONNECTION_REFUSED @ http://localhost:8083/assets/workbook-runtime-jy8cebF1.js:0
[ 8283914ms] [ERROR] WebSocket connection to 'ws://localhost:8083/ws' failed: Error in connection establishment: net::ERR_CONNECTION_REFUSED @ http://localhost:8083/assets/workbook-runtime-jy8cebF1.js:0
[ 8298935ms] [ERROR] WebSocket connection to 'ws://localhost:8083/ws' failed: Error in connection establishment: net::ERR_CONNECTION_REFUSED @ http://localhost:8083/assets/workbook-runtime-jy8cebF1.js:0
[ 8313955ms] [ERROR] WebSocket connection to 'ws://localhost:8083/ws' failed: Error during WebSocket handshake: Unexpected response code: 500 @ http://localhost:8083/assets/workbook-runtime-jy8cebF1.js:0
[ 8328976ms] [ERROR] WebSocket connection to 'ws://localhost:8083/ws' failed: Error during WebSocket handshake: Unexpected response code: 500 @ http://localhost:8083/assets/workbook-runtime-jy8cebF1.js:0
[ 8343999ms] [ERROR] WebSocket connection to 'ws://localhost:8083/ws' failed: Error during WebSocket handshake: Unexpected response code: 500 @ http://localhost:8083/assets/workbook-runtime-jy8cebF1.js:0
[ 8359024ms] [ERROR] WebSocket connection to 'ws://localhost:8083/ws' failed: Error in connection establishment: net::ERR_CONNECTION_REFUSED @ http://localhost:8083/assets/workbook-runtime-jy8cebF1.js:0
[ 8374040ms] [ERROR] WebSocket connection to 'ws://localhost:8083/ws' failed: Error in connection establishment: net::ERR_CONNECTION_REFUSED @ http://localhost:8083/assets/workbook-runtime-jy8cebF1.js:0
[ 8389059ms] [ERROR] WebSocket connection to 'ws://localhost:8083/ws' failed: Error in connection establishment: net::ERR_CONNECTION_REFUSED @ http://localhost:8083/assets/workbook-runtime-jy8cebF1.js:0
[ 8404088ms] [ERROR] WebSocket connection to 'ws://localhost:8083/ws' failed: Error in connection establishment: net::ERR_CONNECTION_REFUSED @ http://localhost:8083/assets/workbook-runtime-jy8cebF1.js:0
[ 8419125ms] [ERROR] WebSocket connection to 'ws://localhost:8083/ws' failed: Error in connection establishment: net::ERR_CONNECTION_REFUSED @ http://localhost:8083/assets/workbook-runtime-jy8cebF1.js:0
[ 8434146ms] [ERROR] WebSocket connection to 'ws://localhost:8083/ws' failed: Error in connection establishment: net::ERR_CONNECTION_REFUSED @ http://localhost:8083/assets/workbook-runtime-jy8cebF1.js:0
[ 8449176ms] [ERROR] WebSocket connection to 'ws://localhost:8083/ws' failed: Error in connection establishment: net::ERR_CONNECTION_REFUSED @ http://localhost:8083/assets/workbook-runtime-jy8cebF1.js:0
[ 8464274ms] [ERROR] WebSocket connection to 'ws://localhost:8083/ws' failed: Error during WebSocket handshake: Unexpected response code: 500 @ http://localhost:8083/assets/workbook-runtime-jy8cebF1.js:0
[ 8479318ms] [ERROR] WebSocket connection to 'ws://localhost:8083/ws' failed: Error during WebSocket handshake: Unexpected response code: 500 @ http://localhost:8083/assets/workbook-runtime-jy8cebF1.js:0
[ 8494344ms] [ERROR] WebSocket connection to 'ws://localhost:8083/ws' failed: Error during WebSocket handshake: Unexpected response code: 500 @ http://localhost:8083/assets/workbook-runtime-jy8cebF1.js:0
[ 8509376ms] [ERROR] WebSocket connection to 'ws://localhost:8083/ws' failed: Error during WebSocket handshake: Unexpected response code: 500 @ http://localhost:8083/assets/workbook-runtime-jy8cebF1.js:0
[ 8524405ms] [ERROR] WebSocket connection to 'ws://localhost:8083/ws' failed: Error during WebSocket handshake: Unexpected response code: 500 @ http://localhost:8083/assets/workbook-runtime-jy8cebF1.js:0
[ 8539436ms] [ERROR] WebSocket connection to 'ws://localhost:8083/ws' failed: Error during WebSocket handshake: Unexpected response code: 500 @ http://localhost:8083/assets/workbook-runtime-jy8cebF1.js:0
[ 8554465ms] [ERROR] WebSocket connection to 'ws://localhost:8083/ws' failed: Error during WebSocket handshake: Unexpected response code: 500 @ http://localhost:8083/assets/workbook-runtime-jy8cebF1.js:0
[ 8569490ms] [ERROR] WebSocket connection to 'ws://localhost:8083/ws' failed: Error during WebSocket handshake: Unexpected response code: 500 @ http://localhost:8083/assets/workbook-runtime-jy8cebF1.js:0
[ 8584513ms] [ERROR] WebSocket connection to 'ws://localhost:8083/ws' failed: Error during WebSocket handshake: Unexpected response code: 500 @ http://localhost:8083/assets/workbook-runtime-jy8cebF1.js:0
[ 8599535ms] [ERROR] WebSocket connection to 'ws://localhost:8083/ws' failed: Error during WebSocket handshake: Unexpected response code: 500 @ http://localhost:8083/assets/workbook-runtime-jy8cebF1.js:0
[ 8614558ms] [ERROR] WebSocket connection to 'ws://localhost:8083/ws' failed: Error during WebSocket handshake: Unexpected response code: 500 @ http://localhost:8083/assets/workbook-runtime-jy8cebF1.js:0
[ 8629584ms] [ERROR] WebSocket connection to 'ws://localhost:8083/ws' failed: Error during WebSocket handshake: Unexpected response code: 500 @ http://localhost:8083/assets/workbook-runtime-jy8cebF1.js:0
[ 8644625ms] [ERROR] WebSocket connection to 'ws://localhost:8083/ws' failed: Error during WebSocket handshake: Unexpected response code: 500 @ http://localhost:8083/assets/workbook-runtime-jy8cebF1.js:0
[ 8659647ms] [ERROR] WebSocket connection to 'ws://localhost:8083/ws' failed: Error during WebSocket handshake: Unexpected response code: 500 @ http://localhost:8083/assets/workbook-runtime-jy8cebF1.js:0
[ 8674667ms] [ERROR] WebSocket connection to 'ws://localhost:8083/ws' failed: Error during WebSocket handshake: Unexpected response code: 500 @ http://localhost:8083/assets/workbook-runtime-jy8cebF1.js:0
[ 8689691ms] [ERROR] WebSocket connection to 'ws://localhost:8083/ws' failed: Error during WebSocket handshake: Unexpected response code: 500 @ http://localhost:8083/assets/workbook-runtime-jy8cebF1.js:0
[ 8704706ms] [ERROR] WebSocket connection to 'ws://localhost:8083/ws' failed: Error during WebSocket handshake: Unexpected response code: 500 @ http://localhost:8083/assets/workbook-runtime-jy8cebF1.js:0
[ 8719729ms] [ERROR] WebSocket connection to 'ws://localhost:8083/ws' failed: Error in connection establishment: net::ERR_CONNECTION_REFUSED @ http://localhost:8083/assets/workbook-runtime-jy8cebF1.js:0
[ 8734763ms] [ERROR] WebSocket connection to 'ws://localhost:8083/ws' failed: Error in connection establishment: net::ERR_CONNECTION_REFUSED @ http://localhost:8083/assets/workbook-runtime-jy8cebF1.js:0
[ 8749792ms] [ERROR] WebSocket connection to 'ws://localhost:8083/ws' failed: Error in connection establishment: net::ERR_CONNECTION_REFUSED @ http://localhost:8083/assets/workbook-runtime-jy8cebF1.js:0
[ 8764825ms] [ERROR] WebSocket connection to 'ws://localhost:8083/ws' failed: Error in connection establishment: net::ERR_CONNECTION_REFUSED @ http://localhost:8083/assets/workbook-runtime-jy8cebF1.js:0
[ 8779845ms] [ERROR] WebSocket connection to 'ws://localhost:8083/ws' failed: Error in connection establishment: net::ERR_CONNECTION_REFUSED @ http://localhost:8083/assets/workbook-runtime-jy8cebF1.js:0
[ 8794876ms] [ERROR] WebSocket connection to 'ws://localhost:8083/ws' failed: Error in connection establishment: net::ERR_CONNECTION_REFUSED @ http://localhost:8083/assets/workbook-runtime-jy8cebF1.js:0
[ 8809901ms] [ERROR] WebSocket connection to 'ws://localhost:8083/ws' failed: Error in connection establishment: net::ERR_CONNECTION_REFUSED @ http://localhost:8083/assets/workbook-runtime-jy8cebF1.js:0
[ 8824928ms] [ERROR] WebSocket connection to 'ws://localhost:8083/ws' failed: Error in connection establishment: net::ERR_CONNECTION_REFUSED @ http://localhost:8083/assets/workbook-runtime-jy8cebF1.js:0
[ 8839963ms] [ERROR] WebSocket connection to 'ws://localhost:8083/ws' failed: Error in connection establishment: net::ERR_CONNECTION_REFUSED @ http://localhost:8083/assets/workbook-runtime-jy8cebF1.js:0
[ 8855002ms] [ERROR] WebSocket connection to 'ws://localhost:8083/ws' failed: Error in connection establishment: net::ERR_CONNECTION_REFUSED @ http://localhost:8083/assets/workbook-runtime-jy8cebF1.js:0
[ 8870031ms] [ERROR] WebSocket connection to 'ws://localhost:8083/ws' failed: Error in connection establishment: net::ERR_CONNECTION_REFUSED @ http://localhost:8083/assets/workbook-runtime-jy8cebF1.js:0
[ 8885054ms] [ERROR] WebSocket connection to 'ws://localhost:8083/ws' failed: Error in connection establishment: net::ERR_CONNECTION_REFUSED @ http://localhost:8083/assets/workbook-runtime-jy8cebF1.js:0
[ 8900086ms] [ERROR] WebSocket connection to 'ws://localhost:8083/ws' failed: Error in connection establishment: net::ERR_CONNECTION_REFUSED @ http://localhost:8083/assets/workbook-runtime-jy8cebF1.js:0
[ 8915114ms] [ERROR] WebSocket connection to 'ws://localhost:8083/ws' failed: Error in connection establishment: net::ERR_CONNECTION_REFUSED @ http://localhost:8083/assets/workbook-runtime-jy8cebF1.js:0
[ 8930137ms] [ERROR] WebSocket connection to 'ws://localhost:8083/ws' failed: Error in connection establishment: net::ERR_CONNECTION_REFUSED @ http://localhost:8083/assets/workbook-runtime-jy8cebF1.js:0
[ 8945152ms] [ERROR] WebSocket connection to 'ws://localhost:8083/ws' failed: Error in connection establishment: net::ERR_CONNECTION_REFUSED @ http://localhost:8083/assets/workbook-runtime-jy8cebF1.js:0
[ 8960167ms] [ERROR] WebSocket connection to 'ws://localhost:8083/ws' failed: Error in connection establishment: net::ERR_CONNECTION_REFUSED @ http://localhost:8083/assets/workbook-runtime-jy8cebF1.js:0
[ 8975187ms] [ERROR] WebSocket connection to 'ws://localhost:8083/ws' failed: Error in connection establishment: net::ERR_CONNECTION_REFUSED @ http://localhost:8083/assets/workbook-runtime-jy8cebF1.js:0
[ 8990212ms] [ERROR] WebSocket connection to 'ws://localhost:8083/ws' failed: Error in connection establishment: net::ERR_CONNECTION_REFUSED @ http://localhost:8083/assets/workbook-runtime-jy8cebF1.js:0
[ 9005245ms] [ERROR] WebSocket connection to 'ws://localhost:8083/ws' failed: Error in connection establishment: net::ERR_CONNECTION_REFUSED @ http://localhost:8083/assets/workbook-runtime-jy8cebF1.js:0
[ 9021036ms] [ERROR] WebSocket connection to 'ws://localhost:8083/ws' failed: Error in connection establishment: net::ERR_CONNECTION_REFUSED @ http://localhost:8083/assets/workbook-runtime-jy8cebF1.js:0
[ 9036072ms] [ERROR] WebSocket connection to 'ws://localhost:8083/ws' failed: Error in connection establishment: net::ERR_CONNECTION_REFUSED @ http://localhost:8083/assets/workbook-runtime-jy8cebF1.js:0
[ 9051087ms] [ERROR] WebSocket connection to 'ws://localhost:8083/ws' failed: Error in connection establishment: net::ERR_CONNECTION_REFUSED @ http://localhost:8083/assets/workbook-runtime-jy8cebF1.js:0
[ 9066112ms] [ERROR] WebSocket connection to 'ws://localhost:8083/ws' failed: Error in connection establishment: net::ERR_CONNECTION_REFUSED @ http://localhost:8083/assets/workbook-runtime-jy8cebF1.js:0
[ 9081144ms] [ERROR] WebSocket connection to 'ws://localhost:8083/ws' failed: Error in connection establishment: net::ERR_CONNECTION_REFUSED @ http://localhost:8083/assets/workbook-runtime-jy8cebF1.js:0
[ 9096167ms] [ERROR] WebSocket connection to 'ws://localhost:8083/ws' failed: Error in connection establishment: net::ERR_CONNECTION_REFUSED @ http://localhost:8083/assets/workbook-runtime-jy8cebF1.js:0
[ 9111207ms] [ERROR] WebSocket connection to 'ws://localhost:8083/ws' failed: Error in connection establishment: net::ERR_CONNECTION_REFUSED @ http://localhost:8083/assets/workbook-runtime-jy8cebF1.js:0
[ 9126260ms] [ERROR] WebSocket connection to 'ws://localhost:8083/ws' failed: Error in connection establishment: net::ERR_CONNECTION_REFUSED @ http://localhost:8083/assets/workbook-runtime-jy8cebF1.js:0
[ 9141299ms] [ERROR] WebSocket connection to 'ws://localhost:8083/ws' failed: Error in connection establishment: net::ERR_CONNECTION_REFUSED @ http://localhost:8083/assets/workbook-runtime-jy8cebF1.js:0
[ 9156323ms] [ERROR] WebSocket connection to 'ws://localhost:8083/ws' failed: Error in connection establishment: net::ERR_CONNECTION_REFUSED @ http://localhost:8083/assets/workbook-runtime-jy8cebF1.js:0
[ 9171339ms] [ERROR] WebSocket connection to 'ws://localhost:8083/ws' failed: Error in connection establishment: net::ERR_CONNECTION_REFUSED @ http://localhost:8083/assets/workbook-runtime-jy8cebF1.js:0
[ 9186362ms] [ERROR] WebSocket connection to 'ws://localhost:8083/ws' failed: Error in connection establishment: net::ERR_CONNECTION_REFUSED @ http://localhost:8083/assets/workbook-runtime-jy8cebF1.js:0
[ 9201382ms] [ERROR] WebSocket connection to 'ws://localhost:8083/ws' failed: Error in connection establishment: net::ERR_CONNECTION_REFUSED @ http://localhost:8083/assets/workbook-runtime-jy8cebF1.js:0
[ 9216400ms] [ERROR] WebSocket connection to 'ws://localhost:8083/ws' failed: Error in connection establishment: net::ERR_CONNECTION_REFUSED @ http://localhost:8083/assets/workbook-runtime-jy8cebF1.js:0
[ 9231426ms] [ERROR] WebSocket connection to 'ws://localhost:8083/ws' failed: Error in connection establishment: net::ERR_CONNECTION_REFUSED @ http://localhost:8083/assets/workbook-runtime-jy8cebF1.js:0
[ 9246447ms] [ERROR] WebSocket connection to 'ws://localhost:8083/ws' failed: Error in connection establishment: net::ERR_CONNECTION_REFUSED @ http://localhost:8083/assets/workbook-runtime-jy8cebF1.js:0
[ 9261473ms] [ERROR] WebSocket connection to 'ws://localhost:8083/ws' failed: Error in connection establishment: net::ERR_CONNECTION_REFUSED @ http://localhost:8083/assets/workbook-runtime-jy8cebF1.js:0
[ 9276504ms] [ERROR] WebSocket connection to 'ws://localhost:8083/ws' failed: Error in connection establishment: net::ERR_CONNECTION_REFUSED @ http://localhost:8083/assets/workbook-runtime-jy8cebF1.js:0
[ 9291521ms] [ERROR] WebSocket connection to 'ws://localhost:8083/ws' failed: Error in connection establishment: net::ERR_CONNECTION_REFUSED @ http://localhost:8083/assets/workbook-runtime-jy8cebF1.js:0
[ 9306571ms] [ERROR] WebSocket connection to 'ws://localhost:8083/ws' failed: Error in connection establishment: net::ERR_CONNECTION_REFUSED @ http://localhost:8083/assets/workbook-runtime-jy8cebF1.js:0
[ 9321644ms] [ERROR] WebSocket connection to 'ws://localhost:8083/ws' failed: Error in connection establishment: net::ERR_CONNECTION_REFUSED @ http://localhost:8083/assets/workbook-runtime-jy8cebF1.js:0
[ 9336664ms] [ERROR] WebSocket connection to 'ws://localhost:8083/ws' failed: Error in connection establishment: net::ERR_CONNECTION_REFUSED @ http://localhost:8083/assets/workbook-runtime-jy8cebF1.js:0
[ 9351695ms] [ERROR] WebSocket connection to 'ws://localhost:8083/ws' failed: Error in connection establishment: net::ERR_CONNECTION_REFUSED @ http://localhost:8083/assets/workbook-runtime-jy8cebF1.js:0
[ 9366721ms] [ERROR] WebSocket connection to 'ws://localhost:8083/ws' failed: Error in connection establishment: net::ERR_CONNECTION_REFUSED @ http://localhost:8083/assets/workbook-runtime-jy8cebF1.js:0
[ 9381742ms] [ERROR] WebSocket connection to 'ws://localhost:8083/ws' failed: Error in connection establishment: net::ERR_CONNECTION_REFUSED @ http://localhost:8083/assets/workbook-runtime-jy8cebF1.js:0
[ 9396784ms] [ERROR] WebSocket connection to 'ws://localhost:8083/ws' failed: Error in connection establishment: net::ERR_CONNECTION_REFUSED @ http://localhost:8083/assets/workbook-runtime-jy8cebF1.js:0
[ 9411806ms] [ERROR] WebSocket connection to 'ws://localhost:8083/ws' failed: Error in connection establishment: net::ERR_CONNECTION_REFUSED @ http://localhost:8083/assets/workbook-runtime-jy8cebF1.js:0
[ 9426831ms] [ERROR] WebSocket connection to 'ws://localhost:8083/ws' failed: Error in connection establishment: net::ERR_CONNECTION_REFUSED @ http://localhost:8083/assets/workbook-runtime-jy8cebF1.js:0
[ 9441846ms] [ERROR] WebSocket connection to 'ws://localhost:8083/ws' failed: Error in connection establishment: net::ERR_CONNECTION_REFUSED @ http://localhost:8083/assets/workbook-runtime-jy8cebF1.js:0
[ 9456875ms] [ERROR] WebSocket connection to 'ws://localhost:8083/ws' failed: Error in connection establishment: net::ERR_CONNECTION_REFUSED @ http://localhost:8083/assets/workbook-runtime-jy8cebF1.js:0
[ 9471896ms] [ERROR] WebSocket connection to 'ws://localhost:8083/ws' failed: Error in connection establishment: net::ERR_CONNECTION_REFUSED @ http://localhost:8083/assets/workbook-runtime-jy8cebF1.js:0
[ 9486921ms] [ERROR] WebSocket connection to 'ws://localhost:8083/ws' failed: Error in connection establishment: net::ERR_CONNECTION_REFUSED @ http://localhost:8083/assets/workbook-runtime-jy8cebF1.js:0
[ 9510335ms] [ERROR] WebSocket connection to 'ws://localhost:8083/ws' failed: Error in connection establishment: net::ERR_CONNECTION_REFUSED @ http://localhost:8083/assets/workbook-runtime-jy8cebF1.js:0
[ 9525365ms] [ERROR] WebSocket connection to 'ws://localhost:8083/ws' failed: Error in connection establishment: net::ERR_CONNECTION_REFUSED @ http://localhost:8083/assets/workbook-runtime-jy8cebF1.js:0
[ 9540413ms] [ERROR] WebSocket connection to 'ws://localhost:8083/ws' failed: Error during WebSocket handshake: Unexpected response code: 500 @ http://localhost:8083/assets/workbook-runtime-jy8cebF1.js:0
[ 9555454ms] [ERROR] WebSocket connection to 'ws://localhost:8083/ws' failed: Error during WebSocket handshake: Unexpected response code: 500 @ http://localhost:8083/assets/workbook-runtime-jy8cebF1.js:0
[ 9570478ms] [ERROR] WebSocket connection to 'ws://localhost:8083/ws' failed: Error during WebSocket handshake: Unexpected response code: 500 @ http://localhost:8083/assets/workbook-runtime-jy8cebF1.js:0
[ 9585496ms] [ERROR] WebSocket connection to 'ws://localhost:8083/ws' failed: Error during WebSocket handshake: Unexpected response code: 500 @ http://localhost:8083/assets/workbook-runtime-jy8cebF1.js:0
[ 9600530ms] [ERROR] WebSocket connection to 'ws://localhost:8083/ws' failed: Error during WebSocket handshake: Unexpected response code: 500 @ http://localhost:8083/assets/workbook-runtime-jy8cebF1.js:0
[ 9615568ms] [ERROR] WebSocket connection to 'ws://localhost:8083/ws' failed: Error during WebSocket handshake: Unexpected response code: 500 @ http://localhost:8083/assets/workbook-runtime-jy8cebF1.js:0
[ 9630596ms] [ERROR] WebSocket connection to 'ws://localhost:8083/ws' failed: Error during WebSocket handshake: Unexpected response code: 500 @ http://localhost:8083/assets/workbook-runtime-jy8cebF1.js:0
[ 9647256ms] [ERROR] WebSocket connection to 'ws://localhost:8083/ws' failed: Error during WebSocket handshake: Unexpected response code: 500 @ http://localhost:8083/assets/workbook-runtime-jy8cebF1.js:0
[ 9662835ms] [ERROR] WebSocket connection to 'ws://localhost:8083/ws' failed: Error during WebSocket handshake: Unexpected response code: 500 @ http://localhost:8083/assets/workbook-runtime-jy8cebF1.js:0
[ 9677863ms] [ERROR] WebSocket connection to 'ws://localhost:8083/ws' failed: Error during WebSocket handshake: Unexpected response code: 500 @ http://localhost:8083/assets/workbook-runtime-jy8cebF1.js:0
[ 9692893ms] [ERROR] WebSocket connection to 'ws://localhost:8083/ws' failed: Error during WebSocket handshake: Unexpected response code: 500 @ http://localhost:8083/assets/workbook-runtime-jy8cebF1.js:0
[ 9707916ms] [ERROR] WebSocket connection to 'ws://localhost:8083/ws' failed: Error during WebSocket handshake: Unexpected response code: 500 @ http://localhost:8083/assets/workbook-runtime-jy8cebF1.js:0
[ 9722967ms] [ERROR] WebSocket connection to 'ws://localhost:8083/ws' failed: Error in connection establishment: net::ERR_CONNECTION_REFUSED @ http://localhost:8083/assets/workbook-runtime-jy8cebF1.js:0
[ 9737993ms] [ERROR] WebSocket connection to 'ws://localhost:8083/ws' failed: Error in connection establishment: net::ERR_CONNECTION_REFUSED @ http://localhost:8083/assets/workbook-runtime-jy8cebF1.js:0
[ 9753029ms] [ERROR] WebSocket connection to 'ws://localhost:8083/ws' failed: Error in connection establishment: net::ERR_CONNECTION_REFUSED @ http://localhost:8083/assets/workbook-runtime-jy8cebF1.js:0
[ 9768044ms] [ERROR] WebSocket connection to 'ws://localhost:8083/ws' failed: Error in connection establishment: net::ERR_CONNECTION_REFUSED @ http://localhost:8083/assets/workbook-runtime-jy8cebF1.js:0
[ 9783073ms] [ERROR] WebSocket connection to 'ws://localhost:8083/ws' failed: Error in connection establishment: net::ERR_CONNECTION_REFUSED @ http://localhost:8083/assets/workbook-runtime-jy8cebF1.js:0
[ 9798110ms] [ERROR] WebSocket connection to 'ws://localhost:8083/ws' failed: Error in connection establishment: net::ERR_CONNECTION_REFUSED @ http://localhost:8083/assets/workbook-runtime-jy8cebF1.js:0
[ 9813142ms] [ERROR] WebSocket connection to 'ws://localhost:8083/ws' failed: Error in connection establishment: net::ERR_CONNECTION_REFUSED @ http://localhost:8083/assets/workbook-runtime-jy8cebF1.js:0
[ 9828171ms] [ERROR] WebSocket connection to 'ws://localhost:8083/ws' failed: Error in connection establishment: net::ERR_CONNECTION_REFUSED @ http://localhost:8083/assets/workbook-runtime-jy8cebF1.js:0
[ 9843202ms] [ERROR] WebSocket connection to 'ws://localhost:8083/ws' failed: Error in connection establishment: net::ERR_CONNECTION_REFUSED @ http://localhost:8083/assets/workbook-runtime-jy8cebF1.js:0
[ 9858234ms] [ERROR] WebSocket connection to 'ws://localhost:8083/ws' failed: Error in connection establishment: net::ERR_CONNECTION_REFUSED @ http://localhost:8083/assets/workbook-runtime-jy8cebF1.js:0
[ 9873267ms] [ERROR] WebSocket connection to 'ws://localhost:8083/ws' failed: Error in connection establishment: net::ERR_CONNECTION_REFUSED @ http://localhost:8083/assets/workbook-runtime-jy8cebF1.js:0
[ 9888277ms] [ERROR] WebSocket connection to 'ws://localhost:8083/ws' failed: Error in connection establishment: net::ERR_CONNECTION_REFUSED @ http://localhost:8083/assets/workbook-runtime-jy8cebF1.js:0
[ 9903298ms] [ERROR] WebSocket connection to 'ws://localhost:8083/ws' failed: Error in connection establishment: net::ERR_CONNECTION_REFUSED @ http://localhost:8083/assets/workbook-runtime-jy8cebF1.js:0
[ 9918331ms] [ERROR] WebSocket connection to 'ws://localhost:8083/ws' failed: Error in connection establishment: net::ERR_CONNECTION_REFUSED @ http://localhost:8083/assets/workbook-runtime-jy8cebF1.js:0
[ 9933363ms] [ERROR] WebSocket connection to 'ws://localhost:8083/ws' failed: Error in connection establishment: net::ERR_CONNECTION_REFUSED @ http://localhost:8083/assets/workbook-runtime-jy8cebF1.js:0
[ 9948381ms] [ERROR] WebSocket connection to 'ws://localhost:8083/ws' failed: Error in connection establishment: net::ERR_CONNECTION_REFUSED @ http://localhost:8083/assets/workbook-runtime-jy8cebF1.js:0
[ 9963405ms] [ERROR] WebSocket connection to 'ws://localhost:8083/ws' failed: Error in connection establishment: net::ERR_CONNECTION_REFUSED @ http://localhost:8083/assets/workbook-runtime-jy8cebF1.js:0
[ 9978434ms] [ERROR] WebSocket connection to 'ws://localhost:8083/ws' failed: Error in connection establishment: net::ERR_CONNECTION_REFUSED @ http://localhost:8083/assets/workbook-runtime-jy8cebF1.js:0
[ 9993482ms] [ERROR] WebSocket connection to 'ws://localhost:8083/ws' failed: Error in connection establishment: net::ERR_CONNECTION_REFUSED @ http://localhost:8083/assets/workbook-runtime-jy8cebF1.js:0
[10008501ms] [ERROR] WebSocket connection to 'ws://localhost:8083/ws' failed: Error in connection establishment: net::ERR_CONNECTION_REFUSED @ http://localhost:8083/assets/workbook-runtime-jy8cebF1.js:0
[10023516ms] [ERROR] WebSocket connection to 'ws://localhost:8083/ws' failed: Error in connection establishment: net::ERR_CONNECTION_REFUSED @ http://localhost:8083/assets/workbook-runtime-jy8cebF1.js:0
[10038525ms] [ERROR] WebSocket connection to 'ws://localhost:8083/ws' failed: Error in connection establishment: net::ERR_CONNECTION_REFUSED @ http://localhost:8083/assets/workbook-runtime-jy8cebF1.js:0
[10053554ms] [ERROR] WebSocket connection to 'ws://localhost:8083/ws' failed: Error in connection establishment: net::ERR_CONNECTION_REFUSED @ http://localhost:8083/assets/workbook-runtime-jy8cebF1.js:0
[10068576ms] [ERROR] WebSocket connection to 'ws://localhost:8083/ws' failed: Error in connection establishment: net::ERR_CONNECTION_REFUSED @ http://localhost:8083/assets/workbook-runtime-jy8cebF1.js:0
[10083607ms] [ERROR] WebSocket connection to 'ws://localhost:8083/ws' failed: Error in connection establishment: net::ERR_CONNECTION_REFUSED @ http://localhost:8083/assets/workbook-runtime-jy8cebF1.js:0
[10098638ms] [ERROR] WebSocket connection to 'ws://localhost:8083/ws' failed: Error in connection establishment: net::ERR_CONNECTION_REFUSED @ http://localhost:8083/assets/workbook-runtime-jy8cebF1.js:0
[10113673ms] [ERROR] WebSocket connection to 'ws://localhost:8083/ws' failed: Error in connection establishment: net::ERR_CONNECTION_REFUSED @ http://localhost:8083/assets/workbook-runtime-jy8cebF1.js:0
[10128685ms] [ERROR] WebSocket connection to 'ws://localhost:8083/ws' failed: Error in connection establishment: net::ERR_CONNECTION_REFUSED @ http://localhost:8083/assets/workbook-runtime-jy8cebF1.js:0
[10143700ms] [ERROR] WebSocket connection to 'ws://localhost:8083/ws' failed: Error in connection establishment: net::ERR_CONNECTION_REFUSED @ http://localhost:8083/assets/workbook-runtime-jy8cebF1.js:0
[10158718ms] [ERROR] WebSocket connection to 'ws://localhost:8083/ws' failed: Error in connection establishment: net::ERR_CONNECTION_REFUSED @ http://localhost:8083/assets/workbook-runtime-jy8cebF1.js:0
[10173726ms] [ERROR] WebSocket connection to 'ws://localhost:8083/ws' failed: Error in connection establishment: net::ERR_CONNECTION_REFUSED @ http://localhost:8083/assets/workbook-runtime-jy8cebF1.js:0
[10188750ms] [ERROR] WebSocket connection to 'ws://localhost:8083/ws' failed: Error in connection establishment: net::ERR_CONNECTION_REFUSED @ http://localhost:8083/assets/workbook-runtime-jy8cebF1.js:0
[10203774ms] [ERROR] WebSocket connection to 'ws://localhost:8083/ws' failed: Error in connection establishment: net::ERR_CONNECTION_REFUSED @ http://localhost:8083/assets/workbook-runtime-jy8cebF1.js:0
[10218805ms] [ERROR] WebSocket connection to 'ws://localhost:8083/ws' failed: Error in connection establishment: net::ERR_CONNECTION_REFUSED @ http://localhost:8083/assets/workbook-runtime-jy8cebF1.js:0
[10233835ms] [ERROR] WebSocket connection to 'ws://localhost:8083/ws' failed: Error in connection establishment: net::ERR_CONNECTION_REFUSED @ http://localhost:8083/assets/workbook-runtime-jy8cebF1.js:0
[10248843ms] [ERROR] WebSocket connection to 'ws://localhost:8083/ws' failed: Error in connection establishment: net::ERR_CONNECTION_REFUSED @ http://localhost:8083/assets/workbook-runtime-jy8cebF1.js:0
[10263859ms] [ERROR] WebSocket connection to 'ws://localhost:8083/ws' failed: Error in connection establishment: net::ERR_CONNECTION_REFUSED @ http://localhost:8083/assets/workbook-runtime-jy8cebF1.js:0
[10278871ms] [ERROR] WebSocket connection to 'ws://localhost:8083/ws' failed: Error in connection establishment: net::ERR_CONNECTION_REFUSED @ http://localhost:8083/assets/workbook-runtime-jy8cebF1.js:0
[10293889ms] [ERROR] WebSocket connection to 'ws://localhost:8083/ws' failed: Error in connection establishment: net::ERR_CONNECTION_REFUSED @ http://localhost:8083/assets/workbook-runtime-jy8cebF1.js:0
[10308918ms] [ERROR] WebSocket connection to 'ws://localhost:8083/ws' failed: Error in connection establishment: net::ERR_CONNECTION_REFUSED @ http://localhost:8083/assets/workbook-runtime-jy8cebF1.js:0
[10323938ms] [ERROR] WebSocket connection to 'ws://localhost:8083/ws' failed: Error in connection establishment: net::ERR_CONNECTION_REFUSED @ http://localhost:8083/assets/workbook-runtime-jy8cebF1.js:0
[10338958ms] [ERROR] WebSocket connection to 'ws://localhost:8083/ws' failed: Error in connection establishment: net::ERR_CONNECTION_REFUSED @ http://localhost:8083/assets/workbook-runtime-jy8cebF1.js:0
[10354000ms] [ERROR] WebSocket connection to 'ws://localhost:8083/ws' failed: Error in connection establishment: net::ERR_CONNECTION_REFUSED @ http://localhost:8083/assets/workbook-runtime-jy8cebF1.js:0
[10369019ms] [ERROR] WebSocket connection to 'ws://localhost:8083/ws' failed: Error in connection establishment: net::ERR_CONNECTION_REFUSED @ http://localhost:8083/assets/workbook-runtime-jy8cebF1.js:0
[10384053ms] [ERROR] WebSocket connection to 'ws://localhost:8083/ws' failed: Error in connection establishment: net::ERR_CONNECTION_REFUSED @ http://localhost:8083/assets/workbook-runtime-jy8cebF1.js:0
[10399115ms] [ERROR] WebSocket connection to 'ws://localhost:8083/ws' failed: Error in connection establishment: net::ERR_CONNECTION_REFUSED @ http://localhost:8083/assets/workbook-runtime-jy8cebF1.js:0
[10414133ms] [ERROR] WebSocket connection to 'ws://localhost:8083/ws' failed: Error in connection establishment: net::ERR_CONNECTION_REFUSED @ http://localhost:8083/assets/workbook-runtime-jy8cebF1.js:0
[10429157ms] [ERROR] WebSocket connection to 'ws://localhost:8083/ws' failed: Error in connection establishment: net::ERR_CONNECTION_REFUSED @ http://localhost:8083/assets/workbook-runtime-jy8cebF1.js:0
[10444186ms] [ERROR] WebSocket connection to 'ws://localhost:8083/ws' failed: Error in connection establishment: net::ERR_CONNECTION_REFUSED @ http://localhost:8083/assets/workbook-runtime-jy8cebF1.js:0
[10459206ms] [ERROR] WebSocket connection to 'ws://localhost:8083/ws' failed: Error in connection establishment: net::ERR_CONNECTION_REFUSED @ http://localhost:8083/assets/workbook-runtime-jy8cebF1.js:0
[10474252ms] [ERROR] WebSocket connection to 'ws://localhost:8083/ws' failed: Error in connection establishment: net::ERR_CONNECTION_REFUSED @ http://localhost:8083/assets/workbook-runtime-jy8cebF1.js:0
[10489266ms] [ERROR] WebSocket connection to 'ws://localhost:8083/ws' failed: Error in connection establishment: net::ERR_CONNECTION_REFUSED @ http://localhost:8083/assets/workbook-runtime-jy8cebF1.js:0
[10504275ms] [ERROR] WebSocket connection to 'ws://localhost:8083/ws' failed: Error in connection establishment: net::ERR_CONNECTION_REFUSED @ http://localhost:8083/assets/workbook-runtime-jy8cebF1.js:0
[10519306ms] [ERROR] WebSocket connection to 'ws://localhost:8083/ws' failed: Error in connection establishment: net::ERR_CONNECTION_REFUSED @ http://localhost:8083/assets/workbook-runtime-jy8cebF1.js:0
[10534343ms] [ERROR] WebSocket connection to 'ws://localhost:8083/ws' failed: Error during WebSocket handshake: Unexpected response code: 500 @ http://localhost:8083/assets/workbook-runtime-jy8cebF1.js:0
[10549367ms] [ERROR] WebSocket connection to 'ws://localhost:8083/ws' failed: Error during WebSocket handshake: Unexpected response code: 500 @ http://localhost:8083/assets/workbook-runtime-jy8cebF1.js:0
[10564396ms] [ERROR] WebSocket connection to 'ws://localhost:8083/ws' failed: Error during WebSocket handshake: Unexpected response code: 500 @ http://localhost:8083/assets/workbook-runtime-jy8cebF1.js:0
[10579425ms] [ERROR] WebSocket connection to 'ws://localhost:8083/ws' failed: Error during WebSocket handshake: Unexpected response code: 500 @ http://localhost:8083/assets/workbook-runtime-jy8cebF1.js:0
[10594454ms] [ERROR] WebSocket connection to 'ws://localhost:8083/ws' failed: Error during WebSocket handshake: Unexpected response code: 500 @ http://localhost:8083/assets/workbook-runtime-jy8cebF1.js:0
[10609480ms] [ERROR] WebSocket connection to 'ws://localhost:8083/ws' failed: Error during WebSocket handshake: Unexpected response code: 500 @ http://localhost:8083/assets/workbook-runtime-jy8cebF1.js:0
[10624492ms] [ERROR] WebSocket connection to 'ws://localhost:8083/ws' failed: Error during WebSocket handshake: Unexpected response code: 500 @ http://localhost:8083/assets/workbook-runtime-jy8cebF1.js:0
[10639520ms] [ERROR] WebSocket connection to 'ws://localhost:8083/ws' failed: Error during WebSocket handshake: Unexpected response code: 500 @ http://localhost:8083/assets/workbook-runtime-jy8cebF1.js:0
[10654537ms] [ERROR] WebSocket connection to 'ws://localhost:8083/ws' failed: Error during WebSocket handshake: Unexpected response code: 500 @ http://localhost:8083/assets/workbook-runtime-jy8cebF1.js:0
[10669573ms] [ERROR] WebSocket connection to 'ws://localhost:8083/ws' failed: Error during WebSocket handshake: Unexpected response code: 500 @ http://localhost:8083/assets/workbook-runtime-jy8cebF1.js:0
[10684600ms] [ERROR] WebSocket connection to 'ws://localhost:8083/ws' failed: Error during WebSocket handshake: Unexpected response code: 500 @ http://localhost:8083/assets/workbook-runtime-jy8cebF1.js:0
[10699623ms] [ERROR] WebSocket connection to 'ws://localhost:8083/ws' failed: Error during WebSocket handshake: Unexpected response code: 500 @ http://localhost:8083/assets/workbook-runtime-jy8cebF1.js:0
[10714672ms] [ERROR] WebSocket connection to 'ws://localhost:8083/ws' failed: Error during WebSocket handshake: Unexpected response code: 500 @ http://localhost:8083/assets/workbook-runtime-jy8cebF1.js:0
[10729698ms] [ERROR] WebSocket connection to 'ws://localhost:8083/ws' failed: Error during WebSocket handshake: Unexpected response code: 500 @ http://localhost:8083/assets/workbook-runtime-jy8cebF1.js:0
[10744711ms] [ERROR] WebSocket connection to 'ws://localhost:8083/ws' failed: Error during WebSocket handshake: Unexpected response code: 500 @ http://localhost:8083/assets/workbook-runtime-jy8cebF1.js:0
[10759729ms] [ERROR] WebSocket connection to 'ws://localhost:8083/ws' failed: Error during WebSocket handshake: Unexpected response code: 500 @ http://localhost:8083/assets/workbook-runtime-jy8cebF1.js:0
[10774744ms] [ERROR] WebSocket connection to 'ws://localhost:8083/ws' failed: Error during WebSocket handshake: Unexpected response code: 500 @ http://localhost:8083/assets/workbook-runtime-jy8cebF1.js:0
[10789767ms] [ERROR] WebSocket connection to 'ws://localhost:8083/ws' failed: Error during WebSocket handshake: Unexpected response code: 500 @ http://localhost:8083/assets/workbook-runtime-jy8cebF1.js:0
[10804797ms] [ERROR] WebSocket connection to 'ws://localhost:8083/ws' failed: Error during WebSocket handshake: Unexpected response code: 500 @ http://localhost:8083/assets/workbook-runtime-jy8cebF1.js:0
[10819819ms] [ERROR] WebSocket connection to 'ws://localhost:8083/ws' failed: Error during WebSocket handshake: Unexpected response code: 500 @ http://localhost:8083/assets/workbook-runtime-jy8cebF1.js:0
[10834848ms] [ERROR] WebSocket connection to 'ws://localhost:8083/ws' failed: Error during WebSocket handshake: Unexpected response code: 500 @ http://localhost:8083/assets/workbook-runtime-jy8cebF1.js:0
[10849860ms] [ERROR] WebSocket connection to 'ws://localhost:8083/ws' failed: Error during WebSocket handshake: Unexpected response code: 500 @ http://localhost:8083/assets/workbook-runtime-jy8cebF1.js:0
[10864892ms] [ERROR] WebSocket connection to 'ws://localhost:8083/ws' failed: Error during WebSocket handshake: Unexpected response code: 500 @ http://localhost:8083/assets/workbook-runtime-jy8cebF1.js:0
[10879908ms] [ERROR] WebSocket connection to 'ws://localhost:8083/ws' failed: Error during WebSocket handshake: Unexpected response code: 500 @ http://localhost:8083/assets/workbook-runtime-jy8cebF1.js:0
[10894921ms] [ERROR] WebSocket connection to 'ws://localhost:8083/ws' failed: Error during WebSocket handshake: Unexpected response code: 500 @ http://localhost:8083/assets/workbook-runtime-jy8cebF1.js:0
[10909947ms] [ERROR] WebSocket connection to 'ws://localhost:8083/ws' failed: Error during WebSocket handshake: Unexpected response code: 500 @ http://localhost:8083/assets/workbook-runtime-jy8cebF1.js:0
[10924983ms] [ERROR] WebSocket connection to 'ws://localhost:8083/ws' failed: Error during WebSocket handshake: Unexpected response code: 500 @ http://localhost:8083/assets/workbook-runtime-jy8cebF1.js:0
[10940003ms] [ERROR] WebSocket connection to 'ws://localhost:8083/ws' failed: Error during WebSocket handshake: Unexpected response code: 500 @ http://localhost:8083/assets/workbook-runtime-jy8cebF1.js:0
[10955033ms] [ERROR] WebSocket connection to 'ws://localhost:8083/ws' failed: Error during WebSocket handshake: Unexpected response code: 500 @ http://localhost:8083/assets/workbook-runtime-jy8cebF1.js:0
[10970046ms] [ERROR] WebSocket connection to 'ws://localhost:8083/ws' failed: Error during WebSocket handshake: Unexpected response code: 500 @ http://localhost:8083/assets/workbook-runtime-jy8cebF1.js:0
[10985061ms] [ERROR] WebSocket connection to 'ws://localhost:8083/ws' failed: Error during WebSocket handshake: Unexpected response code: 500 @ http://localhost:8083/assets/workbook-runtime-jy8cebF1.js:0
[11000080ms] [ERROR] WebSocket connection to 'ws://localhost:8083/ws' failed: Error during WebSocket handshake: Unexpected response code: 500 @ http://localhost:8083/assets/workbook-runtime-jy8cebF1.js:0
[11015099ms] [ERROR] WebSocket connection to 'ws://localhost:8083/ws' failed: Error during WebSocket handshake: Unexpected response code: 500 @ http://localhost:8083/assets/workbook-runtime-jy8cebF1.js:0
[11030114ms] [ERROR] WebSocket connection to 'ws://localhost:8083/ws' failed: Error during WebSocket handshake: Unexpected response code: 500 @ http://localhost:8083/assets/workbook-runtime-jy8cebF1.js:0
[11045184ms] [ERROR] WebSocket connection to 'ws://localhost:8083/ws' failed: Error during WebSocket handshake: Unexpected response code: 500 @ http://localhost:8083/assets/workbook-runtime-jy8cebF1.js:0
[11060210ms] [ERROR] WebSocket connection to 'ws://localhost:8083/ws' failed: Error during WebSocket handshake: Unexpected response code: 500 @ http://localhost:8083/assets/workbook-runtime-jy8cebF1.js:0
[11075280ms] [ERROR] WebSocket connection to 'ws://localhost:8083/ws' failed: Error during WebSocket handshake: Unexpected response code: 500 @ http://localhost:8083/assets/workbook-runtime-jy8cebF1.js:0
[11090299ms] [ERROR] WebSocket connection to 'ws://localhost:8083/ws' failed: Error during WebSocket handshake: Unexpected response code: 500 @ http://localhost:8083/assets/workbook-runtime-jy8cebF1.js:0
[11105317ms] [ERROR] WebSocket connection to 'ws://localhost:8083/ws' failed: Error during WebSocket handshake: Unexpected response code: 500 @ http://localhost:8083/assets/workbook-runtime-jy8cebF1.js:0
[11120333ms] [ERROR] WebSocket connection to 'ws://localhost:8083/ws' failed: Error during WebSocket handshake: Unexpected response code: 500 @ http://localhost:8083/assets/workbook-runtime-jy8cebF1.js:0
[11135364ms] [ERROR] WebSocket connection to 'ws://localhost:8083/ws' failed: Error during WebSocket handshake: Unexpected response code: 500 @ http://localhost:8083/assets/workbook-runtime-jy8cebF1.js:0
[11150390ms] [ERROR] WebSocket connection to 'ws://localhost:8083/ws' failed: Error during WebSocket handshake: Unexpected response code: 500 @ http://localhost:8083/assets/workbook-runtime-jy8cebF1.js:0
[11165414ms] [ERROR] WebSocket connection to 'ws://localhost:8083/ws' failed: Error during WebSocket handshake: Unexpected response code: 500 @ http://localhost:8083/assets/workbook-runtime-jy8cebF1.js:0
[11180440ms] [ERROR] WebSocket connection to 'ws://localhost:8083/ws' failed: Error during WebSocket handshake: Unexpected response code: 500 @ http://localhost:8083/assets/workbook-runtime-jy8cebF1.js:0
[11195467ms] [ERROR] WebSocket connection to 'ws://localhost:8083/ws' failed: Error during WebSocket handshake: Unexpected response code: 500 @ http://localhost:8083/assets/workbook-runtime-jy8cebF1.js:0
[11210483ms] [ERROR] WebSocket connection to 'ws://localhost:8083/ws' failed: Error during WebSocket handshake: Unexpected response code: 500 @ http://localhost:8083/assets/workbook-runtime-jy8cebF1.js:0
[11225501ms] [ERROR] WebSocket connection to 'ws://localhost:8083/ws' failed: Error during WebSocket handshake: Unexpected response code: 500 @ http://localhost:8083/assets/workbook-runtime-jy8cebF1.js:0
[11240514ms] [ERROR] WebSocket connection to 'ws://localhost:8083/ws' failed: Error during WebSocket handshake: Unexpected response code: 500 @ http://localhost:8083/assets/workbook-runtime-jy8cebF1.js:0
[11255534ms] [ERROR] WebSocket connection to 'ws://localhost:8083/ws' failed: Error during WebSocket handshake: Unexpected response code: 500 @ http://localhost:8083/assets/workbook-runtime-jy8cebF1.js:0
[11270558ms] [ERROR] WebSocket connection to 'ws://localhost:8083/ws' failed: Error during WebSocket handshake: Unexpected response code: 500 @ http://localhost:8083/assets/workbook-runtime-jy8cebF1.js:0
[11285583ms] [ERROR] WebSocket connection to 'ws://localhost:8083/ws' failed: Error during WebSocket handshake: Unexpected response code: 500 @ http://localhost:8083/assets/workbook-runtime-jy8cebF1.js:0
[11300612ms] [ERROR] WebSocket connection to 'ws://localhost:8083/ws' failed: Error during WebSocket handshake: Unexpected response code: 500 @ http://localhost:8083/assets/workbook-runtime-jy8cebF1.js:0
[11315638ms] [ERROR] WebSocket connection to 'ws://localhost:8083/ws' failed: Error during WebSocket handshake: Unexpected response code: 500 @ http://localhost:8083/assets/workbook-runtime-jy8cebF1.js:0
[11330660ms] [ERROR] WebSocket connection to 'ws://localhost:8083/ws' failed: Error during WebSocket handshake: Unexpected response code: 500 @ http://localhost:8083/assets/workbook-runtime-jy8cebF1.js:0
[11345691ms] [ERROR] WebSocket connection to 'ws://localhost:8083/ws' failed: Error during WebSocket handshake: Unexpected response code: 500 @ http://localhost:8083/assets/workbook-runtime-jy8cebF1.js:0
[11360705ms] [ERROR] WebSocket connection to 'ws://localhost:8083/ws' failed: Error during WebSocket handshake: Unexpected response code: 500 @ http://localhost:8083/assets/workbook-runtime-jy8cebF1.js:0
[11375724ms] [ERROR] WebSocket connection to 'ws://localhost:8083/ws' failed: Error during WebSocket handshake: Unexpected response code: 500 @ http://localhost:8083/assets/workbook-runtime-jy8cebF1.js:0
[11390758ms] [ERROR] WebSocket connection to 'ws://localhost:8083/ws' failed: Error during WebSocket handshake: Unexpected response code: 500 @ http://localhost:8083/assets/workbook-runtime-jy8cebF1.js:0
[11405784ms] [ERROR] WebSocket connection to 'ws://localhost:8083/ws' failed: Error during WebSocket handshake: Unexpected response code: 500 @ http://localhost:8083/assets/workbook-runtime-jy8cebF1.js:0
[11420816ms] [ERROR] WebSocket connection to 'ws://localhost:8083/ws' failed: Error during WebSocket handshake: Unexpected response code: 500 @ http://localhost:8083/assets/workbook-runtime-jy8cebF1.js:0
[11435851ms] [ERROR] WebSocket connection to 'ws://localhost:8083/ws' failed: Error during WebSocket handshake: Unexpected response code: 500 @ http://localhost:8083/assets/workbook-runtime-jy8cebF1.js:0
[11450872ms] [ERROR] WebSocket connection to 'ws://localhost:8083/ws' failed: Error in connection establishment: net::ERR_CONNECTION_REFUSED @ http://localhost:8083/assets/workbook-runtime-jy8cebF1.js:0
[11465889ms] [ERROR] WebSocket connection to 'ws://localhost:8083/ws' failed: Error in connection establishment: net::ERR_CONNECTION_REFUSED @ http://localhost:8083/assets/workbook-runtime-jy8cebF1.js:0
[11480912ms] [ERROR] WebSocket connection to 'ws://localhost:8083/ws' failed: Error in connection establishment: net::ERR_CONNECTION_REFUSED @ http://localhost:8083/assets/workbook-runtime-jy8cebF1.js:0
[11495930ms] [ERROR] WebSocket connection to 'ws://localhost:8083/ws' failed: Error in connection establishment: net::ERR_CONNECTION_REFUSED @ http://localhost:8083/assets/workbook-runtime-jy8cebF1.js:0
[11510958ms] [ERROR] WebSocket connection to 'ws://localhost:8083/ws' failed: Error in connection establishment: net::ERR_CONNECTION_REFUSED @ http://localhost:8083/assets/workbook-runtime-jy8cebF1.js:0
[11525983ms] [ERROR] WebSocket connection to 'ws://localhost:8083/ws' failed: Error in connection establishment: net::ERR_CONNECTION_REFUSED @ http://localhost:8083/assets/workbook-runtime-jy8cebF1.js:0
[11541010ms] [ERROR] WebSocket connection to 'ws://localhost:8083/ws' failed: Error in connection establishment: net::ERR_CONNECTION_REFUSED @ http://localhost:8083/assets/workbook-runtime-jy8cebF1.js:0
[11556039ms] [ERROR] WebSocket connection to 'ws://localhost:8083/ws' failed: Error in connection establishment: net::ERR_CONNECTION_REFUSED @ http://localhost:8083/assets/workbook-runtime-jy8cebF1.js:0
[11571054ms] [ERROR] WebSocket connection to 'ws://localhost:8083/ws' failed: Error during WebSocket handshake: Unexpected response code: 500 @ http://localhost:8083/assets/workbook-runtime-jy8cebF1.js:0
[11586067ms] [ERROR] WebSocket connection to 'ws://localhost:8083/ws' failed: Error during WebSocket handshake: Unexpected response code: 500 @ http://localhost:8083/assets/workbook-runtime-jy8cebF1.js:0
[11601090ms] [ERROR] WebSocket connection to 'ws://localhost:8083/ws' failed: Error during WebSocket handshake: Unexpected response code: 500 @ http://localhost:8083/assets/workbook-runtime-jy8cebF1.js:0
[11616102ms] [ERROR] WebSocket connection to 'ws://localhost:8083/ws' failed: Error during WebSocket handshake: Unexpected response code: 500 @ http://localhost:8083/assets/workbook-runtime-jy8cebF1.js:0
[11631120ms] [ERROR] WebSocket connection to 'ws://localhost:8083/ws' failed: Error during WebSocket handshake: Unexpected response code: 500 @ http://localhost:8083/assets/workbook-runtime-jy8cebF1.js:0
[11646159ms] [ERROR] WebSocket connection to 'ws://localhost:8083/ws' failed: Error during WebSocket handshake: Unexpected response code: 500 @ http://localhost:8083/assets/workbook-runtime-jy8cebF1.js:0
[11661183ms] [ERROR] WebSocket connection to 'ws://localhost:8083/ws' failed: Error in connection establishment: net::ERR_CONNECTION_REFUSED @ http://localhost:8083/assets/workbook-runtime-jy8cebF1.js:0
[11676220ms] [ERROR] WebSocket connection to 'ws://localhost:8083/ws' failed: Error in connection establishment: net::ERR_CONNECTION_REFUSED @ http://localhost:8083/assets/workbook-runtime-jy8cebF1.js:0
[11691241ms] [ERROR] WebSocket connection to 'ws://localhost:8083/ws' failed: Error in connection establishment: net::ERR_CONNECTION_REFUSED @ http://localhost:8083/assets/workbook-runtime-jy8cebF1.js:0
[11706265ms] [ERROR] WebSocket connection to 'ws://localhost:8083/ws' failed: Error in connection establishment: net::ERR_CONNECTION_REFUSED @ http://localhost:8083/assets/workbook-runtime-jy8cebF1.js:0
[11721293ms] [ERROR] WebSocket connection to 'ws://localhost:8083/ws' failed: Error in connection establishment: net::ERR_CONNECTION_REFUSED @ http://localhost:8083/assets/workbook-runtime-jy8cebF1.js:0
[11736306ms] [ERROR] WebSocket connection to 'ws://localhost:8083/ws' failed: Error in connection establishment: net::ERR_CONNECTION_REFUSED @ http://localhost:8083/assets/workbook-runtime-jy8cebF1.js:0
[11751346ms] [ERROR] WebSocket connection to 'ws://localhost:8083/ws' failed: Error during WebSocket handshake: Unexpected response code: 500 @ http://localhost:8083/assets/workbook-runtime-jy8cebF1.js:0
[11766381ms] [ERROR] WebSocket connection to 'ws://localhost:8083/ws' failed: Error during WebSocket handshake: Unexpected response code: 500 @ http://localhost:8083/assets/workbook-runtime-jy8cebF1.js:0
[11781408ms] [ERROR] WebSocket connection to 'ws://localhost:8083/ws' failed: Error during WebSocket handshake: Unexpected response code: 500 @ http://localhost:8083/assets/workbook-runtime-jy8cebF1.js:0
[11796434ms] [ERROR] WebSocket connection to 'ws://localhost:8083/ws' failed: Error during WebSocket handshake: Unexpected response code: 500 @ http://localhost:8083/assets/workbook-runtime-jy8cebF1.js:0
[11811456ms] [ERROR] WebSocket connection to 'ws://localhost:8083/ws' failed: Error during WebSocket handshake: Unexpected response code: 500 @ http://localhost:8083/assets/workbook-runtime-jy8cebF1.js:0
[11826479ms] [ERROR] WebSocket connection to 'ws://localhost:8083/ws' failed: Error during WebSocket handshake: Unexpected response code: 500 @ http://localhost:8083/assets/workbook-runtime-jy8cebF1.js:0
[11841491ms] [ERROR] WebSocket connection to 'ws://localhost:8083/ws' failed: Error during WebSocket handshake: Unexpected response code: 500 @ http://localhost:8083/assets/workbook-runtime-jy8cebF1.js:0
[11856521ms] [ERROR] WebSocket connection to 'ws://localhost:8083/ws' failed: Error during WebSocket handshake: Unexpected response code: 500 @ http://localhost:8083/assets/workbook-runtime-jy8cebF1.js:0
[11871557ms] [ERROR] WebSocket connection to 'ws://localhost:8083/ws' failed: Error during WebSocket handshake: Unexpected response code: 500 @ http://localhost:8083/assets/workbook-runtime-jy8cebF1.js:0
[11886593ms] [ERROR] WebSocket connection to 'ws://localhost:8083/ws' failed: Error during WebSocket handshake: Unexpected response code: 500 @ http://localhost:8083/assets/workbook-runtime-jy8cebF1.js:0
[11901615ms] [ERROR] WebSocket connection to 'ws://localhost:8083/ws' failed: Error during WebSocket handshake: Unexpected response code: 500 @ http://localhost:8083/assets/workbook-runtime-jy8cebF1.js:0
[11916659ms] [ERROR] WebSocket connection to 'ws://localhost:8083/ws' failed: Error during WebSocket handshake: Unexpected response code: 500 @ http://localhost:8083/assets/workbook-runtime-jy8cebF1.js:0
[11931677ms] [ERROR] WebSocket connection to 'ws://localhost:8083/ws' failed: Error during WebSocket handshake: Unexpected response code: 500 @ http://localhost:8083/assets/workbook-runtime-jy8cebF1.js:0
[11946688ms] [ERROR] WebSocket connection to 'ws://localhost:8083/ws' failed: Error in connection establishment: net::ERR_CONNECTION_REFUSED @ http://localhost:8083/assets/workbook-runtime-jy8cebF1.js:0
[11961711ms] [ERROR] WebSocket connection to 'ws://localhost:8083/ws' failed: Error in connection establishment: net::ERR_CONNECTION_REFUSED @ http://localhost:8083/assets/workbook-runtime-jy8cebF1.js:0
[11976727ms] [ERROR] WebSocket connection to 'ws://localhost:8083/ws' failed: Error in connection establishment: net::ERR_CONNECTION_REFUSED @ http://localhost:8083/assets/workbook-runtime-jy8cebF1.js:0
[11991752ms] [ERROR] WebSocket connection to 'ws://localhost:8083/ws' failed: Error in connection establishment: net::ERR_CONNECTION_REFUSED @ http://localhost:8083/assets/workbook-runtime-jy8cebF1.js:0
[12006782ms] [ERROR] WebSocket connection to 'ws://localhost:8083/ws' failed: Error in connection establishment: net::ERR_CONNECTION_REFUSED @ http://localhost:8083/assets/workbook-runtime-jy8cebF1.js:0
[12021805ms] [ERROR] WebSocket connection to 'ws://localhost:8083/ws' failed: Error in connection establishment: net::ERR_CONNECTION_REFUSED @ http://localhost:8083/assets/workbook-runtime-jy8cebF1.js:0
[12036839ms] [ERROR] WebSocket connection to 'ws://localhost:8083/ws' failed: Error during WebSocket handshake: Unexpected response code: 500 @ http://localhost:8083/assets/workbook-runtime-jy8cebF1.js:0
[12051875ms] [ERROR] WebSocket connection to 'ws://localhost:8083/ws' failed: Error during WebSocket handshake: Unexpected response code: 500 @ http://localhost:8083/assets/workbook-runtime-jy8cebF1.js:0
[12066918ms] [ERROR] WebSocket connection to 'ws://localhost:8083/ws' failed: Error during WebSocket handshake: Unexpected response code: 500 @ http://localhost:8083/assets/workbook-runtime-jy8cebF1.js:0
[12081949ms] [ERROR] WebSocket connection to 'ws://localhost:8083/ws' failed: Error during WebSocket handshake: Unexpected response code: 500 @ http://localhost:8083/assets/workbook-runtime-jy8cebF1.js:0
[12096978ms] [ERROR] WebSocket connection to 'ws://localhost:8083/ws' failed: Error during WebSocket handshake: Unexpected response code: 500 @ http://localhost:8083/assets/workbook-runtime-jy8cebF1.js:0
[12112002ms] [ERROR] WebSocket connection to 'ws://localhost:8083/ws' failed: Error during WebSocket handshake: Unexpected response code: 500 @ http://localhost:8083/assets/workbook-runtime-jy8cebF1.js:0
[12127050ms] [ERROR] WebSocket connection to 'ws://localhost:8083/ws' failed: Error in connection establishment: net::ERR_CONNECTION_REFUSED @ http://localhost:8083/assets/workbook-runtime-jy8cebF1.js:0
[12142068ms] [ERROR] WebSocket connection to 'ws://localhost:8083/ws' failed: Error in connection establishment: net::ERR_CONNECTION_REFUSED @ http://localhost:8083/assets/workbook-runtime-jy8cebF1.js:0
[12157158ms] [ERROR] WebSocket connection to 'ws://localhost:8083/ws' failed: Error in connection establishment: net::ERR_CONNECTION_REFUSED @ http://localhost:8083/assets/workbook-runtime-jy8cebF1.js:0
[12172185ms] [ERROR] WebSocket connection to 'ws://localhost:8083/ws' failed: Error in connection establishment: net::ERR_CONNECTION_REFUSED @ http://localhost:8083/assets/workbook-runtime-jy8cebF1.js:0
[12187195ms] [ERROR] WebSocket connection to 'ws://localhost:8083/ws' failed: Error in connection establishment: net::ERR_CONNECTION_REFUSED @ http://localhost:8083/assets/workbook-runtime-jy8cebF1.js:0
[12202208ms] [ERROR] WebSocket connection to 'ws://localhost:8083/ws' failed: Error in connection establishment: net::ERR_CONNECTION_REFUSED @ http://localhost:8083/assets/workbook-runtime-jy8cebF1.js:0
[12217219ms] [ERROR] WebSocket connection to 'ws://localhost:8083/ws' failed: Error in connection establishment: net::ERR_CONNECTION_REFUSED @ http://localhost:8083/assets/workbook-runtime-jy8cebF1.js:0
[12232238ms] [ERROR] WebSocket connection to 'ws://localhost:8083/ws' failed: Error in connection establishment: net::ERR_CONNECTION_REFUSED @ http://localhost:8083/assets/workbook-runtime-jy8cebF1.js:0
[12247266ms] [ERROR] WebSocket connection to 'ws://localhost:8083/ws' failed: Error in connection establishment: net::ERR_CONNECTION_REFUSED @ http://localhost:8083/assets/workbook-runtime-jy8cebF1.js:0
[12262297ms] [ERROR] WebSocket connection to 'ws://localhost:8083/ws' failed: Error in connection establishment: net::ERR_CONNECTION_REFUSED @ http://localhost:8083/assets/workbook-runtime-jy8cebF1.js:0
[12277329ms] [ERROR] WebSocket connection to 'ws://localhost:8083/ws' failed: Error in connection establishment: net::ERR_CONNECTION_REFUSED @ http://localhost:8083/assets/workbook-runtime-jy8cebF1.js:0
[12292346ms] [ERROR] WebSocket connection to 'ws://localhost:8083/ws' failed: Error in connection establishment: net::ERR_CONNECTION_REFUSED @ http://localhost:8083/assets/workbook-runtime-jy8cebF1.js:0
[12307361ms] [ERROR] WebSocket connection to 'ws://localhost:8083/ws' failed: Error in connection establishment: net::ERR_CONNECTION_REFUSED @ http://localhost:8083/assets/workbook-runtime-jy8cebF1.js:0
[12322381ms] [ERROR] WebSocket connection to 'ws://localhost:8083/ws' failed: Error in connection establishment: net::ERR_CONNECTION_REFUSED @ http://localhost:8083/assets/workbook-runtime-jy8cebF1.js:0
[12337410ms] [ERROR] WebSocket connection to 'ws://localhost:8083/ws' failed: Error in connection establishment: net::ERR_CONNECTION_REFUSED @ http://localhost:8083/assets/workbook-runtime-jy8cebF1.js:0
[12352430ms] [ERROR] WebSocket connection to 'ws://localhost:8083/ws' failed: Error in connection establishment: net::ERR_CONNECTION_REFUSED @ http://localhost:8083/assets/workbook-runtime-jy8cebF1.js:0
[12367450ms] [ERROR] WebSocket connection to 'ws://localhost:8083/ws' failed: Error in connection establishment: net::ERR_CONNECTION_REFUSED @ http://localhost:8083/assets/workbook-runtime-jy8cebF1.js:0
[12382482ms] [ERROR] WebSocket connection to 'ws://localhost:8083/ws' failed: Error in connection establishment: net::ERR_CONNECTION_REFUSED @ http://localhost:8083/assets/workbook-runtime-jy8cebF1.js:0
[12397511ms] [ERROR] WebSocket connection to 'ws://localhost:8083/ws' failed: Error in connection establishment: net::ERR_CONNECTION_REFUSED @ http://localhost:8083/assets/workbook-runtime-jy8cebF1.js:0
[12412529ms] [ERROR] WebSocket connection to 'ws://localhost:8083/ws' failed: Error in connection establishment: net::ERR_CONNECTION_REFUSED @ http://localhost:8083/assets/workbook-runtime-jy8cebF1.js:0
[12427543ms] [ERROR] WebSocket connection to 'ws://localhost:8083/ws' failed: Error in connection establishment: net::ERR_CONNECTION_REFUSED @ http://localhost:8083/assets/workbook-runtime-jy8cebF1.js:0
[12442566ms] [ERROR] WebSocket connection to 'ws://localhost:8083/ws' failed: Error in connection establishment: net::ERR_CONNECTION_REFUSED @ http://localhost:8083/assets/workbook-runtime-jy8cebF1.js:0
[12457592ms] [ERROR] WebSocket connection to 'ws://localhost:8083/ws' failed: Error in connection establishment: net::ERR_CONNECTION_REFUSED @ http://localhost:8083/assets/workbook-runtime-jy8cebF1.js:0
[12472624ms] [ERROR] WebSocket connection to 'ws://localhost:8083/ws' failed: Error in connection establishment: net::ERR_CONNECTION_REFUSED @ http://localhost:8083/assets/workbook-runtime-jy8cebF1.js:0
[12487633ms] [ERROR] WebSocket connection to 'ws://localhost:8083/ws' failed: Error in connection establishment: net::ERR_CONNECTION_REFUSED @ http://localhost:8083/assets/workbook-runtime-jy8cebF1.js:0
[12502658ms] [ERROR] WebSocket connection to 'ws://localhost:8083/ws' failed: Error in connection establishment: net::ERR_CONNECTION_REFUSED @ http://localhost:8083/assets/workbook-runtime-jy8cebF1.js:0
[12517683ms] [ERROR] WebSocket connection to 'ws://localhost:8083/ws' failed: Error in connection establishment: net::ERR_CONNECTION_REFUSED @ http://localhost:8083/assets/workbook-runtime-jy8cebF1.js:0
[12532696ms] [ERROR] WebSocket connection to 'ws://localhost:8083/ws' failed: Error in connection establishment: net::ERR_CONNECTION_REFUSED @ http://localhost:8083/assets/workbook-runtime-jy8cebF1.js:0
[12547711ms] [ERROR] WebSocket connection to 'ws://localhost:8083/ws' failed: Error in connection establishment: net::ERR_CONNECTION_REFUSED @ http://localhost:8083/assets/workbook-runtime-jy8cebF1.js:0
[12562731ms] [ERROR] WebSocket connection to 'ws://localhost:8083/ws' failed: Error in connection establishment: net::ERR_CONNECTION_REFUSED @ http://localhost:8083/assets/workbook-runtime-jy8cebF1.js:0
[12577742ms] [ERROR] WebSocket connection to 'ws://localhost:8083/ws' failed: Error in connection establishment: net::ERR_CONNECTION_REFUSED @ http://localhost:8083/assets/workbook-runtime-jy8cebF1.js:0
[12592761ms] [ERROR] WebSocket connection to 'ws://localhost:8083/ws' failed: Error in connection establishment: net::ERR_CONNECTION_REFUSED @ http://localhost:8083/assets/workbook-runtime-jy8cebF1.js:0
[12607799ms] [ERROR] WebSocket connection to 'ws://localhost:8083/ws' failed: Error in connection establishment: net::ERR_CONNECTION_REFUSED @ http://localhost:8083/assets/workbook-runtime-jy8cebF1.js:0
[12622823ms] [ERROR] WebSocket connection to 'ws://localhost:8083/ws' failed: Error in connection establishment: net::ERR_CONNECTION_REFUSED @ http://localhost:8083/assets/workbook-runtime-jy8cebF1.js:0
[12637842ms] [ERROR] WebSocket connection to 'ws://localhost:8083/ws' failed: Error in connection establishment: net::ERR_CONNECTION_REFUSED @ http://localhost:8083/assets/workbook-runtime-jy8cebF1.js:0
[12652850ms] [ERROR] WebSocket connection to 'ws://localhost:8083/ws' failed: Error in connection establishment: net::ERR_CONNECTION_REFUSED @ http://localhost:8083/assets/workbook-runtime-jy8cebF1.js:0
[12667865ms] [ERROR] WebSocket connection to 'ws://localhost:8083/ws' failed: Error in connection establishment: net::ERR_CONNECTION_REFUSED @ http://localhost:8083/assets/workbook-runtime-jy8cebF1.js:0
[12682874ms] [ERROR] WebSocket connection to 'ws://localhost:8083/ws' failed: Error in connection establishment: net::ERR_CONNECTION_REFUSED @ http://localhost:8083/assets/workbook-runtime-jy8cebF1.js:0
[12697897ms] [ERROR] WebSocket connection to 'ws://localhost:8083/ws' failed: Error in connection establishment: net::ERR_CONNECTION_REFUSED @ http://localhost:8083/assets/workbook-runtime-jy8cebF1.js:0
[12712917ms] [ERROR] WebSocket connection to 'ws://localhost:8083/ws' failed: Error in connection establishment: net::ERR_CONNECTION_REFUSED @ http://localhost:8083/assets/workbook-runtime-jy8cebF1.js:0
[12727941ms] [ERROR] WebSocket connection to 'ws://localhost:8083/ws' failed: Error in connection establishment: net::ERR_CONNECTION_REFUSED @ http://localhost:8083/assets/workbook-runtime-jy8cebF1.js:0
[12742960ms] [ERROR] WebSocket connection to 'ws://localhost:8083/ws' failed: Error in connection establishment: net::ERR_CONNECTION_REFUSED @ http://localhost:8083/assets/workbook-runtime-jy8cebF1.js:0
[12757984ms] [ERROR] WebSocket connection to 'ws://localhost:8083/ws' failed: Error in connection establishment: net::ERR_CONNECTION_REFUSED @ http://localhost:8083/assets/workbook-runtime-jy8cebF1.js:0
[12773002ms] [ERROR] WebSocket connection to 'ws://localhost:8083/ws' failed: Error in connection establishment: net::ERR_CONNECTION_REFUSED @ http://localhost:8083/assets/workbook-runtime-jy8cebF1.js:0
[12788017ms] [ERROR] WebSocket connection to 'ws://localhost:8083/ws' failed: Error in connection establishment: net::ERR_CONNECTION_REFUSED @ http://localhost:8083/assets/workbook-runtime-jy8cebF1.js:0
[12803042ms] [ERROR] WebSocket connection to 'ws://localhost:8083/ws' failed: Error in connection establishment: net::ERR_CONNECTION_REFUSED @ http://localhost:8083/assets/workbook-runtime-jy8cebF1.js:0
[12818066ms] [ERROR] WebSocket connection to 'ws://localhost:8083/ws' failed: Error in connection establishment: net::ERR_CONNECTION_REFUSED @ http://localhost:8083/assets/workbook-runtime-jy8cebF1.js:0
[12833086ms] [ERROR] WebSocket connection to 'ws://localhost:8083/ws' failed: Error in connection establishment: net::ERR_CONNECTION_REFUSED @ http://localhost:8083/assets/workbook-runtime-jy8cebF1.js:0
[12848117ms] [ERROR] WebSocket connection to 'ws://localhost:8083/ws' failed: Error in connection establishment: net::ERR_CONNECTION_REFUSED @ http://localhost:8083/assets/workbook-runtime-jy8cebF1.js:0
[12863135ms] [ERROR] WebSocket connection to 'ws://localhost:8083/ws' failed: Error in connection establishment: net::ERR_CONNECTION_REFUSED @ http://localhost:8083/assets/workbook-runtime-jy8cebF1.js:0
[12878160ms] [ERROR] WebSocket connection to 'ws://localhost:8083/ws' failed: Error in connection establishment: net::ERR_CONNECTION_REFUSED @ http://localhost:8083/assets/workbook-runtime-jy8cebF1.js:0
[12893175ms] [ERROR] WebSocket connection to 'ws://localhost:8083/ws' failed: Error in connection establishment: net::ERR_CONNECTION_REFUSED @ http://localhost:8083/assets/workbook-runtime-jy8cebF1.js:0
[12908188ms] [ERROR] WebSocket connection to 'ws://localhost:8083/ws' failed: Error in connection establishment: net::ERR_CONNECTION_REFUSED @ http://localhost:8083/assets/workbook-runtime-jy8cebF1.js:0
[12923211ms] [ERROR] WebSocket connection to 'ws://localhost:8083/ws' failed: Error in connection establishment: net::ERR_CONNECTION_REFUSED @ http://localhost:8083/assets/workbook-runtime-jy8cebF1.js:0
[12938229ms] [ERROR] WebSocket connection to 'ws://localhost:8083/ws' failed: Error in connection establishment: net::ERR_CONNECTION_REFUSED @ http://localhost:8083/assets/workbook-runtime-jy8cebF1.js:0
[12953249ms] [ERROR] WebSocket connection to 'ws://localhost:8083/ws' failed: Error in connection establishment: net::ERR_CONNECTION_REFUSED @ http://localhost:8083/assets/workbook-runtime-jy8cebF1.js:0
[12968278ms] [ERROR] WebSocket connection to 'ws://localhost:8083/ws' failed: Error in connection establishment: net::ERR_CONNECTION_REFUSED @ http://localhost:8083/assets/workbook-runtime-jy8cebF1.js:0
[12983309ms] [ERROR] WebSocket connection to 'ws://localhost:8083/ws' failed: Error in connection establishment: net::ERR_CONNECTION_REFUSED @ http://localhost:8083/assets/workbook-runtime-jy8cebF1.js:0
[12998330ms] [ERROR] WebSocket connection to 'ws://localhost:8083/ws' failed: Error in connection establishment: net::ERR_CONNECTION_REFUSED @ http://localhost:8083/assets/workbook-runtime-jy8cebF1.js:0
[13013349ms] [ERROR] WebSocket connection to 'ws://localhost:8083/ws' failed: Error in connection establishment: net::ERR_CONNECTION_REFUSED @ http://localhost:8083/assets/workbook-runtime-jy8cebF1.js:0
[13028375ms] [ERROR] WebSocket connection to 'ws://localhost:8083/ws' failed: Error in connection establishment: net::ERR_CONNECTION_REFUSED @ http://localhost:8083/assets/workbook-runtime-jy8cebF1.js:0
[13043402ms] [ERROR] WebSocket connection to 'ws://localhost:8083/ws' failed: Error in connection establishment: net::ERR_CONNECTION_REFUSED @ http://localhost:8083/assets/workbook-runtime-jy8cebF1.js:0
[13058425ms] [ERROR] WebSocket connection to 'ws://localhost:8083/ws' failed: Error in connection establishment: net::ERR_CONNECTION_REFUSED @ http://localhost:8083/assets/workbook-runtime-jy8cebF1.js:0
[13073448ms] [ERROR] WebSocket connection to 'ws://localhost:8083/ws' failed: Error in connection establishment: net::ERR_CONNECTION_REFUSED @ http://localhost:8083/assets/workbook-runtime-jy8cebF1.js:0
[13088469ms] [ERROR] WebSocket connection to 'ws://localhost:8083/ws' failed: Error in connection establishment: net::ERR_CONNECTION_REFUSED @ http://localhost:8083/assets/workbook-runtime-jy8cebF1.js:0
[13103508ms] [ERROR] WebSocket connection to 'ws://localhost:8083/ws' failed: Error in connection establishment: net::ERR_CONNECTION_REFUSED @ http://localhost:8083/assets/workbook-runtime-jy8cebF1.js:0
[13118569ms] [ERROR] WebSocket connection to 'ws://localhost:8083/ws' failed: Error in connection establishment: net::ERR_CONNECTION_REFUSED @ http://localhost:8083/assets/workbook-runtime-jy8cebF1.js:0
[13133588ms] [ERROR] WebSocket connection to 'ws://localhost:8083/ws' failed: Error in connection establishment: net::ERR_CONNECTION_REFUSED @ http://localhost:8083/assets/workbook-runtime-jy8cebF1.js:0
[13148600ms] [ERROR] WebSocket connection to 'ws://localhost:8083/ws' failed: Error in connection establishment: net::ERR_CONNECTION_REFUSED @ http://localhost:8083/assets/workbook-runtime-jy8cebF1.js:0
[13163639ms] [ERROR] WebSocket connection to 'ws://localhost:8083/ws' failed: Error in connection establishment: net::ERR_CONNECTION_REFUSED @ http://localhost:8083/assets/workbook-runtime-jy8cebF1.js:0
[13178651ms] [ERROR] WebSocket connection to 'ws://localhost:8083/ws' failed: Error in connection establishment: net::ERR_CONNECTION_REFUSED @ http://localhost:8083/assets/workbook-runtime-jy8cebF1.js:0
[13193672ms] [ERROR] WebSocket connection to 'ws://localhost:8083/ws' failed: Error in connection establishment: net::ERR_CONNECTION_REFUSED @ http://localhost:8083/assets/workbook-runtime-jy8cebF1.js:0
[13208698ms] [ERROR] WebSocket connection to 'ws://localhost:8083/ws' failed: Error in connection establishment: net::ERR_CONNECTION_REFUSED @ http://localhost:8083/assets/workbook-runtime-jy8cebF1.js:0
[13223723ms] [ERROR] WebSocket connection to 'ws://localhost:8083/ws' failed: Error in connection establishment: net::ERR_CONNECTION_REFUSED @ http://localhost:8083/assets/workbook-runtime-jy8cebF1.js:0
[13238757ms] [ERROR] WebSocket connection to 'ws://localhost:8083/ws' failed: Error in connection establishment: net::ERR_CONNECTION_REFUSED @ http://localhost:8083/assets/workbook-runtime-jy8cebF1.js:0
[13253769ms] [ERROR] WebSocket connection to 'ws://localhost:8083/ws' failed: Error in connection establishment: net::ERR_CONNECTION_REFUSED @ http://localhost:8083/assets/workbook-runtime-jy8cebF1.js:0
[13268783ms] [ERROR] WebSocket connection to 'ws://localhost:8083/ws' failed: Error in connection establishment: net::ERR_CONNECTION_REFUSED @ http://localhost:8083/assets/workbook-runtime-jy8cebF1.js:0
[13283811ms] [ERROR] WebSocket connection to 'ws://localhost:8083/ws' failed: Error in connection establishment: net::ERR_CONNECTION_REFUSED @ http://localhost:8083/assets/workbook-runtime-jy8cebF1.js:0
[13298833ms] [ERROR] WebSocket connection to 'ws://localhost:8083/ws' failed: Error in connection establishment: net::ERR_CONNECTION_REFUSED @ http://localhost:8083/assets/workbook-runtime-jy8cebF1.js:0
[13313849ms] [ERROR] WebSocket connection to 'ws://localhost:8083/ws' failed: Error in connection establishment: net::ERR_CONNECTION_REFUSED @ http://localhost:8083/assets/workbook-runtime-jy8cebF1.js:0
[13328870ms] [ERROR] WebSocket connection to 'ws://localhost:8083/ws' failed: Error in connection establishment: net::ERR_CONNECTION_REFUSED @ http://localhost:8083/assets/workbook-runtime-jy8cebF1.js:0
[13343897ms] [ERROR] WebSocket connection to 'ws://localhost:8083/ws' failed: Error in connection establishment: net::ERR_CONNECTION_REFUSED @ http://localhost:8083/assets/workbook-runtime-jy8cebF1.js:0
[13358930ms] [ERROR] WebSocket connection to 'ws://localhost:8083/ws' failed: Error in connection establishment: net::ERR_CONNECTION_REFUSED @ http://localhost:8083/assets/workbook-runtime-jy8cebF1.js:0
[13373958ms] [ERROR] WebSocket connection to 'ws://localhost:8083/ws' failed: Error in connection establishment: net::ERR_CONNECTION_REFUSED @ http://localhost:8083/assets/workbook-runtime-jy8cebF1.js:0
[13388974ms] [ERROR] WebSocket connection to 'ws://localhost:8083/ws' failed: Error in connection establishment: net::ERR_CONNECTION_REFUSED @ http://localhost:8083/assets/workbook-runtime-jy8cebF1.js:0
[13403992ms] [ERROR] WebSocket connection to 'ws://localhost:8083/ws' failed: Error in connection establishment: net::ERR_CONNECTION_REFUSED @ http://localhost:8083/assets/workbook-runtime-jy8cebF1.js:0
[13419015ms] [ERROR] WebSocket connection to 'ws://localhost:8083/ws' failed: Error in connection establishment: net::ERR_CONNECTION_REFUSED @ http://localhost:8083/assets/workbook-runtime-jy8cebF1.js:0
[13434028ms] [ERROR] WebSocket connection to 'ws://localhost:8083/ws' failed: Error in connection establishment: net::ERR_CONNECTION_REFUSED @ http://localhost:8083/assets/workbook-runtime-jy8cebF1.js:0
[13449059ms] [ERROR] WebSocket connection to 'ws://localhost:8083/ws' failed: Error in connection establishment: net::ERR_CONNECTION_REFUSED @ http://localhost:8083/assets/workbook-runtime-jy8cebF1.js:0
[13464091ms] [ERROR] WebSocket connection to 'ws://localhost:8083/ws' failed: Error in connection establishment: net::ERR_CONNECTION_REFUSED @ http://localhost:8083/assets/workbook-runtime-jy8cebF1.js:0
[13479118ms] [ERROR] WebSocket connection to 'ws://localhost:8083/ws' failed: Error in connection establishment: net::ERR_CONNECTION_REFUSED @ http://localhost:8083/assets/workbook-runtime-jy8cebF1.js:0
[13494140ms] [ERROR] WebSocket connection to 'ws://localhost:8083/ws' failed: Error in connection establishment: net::ERR_CONNECTION_REFUSED @ http://localhost:8083/assets/workbook-runtime-jy8cebF1.js:0
[13509159ms] [ERROR] WebSocket connection to 'ws://localhost:8083/ws' failed: Error in connection establishment: net::ERR_CONNECTION_REFUSED @ http://localhost:8083/assets/workbook-runtime-jy8cebF1.js:0
[13524180ms] [ERROR] WebSocket connection to 'ws://localhost:8083/ws' failed: Error in connection establishment: net::ERR_CONNECTION_REFUSED @ http://localhost:8083/assets/workbook-runtime-jy8cebF1.js:0
[13539216ms] [ERROR] WebSocket connection to 'ws://localhost:8083/ws' failed: Error during WebSocket handshake: Unexpected response code: 500 @ http://localhost:8083/assets/workbook-runtime-jy8cebF1.js:0
[13554250ms] [ERROR] WebSocket connection to 'ws://localhost:8083/ws' failed: Error during WebSocket handshake: Unexpected response code: 500 @ http://localhost:8083/assets/workbook-runtime-jy8cebF1.js:0
[13569287ms] [ERROR] WebSocket connection to 'ws://localhost:8083/ws' failed: Error during WebSocket handshake: Unexpected response code: 500 @ http://localhost:8083/assets/workbook-runtime-jy8cebF1.js:0
[13584325ms] [ERROR] WebSocket connection to 'ws://localhost:8083/ws' failed: Error during WebSocket handshake: Unexpected response code: 500 @ http://localhost:8083/assets/workbook-runtime-jy8cebF1.js:0
[13599352ms] [ERROR] WebSocket connection to 'ws://localhost:8083/ws' failed: Error during WebSocket handshake: Unexpected response code: 500 @ http://localhost:8083/assets/workbook-runtime-jy8cebF1.js:0
[13614371ms] [ERROR] WebSocket connection to 'ws://localhost:8083/ws' failed: Error during WebSocket handshake: Unexpected response code: 500 @ http://localhost:8083/assets/workbook-runtime-jy8cebF1.js:0
[13629405ms] [ERROR] WebSocket connection to 'ws://localhost:8083/ws' failed: Error during WebSocket handshake: Unexpected response code: 500 @ http://localhost:8083/assets/workbook-runtime-jy8cebF1.js:0
[13644434ms] [ERROR] WebSocket connection to 'ws://localhost:8083/ws' failed: Error during WebSocket handshake: Unexpected response code: 500 @ http://localhost:8083/assets/workbook-runtime-jy8cebF1.js:0
[13659463ms] [ERROR] WebSocket connection to 'ws://localhost:8083/ws' failed: Error during WebSocket handshake: Unexpected response code: 500 @ http://localhost:8083/assets/workbook-runtime-jy8cebF1.js:0
[13674487ms] [ERROR] WebSocket connection to 'ws://localhost:8083/ws' failed: Error during WebSocket handshake: Unexpected response code: 500 @ http://localhost:8083/assets/workbook-runtime-jy8cebF1.js:0
[13689521ms] [ERROR] WebSocket connection to 'ws://localhost:8083/ws' failed: Error during WebSocket handshake: Unexpected response code: 500 @ http://localhost:8083/assets/workbook-runtime-jy8cebF1.js:0
[13704555ms] [ERROR] WebSocket connection to 'ws://localhost:8083/ws' failed: Error during WebSocket handshake: Unexpected response code: 500 @ http://localhost:8083/assets/workbook-runtime-jy8cebF1.js:0
[13719581ms] [ERROR] WebSocket connection to 'ws://localhost:8083/ws' failed: Error during WebSocket handshake: Unexpected response code: 500 @ http://localhost:8083/assets/workbook-runtime-jy8cebF1.js:0
[13734607ms] [ERROR] WebSocket connection to 'ws://localhost:8083/ws' failed: Error during WebSocket handshake: Unexpected response code: 500 @ http://localhost:8083/assets/workbook-runtime-jy8cebF1.js:0
[13749632ms] [ERROR] WebSocket connection to 'ws://localhost:8083/ws' failed: Error during WebSocket handshake: Unexpected response code: 500 @ http://localhost:8083/assets/workbook-runtime-jy8cebF1.js:0
[13764661ms] [ERROR] WebSocket connection to 'ws://localhost:8083/ws' failed: Error during WebSocket handshake: Unexpected response code: 500 @ http://localhost:8083/assets/workbook-runtime-jy8cebF1.js:0
[13779688ms] [ERROR] WebSocket connection to 'ws://localhost:8083/ws' failed: Error during WebSocket handshake: Unexpected response code: 500 @ http://localhost:8083/assets/workbook-runtime-jy8cebF1.js:0
[13794716ms] [ERROR] WebSocket connection to 'ws://localhost:8083/ws' failed: Error during WebSocket handshake: Unexpected response code: 500 @ http://localhost:8083/assets/workbook-runtime-jy8cebF1.js:0
[13809739ms] [ERROR] WebSocket connection to 'ws://localhost:8083/ws' failed: Error during WebSocket handshake: Unexpected response code: 500 @ http://localhost:8083/assets/workbook-runtime-jy8cebF1.js:0
[13824766ms] [ERROR] WebSocket connection to 'ws://localhost:8083/ws' failed: Error during WebSocket handshake: Unexpected response code: 500 @ http://localhost:8083/assets/workbook-runtime-jy8cebF1.js:0
[13839799ms] [ERROR] WebSocket connection to 'ws://localhost:8083/ws' failed: Error during WebSocket handshake: Unexpected response code: 500 @ http://localhost:8083/assets/workbook-runtime-jy8cebF1.js:0
[13854826ms] [ERROR] WebSocket connection to 'ws://localhost:8083/ws' failed: Error during WebSocket handshake: Unexpected response code: 500 @ http://localhost:8083/assets/workbook-runtime-jy8cebF1.js:0
[13869847ms] [ERROR] WebSocket connection to 'ws://localhost:8083/ws' failed: Error in connection establishment: net::ERR_CONNECTION_REFUSED @ http://localhost:8083/assets/workbook-runtime-jy8cebF1.js:0
[13884862ms] [ERROR] WebSocket connection to 'ws://localhost:8083/ws' failed: Error in connection establishment: net::ERR_CONNECTION_REFUSED @ http://localhost:8083/assets/workbook-runtime-jy8cebF1.js:0
[13899879ms] [ERROR] WebSocket connection to 'ws://localhost:8083/ws' failed: Error in connection establishment: net::ERR_CONNECTION_REFUSED @ http://localhost:8083/assets/workbook-runtime-jy8cebF1.js:0
[13914912ms] [ERROR] WebSocket connection to 'ws://localhost:8083/ws' failed: Error in connection establishment: net::ERR_CONNECTION_REFUSED @ http://localhost:8083/assets/workbook-runtime-jy8cebF1.js:0
[13929934ms] [ERROR] WebSocket connection to 'ws://localhost:8083/ws' failed: Error in connection establishment: net::ERR_CONNECTION_REFUSED @ http://localhost:8083/assets/workbook-runtime-jy8cebF1.js:0
[13944949ms] [ERROR] WebSocket connection to 'ws://localhost:8083/ws' failed: Error in connection establishment: net::ERR_CONNECTION_REFUSED @ http://localhost:8083/assets/workbook-runtime-jy8cebF1.js:0
[13959981ms] [ERROR] WebSocket connection to 'ws://localhost:8083/ws' failed: Error in connection establishment: net::ERR_CONNECTION_REFUSED @ http://localhost:8083/assets/workbook-runtime-jy8cebF1.js:0
[13974999ms] [ERROR] WebSocket connection to 'ws://localhost:8083/ws' failed: Error in connection establishment: net::ERR_CONNECTION_REFUSED @ http://localhost:8083/assets/workbook-runtime-jy8cebF1.js:0
[13990013ms] [ERROR] WebSocket connection to 'ws://localhost:8083/ws' failed: Error in connection establishment: net::ERR_CONNECTION_REFUSED @ http://localhost:8083/assets/workbook-runtime-jy8cebF1.js:0
[14005036ms] [ERROR] WebSocket connection to 'ws://localhost:8083/ws' failed: Error in connection establishment: net::ERR_CONNECTION_REFUSED @ http://localhost:8083/assets/workbook-runtime-jy8cebF1.js:0
[14020060ms] [ERROR] WebSocket connection to 'ws://localhost:8083/ws' failed: Error in connection establishment: net::ERR_CONNECTION_REFUSED @ http://localhost:8083/assets/workbook-runtime-jy8cebF1.js:0
[14035077ms] [ERROR] WebSocket connection to 'ws://localhost:8083/ws' failed: Error in connection establishment: net::ERR_CONNECTION_REFUSED @ http://localhost:8083/assets/workbook-runtime-jy8cebF1.js:0
[14050106ms] [ERROR] WebSocket connection to 'ws://localhost:8083/ws' failed: Error in connection establishment: net::ERR_CONNECTION_REFUSED @ http://localhost:8083/assets/workbook-runtime-jy8cebF1.js:0
[14065129ms] [ERROR] WebSocket connection to 'ws://localhost:8083/ws' failed: Error in connection establishment: net::ERR_CONNECTION_REFUSED @ http://localhost:8083/assets/workbook-runtime-jy8cebF1.js:0
[14080160ms] [ERROR] WebSocket connection to 'ws://localhost:8083/ws' failed: Error in connection establishment: net::ERR_CONNECTION_REFUSED @ http://localhost:8083/assets/workbook-runtime-jy8cebF1.js:0
[14095188ms] [ERROR] WebSocket connection to 'ws://localhost:8083/ws' failed: Error in connection establishment: net::ERR_CONNECTION_REFUSED @ http://localhost:8083/assets/workbook-runtime-jy8cebF1.js:0
[14110208ms] [ERROR] WebSocket connection to 'ws://localhost:8083/ws' failed: Error in connection establishment: net::ERR_CONNECTION_REFUSED @ http://localhost:8083/assets/workbook-runtime-jy8cebF1.js:0
[14125233ms] [ERROR] WebSocket connection to 'ws://localhost:8083/ws' failed: Error in connection establishment: net::ERR_CONNECTION_REFUSED @ http://localhost:8083/assets/workbook-runtime-jy8cebF1.js:0
[14140250ms] [ERROR] WebSocket connection to 'ws://localhost:8083/ws' failed: Error in connection establishment: net::ERR_CONNECTION_REFUSED @ http://localhost:8083/assets/workbook-runtime-jy8cebF1.js:0
[14155262ms] [ERROR] WebSocket connection to 'ws://localhost:8083/ws' failed: Error in connection establishment: net::ERR_CONNECTION_REFUSED @ http://localhost:8083/assets/workbook-runtime-jy8cebF1.js:0
[14170279ms] [ERROR] WebSocket connection to 'ws://localhost:8083/ws' failed: Error in connection establishment: net::ERR_CONNECTION_REFUSED @ http://localhost:8083/assets/workbook-runtime-jy8cebF1.js:0
[14185307ms] [ERROR] WebSocket connection to 'ws://localhost:8083/ws' failed: Error in connection establishment: net::ERR_CONNECTION_REFUSED @ http://localhost:8083/assets/workbook-runtime-jy8cebF1.js:0
[14200333ms] [ERROR] WebSocket connection to 'ws://localhost:8083/ws' failed: Error in connection establishment: net::ERR_CONNECTION_REFUSED @ http://localhost:8083/assets/workbook-runtime-jy8cebF1.js:0
[14215350ms] [ERROR] WebSocket connection to 'ws://localhost:8083/ws' failed: Error in connection establishment: net::ERR_CONNECTION_REFUSED @ http://localhost:8083/assets/workbook-runtime-jy8cebF1.js:0
[14230357ms] [ERROR] WebSocket connection to 'ws://localhost:8083/ws' failed: Error in connection establishment: net::ERR_CONNECTION_REFUSED @ http://localhost:8083/assets/workbook-runtime-jy8cebF1.js:0
[14245373ms] [ERROR] WebSocket connection to 'ws://localhost:8083/ws' failed: Error in connection establishment: net::ERR_CONNECTION_REFUSED @ http://localhost:8083/assets/workbook-runtime-jy8cebF1.js:0
[14260390ms] [ERROR] WebSocket connection to 'ws://localhost:8083/ws' failed: Error in connection establishment: net::ERR_CONNECTION_REFUSED @ http://localhost:8083/assets/workbook-runtime-jy8cebF1.js:0
[14275398ms] [ERROR] WebSocket connection to 'ws://localhost:8083/ws' failed: Error in connection establishment: net::ERR_CONNECTION_REFUSED @ http://localhost:8083/assets/workbook-runtime-jy8cebF1.js:0
[14290410ms] [ERROR] WebSocket connection to 'ws://localhost:8083/ws' failed: Error in connection establishment: net::ERR_CONNECTION_REFUSED @ http://localhost:8083/assets/workbook-runtime-jy8cebF1.js:0
[14305440ms] [ERROR] WebSocket connection to 'ws://localhost:8083/ws' failed: Error in connection establishment: net::ERR_CONNECTION_REFUSED @ http://localhost:8083/assets/workbook-runtime-jy8cebF1.js:0
[14320469ms] [ERROR] WebSocket connection to 'ws://localhost:8083/ws' failed: Error in connection establishment: net::ERR_CONNECTION_REFUSED @ http://localhost:8083/assets/workbook-runtime-jy8cebF1.js:0
[14335492ms] [ERROR] WebSocket connection to 'ws://localhost:8083/ws' failed: Error in connection establishment: net::ERR_CONNECTION_REFUSED @ http://localhost:8083/assets/workbook-runtime-jy8cebF1.js:0
[14350514ms] [ERROR] WebSocket connection to 'ws://localhost:8083/ws' failed: Error in connection establishment: net::ERR_CONNECTION_REFUSED @ http://localhost:8083/assets/workbook-runtime-jy8cebF1.js:0
[14365526ms] [ERROR] WebSocket connection to 'ws://localhost:8083/ws' failed: Error in connection establishment: net::ERR_CONNECTION_REFUSED @ http://localhost:8083/assets/workbook-runtime-jy8cebF1.js:0
[14380548ms] [ERROR] WebSocket connection to 'ws://localhost:8083/ws' failed: Error in connection establishment: net::ERR_CONNECTION_REFUSED @ http://localhost:8083/assets/workbook-runtime-jy8cebF1.js:0
[14395566ms] [ERROR] WebSocket connection to 'ws://localhost:8083/ws' failed: Error in connection establishment: net::ERR_CONNECTION_REFUSED @ http://localhost:8083/assets/workbook-runtime-jy8cebF1.js:0
[14410591ms] [ERROR] WebSocket connection to 'ws://localhost:8083/ws' failed: Error in connection establishment: net::ERR_CONNECTION_REFUSED @ http://localhost:8083/assets/workbook-runtime-jy8cebF1.js:0
[14425620ms] [ERROR] WebSocket connection to 'ws://localhost:8083/ws' failed: Error in connection establishment: net::ERR_CONNECTION_REFUSED @ http://localhost:8083/assets/workbook-runtime-jy8cebF1.js:0
[14440664ms] [ERROR] WebSocket connection to 'ws://localhost:8083/ws' failed: Error in connection establishment: net::ERR_CONNECTION_REFUSED @ http://localhost:8083/assets/workbook-runtime-jy8cebF1.js:0
[14455702ms] [ERROR] WebSocket connection to 'ws://localhost:8083/ws' failed: Error during WebSocket handshake: Unexpected response code: 500 @ http://localhost:8083/assets/workbook-runtime-jy8cebF1.js:0
[14470717ms] [ERROR] WebSocket connection to 'ws://localhost:8083/ws' failed: Error during WebSocket handshake: Unexpected response code: 500 @ http://localhost:8083/assets/workbook-runtime-jy8cebF1.js:0
[14485736ms] [ERROR] WebSocket connection to 'ws://localhost:8083/ws' failed: Error during WebSocket handshake: Unexpected response code: 500 @ http://localhost:8083/assets/workbook-runtime-jy8cebF1.js:0
[14500758ms] [ERROR] WebSocket connection to 'ws://localhost:8083/ws' failed: Error in connection establishment: net::ERR_CONNECTION_REFUSED @ http://localhost:8083/assets/workbook-runtime-jy8cebF1.js:0
[14515805ms] [ERROR] WebSocket connection to 'ws://localhost:8083/ws' failed: Error during WebSocket handshake: Unexpected response code: 500 @ http://localhost:8083/assets/workbook-runtime-jy8cebF1.js:0
[14530833ms] [ERROR] WebSocket connection to 'ws://localhost:8083/ws' failed: Error during WebSocket handshake: Unexpected response code: 500 @ http://localhost:8083/assets/workbook-runtime-jy8cebF1.js:0
[14545864ms] [ERROR] WebSocket connection to 'ws://localhost:8083/ws' failed: Error during WebSocket handshake: Unexpected response code: 500 @ http://localhost:8083/assets/workbook-runtime-jy8cebF1.js:0
[14560899ms] [ERROR] WebSocket connection to 'ws://localhost:8083/ws' failed: Error during WebSocket handshake: Unexpected response code: 500 @ http://localhost:8083/assets/workbook-runtime-jy8cebF1.js:0
[14575928ms] [ERROR] WebSocket connection to 'ws://localhost:8083/ws' failed: Error during WebSocket handshake: Unexpected response code: 500 @ http://localhost:8083/assets/workbook-runtime-jy8cebF1.js:0
[14590957ms] [ERROR] WebSocket connection to 'ws://localhost:8083/ws' failed: Error during WebSocket handshake: Unexpected response code: 500 @ http://localhost:8083/assets/workbook-runtime-jy8cebF1.js:0
[14605984ms] [ERROR] WebSocket connection to 'ws://localhost:8083/ws' failed: Error during WebSocket handshake: Unexpected response code: 500 @ http://localhost:8083/assets/workbook-runtime-jy8cebF1.js:0
[14621010ms] [ERROR] WebSocket connection to 'ws://localhost:8083/ws' failed: Error during WebSocket handshake: Unexpected response code: 500 @ http://localhost:8083/assets/workbook-runtime-jy8cebF1.js:0
[14636041ms] [ERROR] WebSocket connection to 'ws://localhost:8083/ws' failed: Error during WebSocket handshake: Unexpected response code: 500 @ http://localhost:8083/assets/workbook-runtime-jy8cebF1.js:0
[14651060ms] [ERROR] WebSocket connection to 'ws://localhost:8083/ws' failed: Error during WebSocket handshake: Unexpected response code: 500 @ http://localhost:8083/assets/workbook-runtime-jy8cebF1.js:0
[14666086ms] [ERROR] WebSocket connection to 'ws://localhost:8083/ws' failed: Error during WebSocket handshake: Unexpected response code: 500 @ http://localhost:8083/assets/workbook-runtime-jy8cebF1.js:0
[14681122ms] [ERROR] WebSocket connection to 'ws://localhost:8083/ws' failed: Error during WebSocket handshake: Unexpected response code: 500 @ http://localhost:8083/assets/workbook-runtime-jy8cebF1.js:0
[14696135ms] [ERROR] WebSocket connection to 'ws://localhost:8083/ws' failed: Error during WebSocket handshake: Unexpected response code: 500 @ http://localhost:8083/assets/workbook-runtime-jy8cebF1.js:0
[14711159ms] [ERROR] WebSocket connection to 'ws://localhost:8083/ws' failed: Error during WebSocket handshake: Unexpected response code: 500 @ http://localhost:8083/assets/workbook-runtime-jy8cebF1.js:0
[14726174ms] [ERROR] WebSocket connection to 'ws://localhost:8083/ws' failed: Error during WebSocket handshake: Unexpected response code: 500 @ http://localhost:8083/assets/workbook-runtime-jy8cebF1.js:0
[14741194ms] [ERROR] WebSocket connection to 'ws://localhost:8083/ws' failed: Error during WebSocket handshake: Unexpected response code: 500 @ http://localhost:8083/assets/workbook-runtime-jy8cebF1.js:0
[14756216ms] [ERROR] WebSocket connection to 'ws://localhost:8083/ws' failed: Error during WebSocket handshake: Unexpected response code: 500 @ http://localhost:8083/assets/workbook-runtime-jy8cebF1.js:0
[14771239ms] [ERROR] WebSocket connection to 'ws://localhost:8083/ws' failed: Error in connection establishment: net::ERR_CONNECTION_REFUSED @ http://localhost:8083/assets/workbook-runtime-jy8cebF1.js:0
[14786264ms] [ERROR] WebSocket connection to 'ws://localhost:8083/ws' failed: Error in connection establishment: net::ERR_CONNECTION_REFUSED @ http://localhost:8083/assets/workbook-runtime-jy8cebF1.js:0
[14801289ms] [ERROR] WebSocket connection to 'ws://localhost:8083/ws' failed: Error in connection establishment: net::ERR_CONNECTION_REFUSED @ http://localhost:8083/assets/workbook-runtime-jy8cebF1.js:0
[14816300ms] [ERROR] WebSocket connection to 'ws://localhost:8083/ws' failed: Error in connection establishment: net::ERR_CONNECTION_REFUSED @ http://localhost:8083/assets/workbook-runtime-jy8cebF1.js:0
[14831314ms] [ERROR] WebSocket connection to 'ws://localhost:8083/ws' failed: Error in connection establishment: net::ERR_CONNECTION_REFUSED @ http://localhost:8083/assets/workbook-runtime-jy8cebF1.js:0
[14846360ms] [ERROR] WebSocket connection to 'ws://localhost:8083/ws' failed: Error in connection establishment: net::ERR_CONNECTION_REFUSED @ http://localhost:8083/assets/workbook-runtime-jy8cebF1.js:0
[14861375ms] [ERROR] WebSocket connection to 'ws://localhost:8083/ws' failed: Error in connection establishment: net::ERR_CONNECTION_REFUSED @ http://localhost:8083/assets/workbook-runtime-jy8cebF1.js:0
[14876398ms] [ERROR] WebSocket connection to 'ws://localhost:8083/ws' failed: Error in connection establishment: net::ERR_CONNECTION_REFUSED @ http://localhost:8083/assets/workbook-runtime-jy8cebF1.js:0
[14891420ms] [ERROR] WebSocket connection to 'ws://localhost:8083/ws' failed: Error in connection establishment: net::ERR_CONNECTION_REFUSED @ http://localhost:8083/assets/workbook-runtime-jy8cebF1.js:0
[14906454ms] [ERROR] WebSocket connection to 'ws://localhost:8083/ws' failed: Error in connection establishment: net::ERR_CONNECTION_REFUSED @ http://localhost:8083/assets/workbook-runtime-jy8cebF1.js:0
[14921474ms] [ERROR] WebSocket connection to 'ws://localhost:8083/ws' failed: Error in connection establishment: net::ERR_CONNECTION_REFUSED @ http://localhost:8083/assets/workbook-runtime-jy8cebF1.js:0
[14936487ms] [ERROR] WebSocket connection to 'ws://localhost:8083/ws' failed: Error in connection establishment: net::ERR_CONNECTION_REFUSED @ http://localhost:8083/assets/workbook-runtime-jy8cebF1.js:0
[14951497ms] [ERROR] WebSocket connection to 'ws://localhost:8083/ws' failed: Error in connection establishment: net::ERR_CONNECTION_REFUSED @ http://localhost:8083/assets/workbook-runtime-jy8cebF1.js:0
[14966513ms] [ERROR] WebSocket connection to 'ws://localhost:8083/ws' failed: Error in connection establishment: net::ERR_CONNECTION_REFUSED @ http://localhost:8083/assets/workbook-runtime-jy8cebF1.js:0
[14981533ms] [ERROR] WebSocket connection to 'ws://localhost:8083/ws' failed: Error in connection establishment: net::ERR_CONNECTION_REFUSED @ http://localhost:8083/assets/workbook-runtime-jy8cebF1.js:0
[14996557ms] [ERROR] WebSocket connection to 'ws://localhost:8083/ws' failed: Error in connection establishment: net::ERR_CONNECTION_REFUSED @ http://localhost:8083/assets/workbook-runtime-jy8cebF1.js:0
[15011585ms] [ERROR] WebSocket connection to 'ws://localhost:8083/ws' failed: Error in connection establishment: net::ERR_CONNECTION_REFUSED @ http://localhost:8083/assets/workbook-runtime-jy8cebF1.js:0
[15026611ms] [ERROR] WebSocket connection to 'ws://localhost:8083/ws' failed: Error in connection establishment: net::ERR_CONNECTION_REFUSED @ http://localhost:8083/assets/workbook-runtime-jy8cebF1.js:0
[15041640ms] [ERROR] WebSocket connection to 'ws://localhost:8083/ws' failed: Error in connection establishment: net::ERR_CONNECTION_REFUSED @ http://localhost:8083/assets/workbook-runtime-jy8cebF1.js:0
[15056667ms] [ERROR] WebSocket connection to 'ws://localhost:8083/ws' failed: Error in connection establishment: net::ERR_CONNECTION_REFUSED @ http://localhost:8083/assets/workbook-runtime-jy8cebF1.js:0
[15071692ms] [ERROR] WebSocket connection to 'ws://localhost:8083/ws' failed: Error in connection establishment: net::ERR_CONNECTION_REFUSED @ http://localhost:8083/assets/workbook-runtime-jy8cebF1.js:0
[15086713ms] [ERROR] WebSocket connection to 'ws://localhost:8083/ws' failed: Error in connection establishment: net::ERR_CONNECTION_REFUSED @ http://localhost:8083/assets/workbook-runtime-jy8cebF1.js:0
[15101732ms] [ERROR] WebSocket connection to 'ws://localhost:8083/ws' failed: Error in connection establishment: net::ERR_CONNECTION_REFUSED @ http://localhost:8083/assets/workbook-runtime-jy8cebF1.js:0
[15116742ms] [ERROR] WebSocket connection to 'ws://localhost:8083/ws' failed: Error in connection establishment: net::ERR_CONNECTION_REFUSED @ http://localhost:8083/assets/workbook-runtime-jy8cebF1.js:0
[15131775ms] [ERROR] WebSocket connection to 'ws://localhost:8083/ws' failed: Error in connection establishment: net::ERR_CONNECTION_REFUSED @ http://localhost:8083/assets/workbook-runtime-jy8cebF1.js:0
[15146811ms] [ERROR] WebSocket connection to 'ws://localhost:8083/ws' failed: Error during WebSocket handshake: Unexpected response code: 500 @ http://localhost:8083/assets/workbook-runtime-jy8cebF1.js:0
[15161839ms] [ERROR] WebSocket connection to 'ws://localhost:8083/ws' failed: Error during WebSocket handshake: Unexpected response code: 500 @ http://localhost:8083/assets/workbook-runtime-jy8cebF1.js:0
[15176862ms] [ERROR] WebSocket connection to 'ws://localhost:8083/ws' failed: Error during WebSocket handshake: Unexpected response code: 500 @ http://localhost:8083/assets/workbook-runtime-jy8cebF1.js:0
[15191883ms] [ERROR] WebSocket connection to 'ws://localhost:8083/ws' failed: Error during WebSocket handshake: Unexpected response code: 500 @ http://localhost:8083/assets/workbook-runtime-jy8cebF1.js:0
[15206902ms] [ERROR] WebSocket connection to 'ws://localhost:8083/ws' failed: Error during WebSocket handshake: Unexpected response code: 500 @ http://localhost:8083/assets/workbook-runtime-jy8cebF1.js:0
[15221928ms] [ERROR] WebSocket connection to 'ws://localhost:8083/ws' failed: Error during WebSocket handshake: Unexpected response code: 500 @ http://localhost:8083/assets/workbook-runtime-jy8cebF1.js:0
[15236959ms] [ERROR] WebSocket connection to 'ws://localhost:8083/ws' failed: Error during WebSocket handshake: Unexpected response code: 500 @ http://localhost:8083/assets/workbook-runtime-jy8cebF1.js:0
[15251980ms] [ERROR] WebSocket connection to 'ws://localhost:8083/ws' failed: Error in connection establishment: net::ERR_CONNECTION_REFUSED @ http://localhost:8083/assets/workbook-runtime-jy8cebF1.js:0
[15266999ms] [ERROR] WebSocket connection to 'ws://localhost:8083/ws' failed: Error in connection establishment: net::ERR_CONNECTION_REFUSED @ http://localhost:8083/assets/workbook-runtime-jy8cebF1.js:0
[15282047ms] [ERROR] WebSocket connection to 'ws://localhost:8083/ws' failed: Error in connection establishment: net::ERR_CONNECTION_REFUSED @ http://localhost:8083/assets/workbook-runtime-jy8cebF1.js:0
[15297057ms] [ERROR] WebSocket connection to 'ws://localhost:8083/ws' failed: Error in connection establishment: net::ERR_CONNECTION_REFUSED @ http://localhost:8083/assets/workbook-runtime-jy8cebF1.js:0
[15312102ms] [ERROR] WebSocket connection to 'ws://localhost:8083/ws' failed: Error in connection establishment: net::ERR_CONNECTION_REFUSED @ http://localhost:8083/assets/workbook-runtime-jy8cebF1.js:0
[15327121ms] [ERROR] WebSocket connection to 'ws://localhost:8083/ws' failed: Error in connection establishment: net::ERR_CONNECTION_REFUSED @ http://localhost:8083/assets/workbook-runtime-jy8cebF1.js:0
[15342142ms] [ERROR] WebSocket connection to 'ws://localhost:8083/ws' failed: Error in connection establishment: net::ERR_CONNECTION_REFUSED @ http://localhost:8083/assets/workbook-runtime-jy8cebF1.js:0
[15357176ms] [ERROR] WebSocket connection to 'ws://localhost:8083/ws' failed: Error in connection establishment: net::ERR_CONNECTION_REFUSED @ http://localhost:8083/assets/workbook-runtime-jy8cebF1.js:0
[15372201ms] [ERROR] WebSocket connection to 'ws://localhost:8083/ws' failed: Error in connection establishment: net::ERR_CONNECTION_REFUSED @ http://localhost:8083/assets/workbook-runtime-jy8cebF1.js:0
[15387231ms] [ERROR] WebSocket connection to 'ws://localhost:8083/ws' failed: Error in connection establishment: net::ERR_CONNECTION_REFUSED @ http://localhost:8083/assets/workbook-runtime-jy8cebF1.js:0
[15402258ms] [ERROR] WebSocket connection to 'ws://localhost:8083/ws' failed: Error in connection establishment: net::ERR_CONNECTION_REFUSED @ http://localhost:8083/assets/workbook-runtime-jy8cebF1.js:0
[15417277ms] [ERROR] WebSocket connection to 'ws://localhost:8083/ws' failed: Error in connection establishment: net::ERR_CONNECTION_REFUSED @ http://localhost:8083/assets/workbook-runtime-jy8cebF1.js:0
[15432307ms] [ERROR] WebSocket connection to 'ws://localhost:8083/ws' failed: Error in connection establishment: net::ERR_CONNECTION_REFUSED @ http://localhost:8083/assets/workbook-runtime-jy8cebF1.js:0
[15447327ms] [ERROR] WebSocket connection to 'ws://localhost:8083/ws' failed: Error in connection establishment: net::ERR_CONNECTION_REFUSED @ http://localhost:8083/assets/workbook-runtime-jy8cebF1.js:0
[15462345ms] [ERROR] WebSocket connection to 'ws://localhost:8083/ws' failed: Error in connection establishment: net::ERR_CONNECTION_REFUSED @ http://localhost:8083/assets/workbook-runtime-jy8cebF1.js:0
[15477367ms] [ERROR] WebSocket connection to 'ws://localhost:8083/ws' failed: Error in connection establishment: net::ERR_CONNECTION_REFUSED @ http://localhost:8083/assets/workbook-runtime-jy8cebF1.js:0
[15492381ms] [ERROR] WebSocket connection to 'ws://localhost:8083/ws' failed: Error in connection establishment: net::ERR_CONNECTION_REFUSED @ http://localhost:8083/assets/workbook-runtime-jy8cebF1.js:0
[15507427ms] [ERROR] WebSocket connection to 'ws://localhost:8083/ws' failed: Error in connection establishment: net::ERR_CONNECTION_REFUSED @ http://localhost:8083/assets/workbook-runtime-jy8cebF1.js:0
[15522464ms] [ERROR] WebSocket connection to 'ws://localhost:8083/ws' failed: Error in connection establishment: net::ERR_CONNECTION_REFUSED @ http://localhost:8083/assets/workbook-runtime-jy8cebF1.js:0
[15537487ms] [ERROR] WebSocket connection to 'ws://localhost:8083/ws' failed: Error in connection establishment: net::ERR_CONNECTION_REFUSED @ http://localhost:8083/assets/workbook-runtime-jy8cebF1.js:0
[15552515ms] [ERROR] WebSocket connection to 'ws://localhost:8083/ws' failed: Error in connection establishment: net::ERR_CONNECTION_REFUSED @ http://localhost:8083/assets/workbook-runtime-jy8cebF1.js:0
[15567534ms] [ERROR] WebSocket connection to 'ws://localhost:8083/ws' failed: Error in connection establishment: net::ERR_CONNECTION_REFUSED @ http://localhost:8083/assets/workbook-runtime-jy8cebF1.js:0
[15582555ms] [ERROR] WebSocket connection to 'ws://localhost:8083/ws' failed: Error in connection establishment: net::ERR_CONNECTION_REFUSED @ http://localhost:8083/assets/workbook-runtime-jy8cebF1.js:0
[15597578ms] [ERROR] WebSocket connection to 'ws://localhost:8083/ws' failed: Error in connection establishment: net::ERR_CONNECTION_REFUSED @ http://localhost:8083/assets/workbook-runtime-jy8cebF1.js:0
[15612588ms] [ERROR] WebSocket connection to 'ws://localhost:8083/ws' failed: Error in connection establishment: net::ERR_CONNECTION_REFUSED @ http://localhost:8083/assets/workbook-runtime-jy8cebF1.js:0
[15627617ms] [ERROR] WebSocket connection to 'ws://localhost:8083/ws' failed: Error in connection establishment: net::ERR_CONNECTION_REFUSED @ http://localhost:8083/assets/workbook-runtime-jy8cebF1.js:0
[15642640ms] [ERROR] WebSocket connection to 'ws://localhost:8083/ws' failed: Error in connection establishment: net::ERR_CONNECTION_REFUSED @ http://localhost:8083/assets/workbook-runtime-jy8cebF1.js:0
[15657658ms] [ERROR] WebSocket connection to 'ws://localhost:8083/ws' failed: Error in connection establishment: net::ERR_CONNECTION_REFUSED @ http://localhost:8083/assets/workbook-runtime-jy8cebF1.js:0
[15672672ms] [ERROR] WebSocket connection to 'ws://localhost:8083/ws' failed: Error in connection establishment: net::ERR_CONNECTION_REFUSED @ http://localhost:8083/assets/workbook-runtime-jy8cebF1.js:0
[15687686ms] [ERROR] WebSocket connection to 'ws://localhost:8083/ws' failed: Error in connection establishment: net::ERR_CONNECTION_REFUSED @ http://localhost:8083/assets/workbook-runtime-jy8cebF1.js:0
[15702706ms] [ERROR] WebSocket connection to 'ws://localhost:8083/ws' failed: Error in connection establishment: net::ERR_CONNECTION_REFUSED @ http://localhost:8083/assets/workbook-runtime-jy8cebF1.js:0
[15717737ms] [ERROR] WebSocket connection to 'ws://localhost:8083/ws' failed: Error in connection establishment: net::ERR_CONNECTION_REFUSED @ http://localhost:8083/assets/workbook-runtime-jy8cebF1.js:0
[15732770ms] [ERROR] WebSocket connection to 'ws://localhost:8083/ws' failed: Error in connection establishment: net::ERR_CONNECTION_REFUSED @ http://localhost:8083/assets/workbook-runtime-jy8cebF1.js:0
[15747803ms] [ERROR] WebSocket connection to 'ws://localhost:8083/ws' failed: Error in connection establishment: net::ERR_CONNECTION_REFUSED @ http://localhost:8083/assets/workbook-runtime-jy8cebF1.js:0
[15762836ms] [ERROR] WebSocket connection to 'ws://localhost:8083/ws' failed: Error in connection establishment: net::ERR_CONNECTION_REFUSED @ http://localhost:8083/assets/workbook-runtime-jy8cebF1.js:0
[15777860ms] [ERROR] WebSocket connection to 'ws://localhost:8083/ws' failed: Error in connection establishment: net::ERR_CONNECTION_REFUSED @ http://localhost:8083/assets/workbook-runtime-jy8cebF1.js:0
[15792888ms] [ERROR] WebSocket connection to 'ws://localhost:8083/ws' failed: Error in connection establishment: net::ERR_CONNECTION_REFUSED @ http://localhost:8083/assets/workbook-runtime-jy8cebF1.js:0
[15807907ms] [ERROR] WebSocket connection to 'ws://localhost:8083/ws' failed: Error in connection establishment: net::ERR_CONNECTION_REFUSED @ http://localhost:8083/assets/workbook-runtime-jy8cebF1.js:0
[15822932ms] [ERROR] WebSocket connection to 'ws://localhost:8083/ws' failed: Error in connection establishment: net::ERR_CONNECTION_REFUSED @ http://localhost:8083/assets/workbook-runtime-jy8cebF1.js:0
[15837978ms] [ERROR] WebSocket connection to 'ws://localhost:8083/ws' failed: Error during WebSocket handshake: Unexpected response code: 500 @ http://localhost:8083/assets/workbook-runtime-jy8cebF1.js:0
[15853031ms] [ERROR] WebSocket connection to 'ws://localhost:8083/ws' failed: Error during WebSocket handshake: Unexpected response code: 500 @ http://localhost:8083/assets/workbook-runtime-jy8cebF1.js:0
[15868060ms] [ERROR] WebSocket connection to 'ws://localhost:8083/ws' failed: Error during WebSocket handshake: Unexpected response code: 500 @ http://localhost:8083/assets/workbook-runtime-jy8cebF1.js:0
[15883091ms] [ERROR] WebSocket connection to 'ws://localhost:8083/ws' failed: Error during WebSocket handshake: Unexpected response code: 500 @ http://localhost:8083/assets/workbook-runtime-jy8cebF1.js:0
[15898110ms] [ERROR] WebSocket connection to 'ws://localhost:8083/ws' failed: Error during WebSocket handshake: Unexpected response code: 500 @ http://localhost:8083/assets/workbook-runtime-jy8cebF1.js:0
[15913156ms] [ERROR] WebSocket connection to 'ws://localhost:8083/ws' failed: Error during WebSocket handshake: Unexpected response code: 500 @ http://localhost:8083/assets/workbook-runtime-jy8cebF1.js:0
[15928170ms] [ERROR] WebSocket connection to 'ws://localhost:8083/ws' failed: Error during WebSocket handshake: Unexpected response code: 500 @ http://localhost:8083/assets/workbook-runtime-jy8cebF1.js:0
[15943193ms] [ERROR] WebSocket connection to 'ws://localhost:8083/ws' failed: Error during WebSocket handshake: Unexpected response code: 500 @ http://localhost:8083/assets/workbook-runtime-jy8cebF1.js:0
[15958215ms] [ERROR] WebSocket connection to 'ws://localhost:8083/ws' failed: Error during WebSocket handshake: Unexpected response code: 500 @ http://localhost:8083/assets/workbook-runtime-jy8cebF1.js:0
[15973259ms] [ERROR] WebSocket connection to 'ws://localhost:8083/ws' failed: Error during WebSocket handshake: Unexpected response code: 500 @ http://localhost:8083/assets/workbook-runtime-jy8cebF1.js:0
[15988293ms] [ERROR] WebSocket connection to 'ws://localhost:8083/ws' failed: Error during WebSocket handshake: Unexpected response code: 500 @ http://localhost:8083/assets/workbook-runtime-jy8cebF1.js:0
[16003329ms] [ERROR] WebSocket connection to 'ws://localhost:8083/ws' failed: Error during WebSocket handshake: Unexpected response code: 500 @ http://localhost:8083/assets/workbook-runtime-jy8cebF1.js:0
[16018357ms] [ERROR] WebSocket connection to 'ws://localhost:8083/ws' failed: Error during WebSocket handshake: Unexpected response code: 500 @ http://localhost:8083/assets/workbook-runtime-jy8cebF1.js:0
[16033372ms] [ERROR] WebSocket connection to 'ws://localhost:8083/ws' failed: Error in connection establishment: net::ERR_CONNECTION_REFUSED @ http://localhost:8083/assets/workbook-runtime-jy8cebF1.js:0
[16048387ms] [ERROR] WebSocket connection to 'ws://localhost:8083/ws' failed: Error in connection establishment: net::ERR_CONNECTION_REFUSED @ http://localhost:8083/assets/workbook-runtime-jy8cebF1.js:0
[16063404ms] [ERROR] WebSocket connection to 'ws://localhost:8083/ws' failed: Error in connection establishment: net::ERR_CONNECTION_REFUSED @ http://localhost:8083/assets/workbook-runtime-jy8cebF1.js:0
[16078441ms] [ERROR] WebSocket connection to 'ws://localhost:8083/ws' failed: Error in connection establishment: net::ERR_CONNECTION_REFUSED @ http://localhost:8083/assets/workbook-runtime-jy8cebF1.js:0
[16093467ms] [ERROR] WebSocket connection to 'ws://localhost:8083/ws' failed: Error in connection establishment: net::ERR_CONNECTION_REFUSED @ http://localhost:8083/assets/workbook-runtime-jy8cebF1.js:0
[16108502ms] [ERROR] WebSocket connection to 'ws://localhost:8083/ws' failed: Error in connection establishment: net::ERR_CONNECTION_REFUSED @ http://localhost:8083/assets/workbook-runtime-jy8cebF1.js:0
[16123534ms] [ERROR] WebSocket connection to 'ws://localhost:8083/ws' failed: Error in connection establishment: net::ERR_CONNECTION_REFUSED @ http://localhost:8083/assets/workbook-runtime-jy8cebF1.js:0
[16138551ms] [ERROR] WebSocket connection to 'ws://localhost:8083/ws' failed: Error in connection establishment: net::ERR_CONNECTION_REFUSED @ http://localhost:8083/assets/workbook-runtime-jy8cebF1.js:0
[16153570ms] [ERROR] WebSocket connection to 'ws://localhost:8083/ws' failed: Error in connection establishment: net::ERR_CONNECTION_REFUSED @ http://localhost:8083/assets/workbook-runtime-jy8cebF1.js:0
[16168592ms] [ERROR] WebSocket connection to 'ws://localhost:8083/ws' failed: Error in connection establishment: net::ERR_CONNECTION_REFUSED @ http://localhost:8083/assets/workbook-runtime-jy8cebF1.js:0
[16183635ms] [ERROR] WebSocket connection to 'ws://localhost:8083/ws' failed: Error in connection establishment: net::ERR_CONNECTION_REFUSED @ http://localhost:8083/assets/workbook-runtime-jy8cebF1.js:0
[16198656ms] [ERROR] WebSocket connection to 'ws://localhost:8083/ws' failed: Error in connection establishment: net::ERR_CONNECTION_REFUSED @ http://localhost:8083/assets/workbook-runtime-jy8cebF1.js:0
[16213681ms] [ERROR] WebSocket connection to 'ws://localhost:8083/ws' failed: Error in connection establishment: net::ERR_CONNECTION_REFUSED @ http://localhost:8083/assets/workbook-runtime-jy8cebF1.js:0
[16228710ms] [ERROR] WebSocket connection to 'ws://localhost:8083/ws' failed: Error in connection establishment: net::ERR_CONNECTION_REFUSED @ http://localhost:8083/assets/workbook-runtime-jy8cebF1.js:0
[16243733ms] [ERROR] WebSocket connection to 'ws://localhost:8083/ws' failed: Error in connection establishment: net::ERR_CONNECTION_REFUSED @ http://localhost:8083/assets/workbook-runtime-jy8cebF1.js:0
[16258759ms] [ERROR] WebSocket connection to 'ws://localhost:8083/ws' failed: Error in connection establishment: net::ERR_CONNECTION_REFUSED @ http://localhost:8083/assets/workbook-runtime-jy8cebF1.js:0
[16273790ms] [ERROR] WebSocket connection to 'ws://localhost:8083/ws' failed: Error in connection establishment: net::ERR_CONNECTION_REFUSED @ http://localhost:8083/assets/workbook-runtime-jy8cebF1.js:0
[16288823ms] [ERROR] WebSocket connection to 'ws://localhost:8083/ws' failed: Error in connection establishment: net::ERR_CONNECTION_REFUSED @ http://localhost:8083/assets/workbook-runtime-jy8cebF1.js:0
[16303835ms] [ERROR] WebSocket connection to 'ws://localhost:8083/ws' failed: Error in connection establishment: net::ERR_CONNECTION_REFUSED @ http://localhost:8083/assets/workbook-runtime-jy8cebF1.js:0
[16318857ms] [ERROR] WebSocket connection to 'ws://localhost:8083/ws' failed: Error in connection establishment: net::ERR_CONNECTION_REFUSED @ http://localhost:8083/assets/workbook-runtime-jy8cebF1.js:0
[16333887ms] [ERROR] WebSocket connection to 'ws://localhost:8083/ws' failed: Error in connection establishment: net::ERR_CONNECTION_REFUSED @ http://localhost:8083/assets/workbook-runtime-jy8cebF1.js:0
[16348916ms] [ERROR] WebSocket connection to 'ws://localhost:8083/ws' failed: Error in connection establishment: net::ERR_CONNECTION_REFUSED @ http://localhost:8083/assets/workbook-runtime-jy8cebF1.js:0
[16363940ms] [ERROR] WebSocket connection to 'ws://localhost:8083/ws' failed: Error in connection establishment: net::ERR_CONNECTION_REFUSED @ http://localhost:8083/assets/workbook-runtime-jy8cebF1.js:0
[16378954ms] [ERROR] WebSocket connection to 'ws://localhost:8083/ws' failed: Error in connection establishment: net::ERR_CONNECTION_REFUSED @ http://localhost:8083/assets/workbook-runtime-jy8cebF1.js:0
[16393990ms] [ERROR] WebSocket connection to 'ws://localhost:8083/ws' failed: Error in connection establishment: net::ERR_CONNECTION_REFUSED @ http://localhost:8083/assets/workbook-runtime-jy8cebF1.js:0
[16409013ms] [ERROR] WebSocket connection to 'ws://localhost:8083/ws' failed: Error in connection establishment: net::ERR_CONNECTION_REFUSED @ http://localhost:8083/assets/workbook-runtime-jy8cebF1.js:0
[16424058ms] [ERROR] WebSocket connection to 'ws://localhost:8083/ws' failed: Error during WebSocket handshake: Unexpected response code: 500 @ http://localhost:8083/assets/workbook-runtime-jy8cebF1.js:0
[16439086ms] [ERROR] WebSocket connection to 'ws://localhost:8083/ws' failed: Error during WebSocket handshake: Unexpected response code: 500 @ http://localhost:8083/assets/workbook-runtime-jy8cebF1.js:0
[16454117ms] [ERROR] WebSocket connection to 'ws://localhost:8083/ws' failed: Error during WebSocket handshake: Unexpected response code: 500 @ http://localhost:8083/assets/workbook-runtime-jy8cebF1.js:0
[16469155ms] [ERROR] WebSocket connection to 'ws://localhost:8083/ws' failed: Error during WebSocket handshake: Unexpected response code: 500 @ http://localhost:8083/assets/workbook-runtime-jy8cebF1.js:0
[16484182ms] [ERROR] WebSocket connection to 'ws://localhost:8083/ws' failed: Error during WebSocket handshake: Unexpected response code: 500 @ http://localhost:8083/assets/workbook-runtime-jy8cebF1.js:0
[16499215ms] [ERROR] WebSocket connection to 'ws://localhost:8083/ws' failed: Error during WebSocket handshake: Unexpected response code: 500 @ http://localhost:8083/assets/workbook-runtime-jy8cebF1.js:0
[16514232ms] [ERROR] WebSocket connection to 'ws://localhost:8083/ws' failed: Error during WebSocket handshake: Unexpected response code: 500 @ http://localhost:8083/assets/workbook-runtime-jy8cebF1.js:0
[16529263ms] [ERROR] WebSocket connection to 'ws://localhost:8083/ws' failed: Error in connection establishment: net::ERR_CONNECTION_REFUSED @ http://localhost:8083/assets/workbook-runtime-jy8cebF1.js:0
[16544309ms] [ERROR] WebSocket connection to 'ws://localhost:8083/ws' failed: Error during WebSocket handshake: Unexpected response code: 500 @ http://localhost:8083/assets/workbook-runtime-jy8cebF1.js:0
[16559335ms] [ERROR] WebSocket connection to 'ws://localhost:8083/ws' failed: Error during WebSocket handshake: Unexpected response code: 500 @ http://localhost:8083/assets/workbook-runtime-jy8cebF1.js:0
[16574373ms] [ERROR] WebSocket connection to 'ws://localhost:8083/ws' failed: Error during WebSocket handshake: Unexpected response code: 500 @ http://localhost:8083/assets/workbook-runtime-jy8cebF1.js:0
[16589404ms] [ERROR] WebSocket connection to 'ws://localhost:8083/ws' failed: Error during WebSocket handshake: Unexpected response code: 500 @ http://localhost:8083/assets/workbook-runtime-jy8cebF1.js:0
[16604433ms] [ERROR] WebSocket connection to 'ws://localhost:8083/ws' failed: Error during WebSocket handshake: Unexpected response code: 500 @ http://localhost:8083/assets/workbook-runtime-jy8cebF1.js:0
[16619451ms] [ERROR] WebSocket connection to 'ws://localhost:8083/ws' failed: Error in connection establishment: net::ERR_CONNECTION_REFUSED @ http://localhost:8083/assets/workbook-runtime-jy8cebF1.js:0
[16634469ms] [ERROR] WebSocket connection to 'ws://localhost:8083/ws' failed: Error in connection establishment: net::ERR_CONNECTION_REFUSED @ http://localhost:8083/assets/workbook-runtime-jy8cebF1.js:0
[16649486ms] [ERROR] WebSocket connection to 'ws://localhost:8083/ws' failed: Error in connection establishment: net::ERR_CONNECTION_REFUSED @ http://localhost:8083/assets/workbook-runtime-jy8cebF1.js:0
[16664497ms] [ERROR] WebSocket connection to 'ws://localhost:8083/ws' failed: Error in connection establishment: net::ERR_CONNECTION_REFUSED @ http://localhost:8083/assets/workbook-runtime-jy8cebF1.js:0
[16679530ms] [ERROR] WebSocket connection to 'ws://localhost:8083/ws' failed: Error in connection establishment: net::ERR_CONNECTION_REFUSED @ http://localhost:8083/assets/workbook-runtime-jy8cebF1.js:0
[16694565ms] [ERROR] WebSocket connection to 'ws://localhost:8083/ws' failed: Error in connection establishment: net::ERR_CONNECTION_REFUSED @ http://localhost:8083/assets/workbook-runtime-jy8cebF1.js:0
[16709600ms] [ERROR] WebSocket connection to 'ws://localhost:8083/ws' failed: Error in connection establishment: net::ERR_CONNECTION_REFUSED @ http://localhost:8083/assets/workbook-runtime-jy8cebF1.js:0
[16724634ms] [ERROR] WebSocket connection to 'ws://localhost:8083/ws' failed: Error in connection establishment: net::ERR_CONNECTION_REFUSED @ http://localhost:8083/assets/workbook-runtime-jy8cebF1.js:0
[16739652ms] [ERROR] WebSocket connection to 'ws://localhost:8083/ws' failed: Error in connection establishment: net::ERR_CONNECTION_REFUSED @ http://localhost:8083/assets/workbook-runtime-jy8cebF1.js:0
[16754667ms] [ERROR] WebSocket connection to 'ws://localhost:8083/ws' failed: Error in connection establishment: net::ERR_CONNECTION_REFUSED @ http://localhost:8083/assets/workbook-runtime-jy8cebF1.js:0
[16769683ms] [ERROR] WebSocket connection to 'ws://localhost:8083/ws' failed: Error in connection establishment: net::ERR_CONNECTION_REFUSED @ http://localhost:8083/assets/workbook-runtime-jy8cebF1.js:0
[16784698ms] [ERROR] WebSocket connection to 'ws://localhost:8083/ws' failed: Error in connection establishment: net::ERR_CONNECTION_REFUSED @ http://localhost:8083/assets/workbook-runtime-jy8cebF1.js:0
[16799753ms] [ERROR] WebSocket connection to 'ws://localhost:8083/ws' failed: Error in connection establishment: net::ERR_CONNECTION_REFUSED @ http://localhost:8083/assets/workbook-runtime-jy8cebF1.js:0
[16814782ms] [ERROR] WebSocket connection to 'ws://localhost:8083/ws' failed: Error in connection establishment: net::ERR_CONNECTION_REFUSED @ http://localhost:8083/assets/workbook-runtime-jy8cebF1.js:0
[16829805ms] [ERROR] WebSocket connection to 'ws://localhost:8083/ws' failed: Error in connection establishment: net::ERR_CONNECTION_REFUSED @ http://localhost:8083/assets/workbook-runtime-jy8cebF1.js:0
[16844837ms] [ERROR] WebSocket connection to 'ws://localhost:8083/ws' failed: Error in connection establishment: net::ERR_CONNECTION_REFUSED @ http://localhost:8083/assets/workbook-runtime-jy8cebF1.js:0
[16859862ms] [ERROR] WebSocket connection to 'ws://localhost:8083/ws' failed: Error in connection establishment: net::ERR_CONNECTION_REFUSED @ http://localhost:8083/assets/workbook-runtime-jy8cebF1.js:0
[16874893ms] [ERROR] WebSocket connection to 'ws://localhost:8083/ws' failed: Error in connection establishment: net::ERR_CONNECTION_REFUSED @ http://localhost:8083/assets/workbook-runtime-jy8cebF1.js:0
[16889917ms] [ERROR] WebSocket connection to 'ws://localhost:8083/ws' failed: Error in connection establishment: net::ERR_CONNECTION_REFUSED @ http://localhost:8083/assets/workbook-runtime-jy8cebF1.js:0
[16904935ms] [ERROR] WebSocket connection to 'ws://localhost:8083/ws' failed: Error in connection establishment: net::ERR_CONNECTION_REFUSED @ http://localhost:8083/assets/workbook-runtime-jy8cebF1.js:0
[16919972ms] [ERROR] WebSocket connection to 'ws://localhost:8083/ws' failed: Error in connection establishment: net::ERR_CONNECTION_REFUSED @ http://localhost:8083/assets/workbook-runtime-jy8cebF1.js:0
[16934996ms] [ERROR] WebSocket connection to 'ws://localhost:8083/ws' failed: Error in connection establishment: net::ERR_CONNECTION_REFUSED @ http://localhost:8083/assets/workbook-runtime-jy8cebF1.js:0
[16950026ms] [ERROR] WebSocket connection to 'ws://localhost:8083/ws' failed: Error in connection establishment: net::ERR_CONNECTION_REFUSED @ http://localhost:8083/assets/workbook-runtime-jy8cebF1.js:0
[16965069ms] [ERROR] WebSocket connection to 'ws://localhost:8083/ws' failed: Error in connection establishment: net::ERR_CONNECTION_REFUSED @ http://localhost:8083/assets/workbook-runtime-jy8cebF1.js:0
[16980092ms] [ERROR] WebSocket connection to 'ws://localhost:8083/ws' failed: Error in connection establishment: net::ERR_CONNECTION_REFUSED @ http://localhost:8083/assets/workbook-runtime-jy8cebF1.js:0
[16995113ms] [ERROR] WebSocket connection to 'ws://localhost:8083/ws' failed: Error in connection establishment: net::ERR_CONNECTION_REFUSED @ http://localhost:8083/assets/workbook-runtime-jy8cebF1.js:0
[17010134ms] [ERROR] WebSocket connection to 'ws://localhost:8083/ws' failed: Error in connection establishment: net::ERR_CONNECTION_REFUSED @ http://localhost:8083/assets/workbook-runtime-jy8cebF1.js:0
[17025150ms] [ERROR] WebSocket connection to 'ws://localhost:8083/ws' failed: Error in connection establishment: net::ERR_CONNECTION_REFUSED @ http://localhost:8083/assets/workbook-runtime-jy8cebF1.js:0
[17040232ms] [ERROR] WebSocket connection to 'ws://localhost:8083/ws' failed: Error in connection establishment: net::ERR_CONNECTION_REFUSED @ http://localhost:8083/assets/workbook-runtime-jy8cebF1.js:0
[17055252ms] [ERROR] WebSocket connection to 'ws://localhost:8083/ws' failed: Error in connection establishment: net::ERR_CONNECTION_REFUSED @ http://localhost:8083/assets/workbook-runtime-jy8cebF1.js:0
[17070280ms] [ERROR] WebSocket connection to 'ws://localhost:8083/ws' failed: Error in connection establishment: net::ERR_CONNECTION_REFUSED @ http://localhost:8083/assets/workbook-runtime-jy8cebF1.js:0
[17085303ms] [ERROR] WebSocket connection to 'ws://localhost:8083/ws' failed: Error in connection establishment: net::ERR_CONNECTION_REFUSED @ http://localhost:8083/assets/workbook-runtime-jy8cebF1.js:0
[17100310ms] [ERROR] WebSocket connection to 'ws://localhost:8083/ws' failed: Error in connection establishment: net::ERR_CONNECTION_REFUSED @ http://localhost:8083/assets/workbook-runtime-jy8cebF1.js:0
[17115326ms] [ERROR] WebSocket connection to 'ws://localhost:8083/ws' failed: Error in connection establishment: net::ERR_CONNECTION_REFUSED @ http://localhost:8083/assets/workbook-runtime-jy8cebF1.js:0
[17130376ms] [ERROR] WebSocket connection to 'ws://localhost:8083/ws' failed: Error in connection establishment: net::ERR_CONNECTION_REFUSED @ http://localhost:8083/assets/workbook-runtime-jy8cebF1.js:0
[17145388ms] [ERROR] WebSocket connection to 'ws://localhost:8083/ws' failed: Error in connection establishment: net::ERR_CONNECTION_REFUSED @ http://localhost:8083/assets/workbook-runtime-jy8cebF1.js:0
[17160403ms] [ERROR] WebSocket connection to 'ws://localhost:8083/ws' failed: Error in connection establishment: net::ERR_CONNECTION_REFUSED @ http://localhost:8083/assets/workbook-runtime-jy8cebF1.js:0
[17175436ms] [ERROR] WebSocket connection to 'ws://localhost:8083/ws' failed: Error in connection establishment: net::ERR_CONNECTION_REFUSED @ http://localhost:8083/assets/workbook-runtime-jy8cebF1.js:0
[17190454ms] [ERROR] WebSocket connection to 'ws://localhost:8083/ws' failed: Error in connection establishment: net::ERR_CONNECTION_REFUSED @ http://localhost:8083/assets/workbook-runtime-jy8cebF1.js:0
[17205480ms] [ERROR] WebSocket connection to 'ws://localhost:8083/ws' failed: Error in connection establishment: net::ERR_CONNECTION_REFUSED @ http://localhost:8083/assets/workbook-runtime-jy8cebF1.js:0
[17220502ms] [ERROR] WebSocket connection to 'ws://localhost:8083/ws' failed: Error in connection establishment: net::ERR_CONNECTION_REFUSED @ http://localhost:8083/assets/workbook-runtime-jy8cebF1.js:0
[17235550ms] [ERROR] WebSocket connection to 'ws://localhost:8083/ws' failed: Error in connection establishment: net::ERR_CONNECTION_REFUSED @ http://localhost:8083/assets/workbook-runtime-jy8cebF1.js:0
[17250569ms] [ERROR] WebSocket connection to 'ws://localhost:8083/ws' failed: Error in connection establishment: net::ERR_CONNECTION_REFUSED @ http://localhost:8083/assets/workbook-runtime-jy8cebF1.js:0
[17265583ms] [ERROR] WebSocket connection to 'ws://localhost:8083/ws' failed: Error in connection establishment: net::ERR_CONNECTION_REFUSED @ http://localhost:8083/assets/workbook-runtime-jy8cebF1.js:0
[17280598ms] [ERROR] WebSocket connection to 'ws://localhost:8083/ws' failed: Error in connection establishment: net::ERR_CONNECTION_REFUSED @ http://localhost:8083/assets/workbook-runtime-jy8cebF1.js:0
[17295614ms] [ERROR] WebSocket connection to 'ws://localhost:8083/ws' failed: Error in connection establishment: net::ERR_CONNECTION_REFUSED @ http://localhost:8083/assets/workbook-runtime-jy8cebF1.js:0
[17310642ms] [ERROR] WebSocket connection to 'ws://localhost:8083/ws' failed: Error in connection establishment: net::ERR_CONNECTION_REFUSED @ http://localhost:8083/assets/workbook-runtime-jy8cebF1.js:0
[17325667ms] [ERROR] WebSocket connection to 'ws://localhost:8083/ws' failed: Error in connection establishment: net::ERR_CONNECTION_REFUSED @ http://localhost:8083/assets/workbook-runtime-jy8cebF1.js:0
[17340690ms] [ERROR] WebSocket connection to 'ws://localhost:8083/ws' failed: Error in connection establishment: net::ERR_CONNECTION_REFUSED @ http://localhost:8083/assets/workbook-runtime-jy8cebF1.js:0
[17355758ms] [ERROR] WebSocket connection to 'ws://localhost:8083/ws' failed: Error in connection establishment: net::ERR_CONNECTION_REFUSED @ http://localhost:8083/assets/workbook-runtime-jy8cebF1.js:0
[17370813ms] [ERROR] WebSocket connection to 'ws://localhost:8083/ws' failed: Error in connection establishment: net::ERR_CONNECTION_REFUSED @ http://localhost:8083/assets/workbook-runtime-jy8cebF1.js:0
[17385830ms] [ERROR] WebSocket connection to 'ws://localhost:8083/ws' failed: Error in connection establishment: net::ERR_CONNECTION_REFUSED @ http://localhost:8083/assets/workbook-runtime-jy8cebF1.js:0
[17400851ms] [ERROR] WebSocket connection to 'ws://localhost:8083/ws' failed: Error in connection establishment: net::ERR_CONNECTION_REFUSED @ http://localhost:8083/assets/workbook-runtime-jy8cebF1.js:0
[17415881ms] [ERROR] WebSocket connection to 'ws://localhost:8083/ws' failed: Error in connection establishment: net::ERR_CONNECTION_REFUSED @ http://localhost:8083/assets/workbook-runtime-jy8cebF1.js:0
[17430903ms] [ERROR] WebSocket connection to 'ws://localhost:8083/ws' failed: Error in connection establishment: net::ERR_CONNECTION_REFUSED @ http://localhost:8083/assets/workbook-runtime-jy8cebF1.js:0
[17445932ms] [ERROR] WebSocket connection to 'ws://localhost:8083/ws' failed: Error in connection establishment: net::ERR_CONNECTION_REFUSED @ http://localhost:8083/assets/workbook-runtime-jy8cebF1.js:0
[17460942ms] [ERROR] WebSocket connection to 'ws://localhost:8083/ws' failed: Error in connection establishment: net::ERR_CONNECTION_REFUSED @ http://localhost:8083/assets/workbook-runtime-jy8cebF1.js:0
[17475957ms] [ERROR] WebSocket connection to 'ws://localhost:8083/ws' failed: Error in connection establishment: net::ERR_CONNECTION_REFUSED @ http://localhost:8083/assets/workbook-runtime-jy8cebF1.js:0
[17490966ms] [ERROR] WebSocket connection to 'ws://localhost:8083/ws' failed: Error in connection establishment: net::ERR_CONNECTION_REFUSED @ http://localhost:8083/assets/workbook-runtime-jy8cebF1.js:0
[17505982ms] [ERROR] WebSocket connection to 'ws://localhost:8083/ws' failed: Error in connection establishment: net::ERR_CONNECTION_REFUSED @ http://localhost:8083/assets/workbook-runtime-jy8cebF1.js:0
[17521001ms] [ERROR] WebSocket connection to 'ws://localhost:8083/ws' failed: Error in connection establishment: net::ERR_CONNECTION_REFUSED @ http://localhost:8083/assets/workbook-runtime-jy8cebF1.js:0
[17536051ms] [ERROR] WebSocket connection to 'ws://localhost:8083/ws' failed: Error in connection establishment: net::ERR_CONNECTION_REFUSED @ http://localhost:8083/assets/workbook-runtime-jy8cebF1.js:0
[17551069ms] [ERROR] WebSocket connection to 'ws://localhost:8083/ws' failed: Error in connection establishment: net::ERR_CONNECTION_REFUSED @ http://localhost:8083/assets/workbook-runtime-jy8cebF1.js:0
[17566114ms] [ERROR] WebSocket connection to 'ws://localhost:8083/ws' failed: Error in connection establishment: net::ERR_CONNECTION_REFUSED @ http://localhost:8083/assets/workbook-runtime-jy8cebF1.js:0
[17581127ms] [ERROR] WebSocket connection to 'ws://localhost:8083/ws' failed: Error in connection establishment: net::ERR_CONNECTION_REFUSED @ http://localhost:8083/assets/workbook-runtime-jy8cebF1.js:0
[17596149ms] [ERROR] WebSocket connection to 'ws://localhost:8083/ws' failed: Error in connection establishment: net::ERR_CONNECTION_REFUSED @ http://localhost:8083/assets/workbook-runtime-jy8cebF1.js:0
[17611165ms] [ERROR] WebSocket connection to 'ws://localhost:8083/ws' failed: Error in connection establishment: net::ERR_CONNECTION_REFUSED @ http://localhost:8083/assets/workbook-runtime-jy8cebF1.js:0
[17626178ms] [ERROR] WebSocket connection to 'ws://localhost:8083/ws' failed: Error in connection establishment: net::ERR_CONNECTION_REFUSED @ http://localhost:8083/assets/workbook-runtime-jy8cebF1.js:0
[17641202ms] [ERROR] WebSocket connection to 'ws://localhost:8083/ws' failed: Error in connection establishment: net::ERR_CONNECTION_REFUSED @ http://localhost:8083/assets/workbook-runtime-jy8cebF1.js:0
[17656224ms] [ERROR] WebSocket connection to 'ws://localhost:8083/ws' failed: Error in connection establishment: net::ERR_CONNECTION_REFUSED @ http://localhost:8083/assets/workbook-runtime-jy8cebF1.js:0
[17671247ms] [ERROR] WebSocket connection to 'ws://localhost:8083/ws' failed: Error in connection establishment: net::ERR_CONNECTION_REFUSED @ http://localhost:8083/assets/workbook-runtime-jy8cebF1.js:0
[17686272ms] [ERROR] WebSocket connection to 'ws://localhost:8083/ws' failed: Error in connection establishment: net::ERR_CONNECTION_REFUSED @ http://localhost:8083/assets/workbook-runtime-jy8cebF1.js:0
[17701287ms] [ERROR] WebSocket connection to 'ws://localhost:8083/ws' failed: Error in connection establishment: net::ERR_CONNECTION_REFUSED @ http://localhost:8083/assets/workbook-runtime-jy8cebF1.js:0
[17716304ms] [ERROR] WebSocket connection to 'ws://localhost:8083/ws' failed: Error in connection establishment: net::ERR_CONNECTION_REFUSED @ http://localhost:8083/assets/workbook-runtime-jy8cebF1.js:0
[17731328ms] [ERROR] WebSocket connection to 'ws://localhost:8083/ws' failed: Error in connection establishment: net::ERR_CONNECTION_REFUSED @ http://localhost:8083/assets/workbook-runtime-jy8cebF1.js:0
[17746344ms] [ERROR] WebSocket connection to 'ws://localhost:8083/ws' failed: Error in connection establishment: net::ERR_CONNECTION_REFUSED @ http://localhost:8083/assets/workbook-runtime-jy8cebF1.js:0
[17761370ms] [ERROR] WebSocket connection to 'ws://localhost:8083/ws' failed: Error in connection establishment: net::ERR_CONNECTION_REFUSED @ http://localhost:8083/assets/workbook-runtime-jy8cebF1.js:0
[17776399ms] [ERROR] WebSocket connection to 'ws://localhost:8083/ws' failed: Error in connection establishment: net::ERR_CONNECTION_REFUSED @ http://localhost:8083/assets/workbook-runtime-jy8cebF1.js:0
[17791429ms] [ERROR] WebSocket connection to 'ws://localhost:8083/ws' failed: Error in connection establishment: net::ERR_CONNECTION_REFUSED @ http://localhost:8083/assets/workbook-runtime-jy8cebF1.js:0
[17806452ms] [ERROR] WebSocket connection to 'ws://localhost:8083/ws' failed: Error in connection establishment: net::ERR_CONNECTION_REFUSED @ http://localhost:8083/assets/workbook-runtime-jy8cebF1.js:0
[17821475ms] [ERROR] WebSocket connection to 'ws://localhost:8083/ws' failed: Error in connection establishment: net::ERR_CONNECTION_REFUSED @ http://localhost:8083/assets/workbook-runtime-jy8cebF1.js:0
[17836501ms] [ERROR] WebSocket connection to 'ws://localhost:8083/ws' failed: Error in connection establishment: net::ERR_CONNECTION_REFUSED @ http://localhost:8083/assets/workbook-runtime-jy8cebF1.js:0
[17851516ms] [ERROR] WebSocket connection to 'ws://localhost:8083/ws' failed: Error in connection establishment: net::ERR_CONNECTION_REFUSED @ http://localhost:8083/assets/workbook-runtime-jy8cebF1.js:0
[17866532ms] [ERROR] WebSocket connection to 'ws://localhost:8083/ws' failed: Error in connection establishment: net::ERR_CONNECTION_REFUSED @ http://localhost:8083/assets/workbook-runtime-jy8cebF1.js:0
[17881554ms] [ERROR] WebSocket connection to 'ws://localhost:8083/ws' failed: Error in connection establishment: net::ERR_CONNECTION_REFUSED @ http://localhost:8083/assets/workbook-runtime-jy8cebF1.js:0
[17896575ms] [ERROR] WebSocket connection to 'ws://localhost:8083/ws' failed: Error in connection establishment: net::ERR_CONNECTION_REFUSED @ http://localhost:8083/assets/workbook-runtime-jy8cebF1.js:0
[17911595ms] [ERROR] WebSocket connection to 'ws://localhost:8083/ws' failed: Error in connection establishment: net::ERR_CONNECTION_REFUSED @ http://localhost:8083/assets/workbook-runtime-jy8cebF1.js:0
[17926617ms] [ERROR] WebSocket connection to 'ws://localhost:8083/ws' failed: Error in connection establishment: net::ERR_CONNECTION_REFUSED @ http://localhost:8083/assets/workbook-runtime-jy8cebF1.js:0
[17941627ms] [ERROR] WebSocket connection to 'ws://localhost:8083/ws' failed: Error in connection establishment: net::ERR_CONNECTION_REFUSED @ http://localhost:8083/assets/workbook-runtime-jy8cebF1.js:0
[17956639ms] [ERROR] WebSocket connection to 'ws://localhost:8083/ws' failed: Error in connection establishment: net::ERR_CONNECTION_REFUSED @ http://localhost:8083/assets/workbook-runtime-jy8cebF1.js:0
[17971653ms] [ERROR] WebSocket connection to 'ws://localhost:8083/ws' failed: Error in connection establishment: net::ERR_CONNECTION_REFUSED @ http://localhost:8083/assets/workbook-runtime-jy8cebF1.js:0
[17986676ms] [ERROR] WebSocket connection to 'ws://localhost:8083/ws' failed: Error in connection establishment: net::ERR_CONNECTION_REFUSED @ http://localhost:8083/assets/workbook-runtime-jy8cebF1.js:0
[18001693ms] [ERROR] WebSocket connection to 'ws://localhost:8083/ws' failed: Error in connection establishment: net::ERR_CONNECTION_REFUSED @ http://localhost:8083/assets/workbook-runtime-jy8cebF1.js:0
[18016715ms] [ERROR] WebSocket connection to 'ws://localhost:8083/ws' failed: Error in connection establishment: net::ERR_CONNECTION_REFUSED @ http://localhost:8083/assets/workbook-runtime-jy8cebF1.js:0
[18031738ms] [ERROR] WebSocket connection to 'ws://localhost:8083/ws' failed: Error in connection establishment: net::ERR_CONNECTION_REFUSED @ http://localhost:8083/assets/workbook-runtime-jy8cebF1.js:0
[18046760ms] [ERROR] WebSocket connection to 'ws://localhost:8083/ws' failed: Error in connection establishment: net::ERR_CONNECTION_REFUSED @ http://localhost:8083/assets/workbook-runtime-jy8cebF1.js:0
[18061773ms] [ERROR] WebSocket connection to 'ws://localhost:8083/ws' failed: Error in connection establishment: net::ERR_CONNECTION_REFUSED @ http://localhost:8083/assets/workbook-runtime-jy8cebF1.js:0
[18076800ms] [ERROR] WebSocket connection to 'ws://localhost:8083/ws' failed: Error in connection establishment: net::ERR_CONNECTION_REFUSED @ http://localhost:8083/assets/workbook-runtime-jy8cebF1.js:0
[18091818ms] [ERROR] WebSocket connection to 'ws://localhost:8083/ws' failed: Error in connection establishment: net::ERR_CONNECTION_REFUSED @ http://localhost:8083/assets/workbook-runtime-jy8cebF1.js:0
[18106848ms] [ERROR] WebSocket connection to 'ws://localhost:8083/ws' failed: Error in connection establishment: net::ERR_CONNECTION_REFUSED @ http://localhost:8083/assets/workbook-runtime-jy8cebF1.js:0
[18121861ms] [ERROR] WebSocket connection to 'ws://localhost:8083/ws' failed: Error in connection establishment: net::ERR_CONNECTION_REFUSED @ http://localhost:8083/assets/workbook-runtime-jy8cebF1.js:0
[18136895ms] [ERROR] WebSocket connection to 'ws://localhost:8083/ws' failed: Error in connection establishment: net::ERR_CONNECTION_REFUSED @ http://localhost:8083/assets/workbook-runtime-jy8cebF1.js:0
[18151921ms] [ERROR] WebSocket connection to 'ws://localhost:8083/ws' failed: Error in connection establishment: net::ERR_CONNECTION_REFUSED @ http://localhost:8083/assets/workbook-runtime-jy8cebF1.js:0
[18166941ms] [ERROR] WebSocket connection to 'ws://localhost:8083/ws' failed: Error in connection establishment: net::ERR_CONNECTION_REFUSED @ http://localhost:8083/assets/workbook-runtime-jy8cebF1.js:0
[18181953ms] [ERROR] WebSocket connection to 'ws://localhost:8083/ws' failed: Error in connection establishment: net::ERR_CONNECTION_REFUSED @ http://localhost:8083/assets/workbook-runtime-jy8cebF1.js:0
[18196972ms] [ERROR] WebSocket connection to 'ws://localhost:8083/ws' failed: Error in connection establishment: net::ERR_CONNECTION_REFUSED @ http://localhost:8083/assets/workbook-runtime-jy8cebF1.js:0
[18211982ms] [ERROR] WebSocket connection to 'ws://localhost:8083/ws' failed: Error in connection establishment: net::ERR_CONNECTION_REFUSED @ http://localhost:8083/assets/workbook-runtime-jy8cebF1.js:0
[18227002ms] [ERROR] WebSocket connection to 'ws://localhost:8083/ws' failed: Error in connection establishment: net::ERR_CONNECTION_REFUSED @ http://localhost:8083/assets/workbook-runtime-jy8cebF1.js:0
[18242023ms] [ERROR] WebSocket connection to 'ws://localhost:8083/ws' failed: Error in connection establishment: net::ERR_CONNECTION_REFUSED @ http://localhost:8083/assets/workbook-runtime-jy8cebF1.js:0
[18257052ms] [ERROR] WebSocket connection to 'ws://localhost:8083/ws' failed: Error in connection establishment: net::ERR_CONNECTION_REFUSED @ http://localhost:8083/assets/workbook-runtime-jy8cebF1.js:0
[18272076ms] [ERROR] WebSocket connection to 'ws://localhost:8083/ws' failed: Error in connection establishment: net::ERR_CONNECTION_REFUSED @ http://localhost:8083/assets/workbook-runtime-jy8cebF1.js:0
[18287103ms] [ERROR] WebSocket connection to 'ws://localhost:8083/ws' failed: Error in connection establishment: net::ERR_CONNECTION_REFUSED @ http://localhost:8083/assets/workbook-runtime-jy8cebF1.js:0
[18302120ms] [ERROR] WebSocket connection to 'ws://localhost:8083/ws' failed: Error in connection establishment: net::ERR_CONNECTION_REFUSED @ http://localhost:8083/assets/workbook-runtime-jy8cebF1.js:0
[18317137ms] [ERROR] WebSocket connection to 'ws://localhost:8083/ws' failed: Error in connection establishment: net::ERR_CONNECTION_REFUSED @ http://localhost:8083/assets/workbook-runtime-jy8cebF1.js:0
[18332208ms] [ERROR] WebSocket connection to 'ws://localhost:8083/ws' failed: Error in connection establishment: net::ERR_CONNECTION_REFUSED @ http://localhost:8083/assets/workbook-runtime-jy8cebF1.js:0
[18347229ms] [ERROR] WebSocket connection to 'ws://localhost:8083/ws' failed: Error in connection establishment: net::ERR_CONNECTION_REFUSED @ http://localhost:8083/assets/workbook-runtime-jy8cebF1.js:0
[18362248ms] [ERROR] WebSocket connection to 'ws://localhost:8083/ws' failed: Error in connection establishment: net::ERR_CONNECTION_REFUSED @ http://localhost:8083/assets/workbook-runtime-jy8cebF1.js:0
[18377276ms] [ERROR] WebSocket connection to 'ws://localhost:8083/ws' failed: Error in connection establishment: net::ERR_CONNECTION_REFUSED @ http://localhost:8083/assets/workbook-runtime-jy8cebF1.js:0
[18392295ms] [ERROR] WebSocket connection to 'ws://localhost:8083/ws' failed: Error in connection establishment: net::ERR_CONNECTION_REFUSED @ http://localhost:8083/assets/workbook-runtime-jy8cebF1.js:0
[18407322ms] [ERROR] WebSocket connection to 'ws://localhost:8083/ws' failed: Error in connection establishment: net::ERR_CONNECTION_REFUSED @ http://localhost:8083/assets/workbook-runtime-jy8cebF1.js:0
[18422337ms] [ERROR] WebSocket connection to 'ws://localhost:8083/ws' failed: Error in connection establishment: net::ERR_CONNECTION_REFUSED @ http://localhost:8083/assets/workbook-runtime-jy8cebF1.js:0
[18437351ms] [ERROR] WebSocket connection to 'ws://localhost:8083/ws' failed: Error in connection establishment: net::ERR_CONNECTION_REFUSED @ http://localhost:8083/assets/workbook-runtime-jy8cebF1.js:0
[18452378ms] [ERROR] WebSocket connection to 'ws://localhost:8083/ws' failed: Error in connection establishment: net::ERR_CONNECTION_REFUSED @ http://localhost:8083/assets/workbook-runtime-jy8cebF1.js:0
[18467415ms] [ERROR] WebSocket connection to 'ws://localhost:8083/ws' failed: Error in connection establishment: net::ERR_CONNECTION_REFUSED @ http://localhost:8083/assets/workbook-runtime-jy8cebF1.js:0
[18482439ms] [ERROR] WebSocket connection to 'ws://localhost:8083/ws' failed: Error in connection establishment: net::ERR_CONNECTION_REFUSED @ http://localhost:8083/assets/workbook-runtime-jy8cebF1.js:0
[18497471ms] [ERROR] WebSocket connection to 'ws://localhost:8083/ws' failed: Error in connection establishment: net::ERR_CONNECTION_REFUSED @ http://localhost:8083/assets/workbook-runtime-jy8cebF1.js:0
[18512497ms] [ERROR] WebSocket connection to 'ws://localhost:8083/ws' failed: Error in connection establishment: net::ERR_CONNECTION_REFUSED @ http://localhost:8083/assets/workbook-runtime-jy8cebF1.js:0
[18527522ms] [ERROR] WebSocket connection to 'ws://localhost:8083/ws' failed: Error in connection establishment: net::ERR_CONNECTION_REFUSED @ http://localhost:8083/assets/workbook-runtime-jy8cebF1.js:0
[18542536ms] [ERROR] WebSocket connection to 'ws://localhost:8083/ws' failed: Error in connection establishment: net::ERR_CONNECTION_REFUSED @ http://localhost:8083/assets/workbook-runtime-jy8cebF1.js:0
[18557555ms] [ERROR] WebSocket connection to 'ws://localhost:8083/ws' failed: Error in connection establishment: net::ERR_CONNECTION_REFUSED @ http://localhost:8083/assets/workbook-runtime-jy8cebF1.js:0
[18572580ms] [ERROR] WebSocket connection to 'ws://localhost:8083/ws' failed: Error in connection establishment: net::ERR_CONNECTION_REFUSED @ http://localhost:8083/assets/workbook-runtime-jy8cebF1.js:0
[18587630ms] [ERROR] WebSocket connection to 'ws://localhost:8083/ws' failed: Error in connection establishment: net::ERR_CONNECTION_REFUSED @ http://localhost:8083/assets/workbook-runtime-jy8cebF1.js:0
[18602644ms] [ERROR] WebSocket connection to 'ws://localhost:8083/ws' failed: Error in connection establishment: net::ERR_CONNECTION_REFUSED @ http://localhost:8083/assets/workbook-runtime-jy8cebF1.js:0
[18617669ms] [ERROR] WebSocket connection to 'ws://localhost:8083/ws' failed: Error in connection establishment: net::ERR_CONNECTION_REFUSED @ http://localhost:8083/assets/workbook-runtime-jy8cebF1.js:0
[18632687ms] [ERROR] WebSocket connection to 'ws://localhost:8083/ws' failed: Error in connection establishment: net::ERR_CONNECTION_REFUSED @ http://localhost:8083/assets/workbook-runtime-jy8cebF1.js:0
[18647718ms] [ERROR] WebSocket connection to 'ws://localhost:8083/ws' failed: Error in connection establishment: net::ERR_CONNECTION_REFUSED @ http://localhost:8083/assets/workbook-runtime-jy8cebF1.js:0
[18662749ms] [ERROR] WebSocket connection to 'ws://localhost:8083/ws' failed: Error in connection establishment: net::ERR_CONNECTION_REFUSED @ http://localhost:8083/assets/workbook-runtime-jy8cebF1.js:0
[18677775ms] [ERROR] WebSocket connection to 'ws://localhost:8083/ws' failed: Error in connection establishment: net::ERR_CONNECTION_REFUSED @ http://localhost:8083/assets/workbook-runtime-jy8cebF1.js:0
[18692811ms] [ERROR] WebSocket connection to 'ws://localhost:8083/ws' failed: Error in connection establishment: net::ERR_CONNECTION_REFUSED @ http://localhost:8083/assets/workbook-runtime-jy8cebF1.js:0
[18707829ms] [ERROR] WebSocket connection to 'ws://localhost:8083/ws' failed: Error in connection establishment: net::ERR_CONNECTION_REFUSED @ http://localhost:8083/assets/workbook-runtime-jy8cebF1.js:0
[18722847ms] [ERROR] WebSocket connection to 'ws://localhost:8083/ws' failed: Error in connection establishment: net::ERR_CONNECTION_REFUSED @ http://localhost:8083/assets/workbook-runtime-jy8cebF1.js:0
[18737866ms] [ERROR] WebSocket connection to 'ws://localhost:8083/ws' failed: Error in connection establishment: net::ERR_CONNECTION_REFUSED @ http://localhost:8083/assets/workbook-runtime-jy8cebF1.js:0
[18752914ms] [ERROR] WebSocket connection to 'ws://localhost:8083/ws' failed: Error in connection establishment: net::ERR_CONNECTION_REFUSED @ http://localhost:8083/assets/workbook-runtime-jy8cebF1.js:0
[18767934ms] [ERROR] WebSocket connection to 'ws://localhost:8083/ws' failed: Error in connection establishment: net::ERR_CONNECTION_REFUSED @ http://localhost:8083/assets/workbook-runtime-jy8cebF1.js:0
[18782956ms] [ERROR] WebSocket connection to 'ws://localhost:8083/ws' failed: Error in connection establishment: net::ERR_CONNECTION_REFUSED @ http://localhost:8083/assets/workbook-runtime-jy8cebF1.js:0
[18797969ms] [ERROR] WebSocket connection to 'ws://localhost:8083/ws' failed: Error in connection establishment: net::ERR_CONNECTION_REFUSED @ http://localhost:8083/assets/workbook-runtime-jy8cebF1.js:0
[18812981ms] [ERROR] WebSocket connection to 'ws://localhost:8083/ws' failed: Error in connection establishment: net::ERR_CONNECTION_REFUSED @ http://localhost:8083/assets/workbook-runtime-jy8cebF1.js:0
[18827993ms] [ERROR] WebSocket connection to 'ws://localhost:8083/ws' failed: Error in connection establishment: net::ERR_CONNECTION_REFUSED @ http://localhost:8083/assets/workbook-runtime-jy8cebF1.js:0
[18843008ms] [ERROR] WebSocket connection to 'ws://localhost:8083/ws' failed: Error in connection establishment: net::ERR_CONNECTION_REFUSED @ http://localhost:8083/assets/workbook-runtime-jy8cebF1.js:0
[18858030ms] [ERROR] WebSocket connection to 'ws://localhost:8083/ws' failed: Error in connection establishment: net::ERR_CONNECTION_REFUSED @ http://localhost:8083/assets/workbook-runtime-jy8cebF1.js:0
[18873049ms] [ERROR] WebSocket connection to 'ws://localhost:8083/ws' failed: Error in connection establishment: net::ERR_CONNECTION_REFUSED @ http://localhost:8083/assets/workbook-runtime-jy8cebF1.js:0
[18888084ms] [ERROR] WebSocket connection to 'ws://localhost:8083/ws' failed: Error in connection establishment: net::ERR_CONNECTION_REFUSED @ http://localhost:8083/assets/workbook-runtime-jy8cebF1.js:0
[18903103ms] [ERROR] WebSocket connection to 'ws://localhost:8083/ws' failed: Error in connection establishment: net::ERR_CONNECTION_REFUSED @ http://localhost:8083/assets/workbook-runtime-jy8cebF1.js:0
[18918119ms] [ERROR] WebSocket connection to 'ws://localhost:8083/ws' failed: Error in connection establishment: net::ERR_CONNECTION_REFUSED @ http://localhost:8083/assets/workbook-runtime-jy8cebF1.js:0
[18933136ms] [ERROR] WebSocket connection to 'ws://localhost:8083/ws' failed: Error in connection establishment: net::ERR_CONNECTION_REFUSED @ http://localhost:8083/assets/workbook-runtime-jy8cebF1.js:0
[18948154ms] [ERROR] WebSocket connection to 'ws://localhost:8083/ws' failed: Error in connection establishment: net::ERR_CONNECTION_REFUSED @ http://localhost:8083/assets/workbook-runtime-jy8cebF1.js:0
[18963165ms] [ERROR] WebSocket connection to 'ws://localhost:8083/ws' failed: Error in connection establishment: net::ERR_CONNECTION_REFUSED @ http://localhost:8083/assets/workbook-runtime-jy8cebF1.js:0
[18978181ms] [ERROR] WebSocket connection to 'ws://localhost:8083/ws' failed: Error in connection establishment: net::ERR_CONNECTION_REFUSED @ http://localhost:8083/assets/workbook-runtime-jy8cebF1.js:0
[18993210ms] [ERROR] WebSocket connection to 'ws://localhost:8083/ws' failed: Error in connection establishment: net::ERR_CONNECTION_REFUSED @ http://localhost:8083/assets/workbook-runtime-jy8cebF1.js:0
[19008233ms] [ERROR] WebSocket connection to 'ws://localhost:8083/ws' failed: Error in connection establishment: net::ERR_CONNECTION_REFUSED @ http://localhost:8083/assets/workbook-runtime-jy8cebF1.js:0
[19023243ms] [ERROR] WebSocket connection to 'ws://localhost:8083/ws' failed: Error in connection establishment: net::ERR_CONNECTION_REFUSED @ http://localhost:8083/assets/workbook-runtime-jy8cebF1.js:0
